dimension,function,algorithm_internal,run,best_cost
1000,f1_sphere,Original PSO,0,3815709.369280589
1000,f1_sphere,Original PSO,1,3935859.0230704127
1000,f1_sphere,Original PSO,2,3672846.012162444
1000,f1_sphere,Original PSO,3,3720937.3657051586
1000,f1_sphere,Original PSO,4,3972221.5420274055
1000,f1_sphere,Original PSO,5,3895609.085355313
1000,f1_sphere,Original PSO,6,3898303.697955
1000,f1_sphere,Original PSO,7,3670886.8075174056
1000,f1_sphere,Original PSO,8,4107836.021022969
1000,f1_sphere,Original PSO,9,3576010.2626993046
1000,f1_sphere,Original PSO,10,3996795.528721991
1000,f1_sphere,Original PSO,11,3962678.609653496
1000,f1_sphere,Original PSO,12,3780481.067079195
1000,f1_sphere,Original PSO,13,3686960.883603967
1000,f1_sphere,Original PSO,14,3899566.572142205
1000,f1_sphere,Original PSO,15,3869454.8598472797
1000,f1_sphere,Original PSO,16,3853325.7332727294
1000,f1_sphere,Original PSO,17,4071457.374746496
1000,f1_sphere,Original PSO,18,3586316.507942818
1000,f1_sphere,Original PSO,19,3733373.974381716
1000,f1_sphere,PSO-m,0,2285732.2928414047
1000,f1_sphere,PSO-m,1,2178162.965895994
1000,f1_sphere,PSO-m,2,1991572.2725700177
1000,f1_sphere,PSO-m,3,2147876.253468342
1000,f1_sphere,PSO-m,4,2056583.428981733
1000,f1_sphere,PSO-m,5,2230349.5619667387
1000,f1_sphere,PSO-m,6,2110384.630480582
1000,f1_sphere,PSO-m,7,2158719.4098185115
1000,f1_sphere,PSO-m,8,2263858.6033103047
1000,f1_sphere,PSO-m,9,2180866.8548275223
1000,f1_sphere,PSO-m,10,2175229.6865854017
1000,f1_sphere,PSO-m,11,2147703.5273873964
1000,f1_sphere,PSO-m,12,2142129.45930831
1000,f1_sphere,PSO-m,13,2231331.3262592205
1000,f1_sphere,PSO-m,14,1951316.7476217877
1000,f1_sphere,PSO-m,15,2247292.970507201
1000,f1_sphere,PSO-m,16,2121177.146387673
1000,f1_sphere,PSO-m,17,2145591.877006149
1000,f1_sphere,PSO-m,18,2183503.64504698
1000,f1_sphere,PSO-m,19,2306517.6508544153
1000,f1_sphere,PSO-RIW,0,3814980.4695144333
1000,f1_sphere,PSO-RIW,1,3721273.252465617
1000,f1_sphere,PSO-RIW,2,3507941.3418444735
1000,f1_sphere,PSO-RIW,3,3616131.5283501367
1000,f1_sphere,PSO-RIW,4,3676385.4949872172
1000,f1_sphere,PSO-RIW,5,3770771.8191129817
1000,f1_sphere,PSO-RIW,6,3528637.286662272
1000,f1_sphere,PSO-RIW,7,3232220.5177472783
1000,f1_sphere,PSO-RIW,8,3585109.97929468
1000,f1_sphere,PSO-RIW,9,3314824.0277633034
1000,f1_sphere,PSO-RIW,10,3715407.1502021886
1000,f1_sphere,PSO-RIW,11,3937491.949204267
1000,f1_sphere,PSO-RIW,12,3557941.9568096288
1000,f1_sphere,PSO-RIW,13,3452442.328788412
1000,f1_sphere,PSO-RIW,14,3633145.925435559
1000,f1_sphere,PSO-RIW,15,3774348.0299435193
1000,f1_sphere,PSO-RIW,16,3746046.4024269134
1000,f1_sphere,PSO-RIW,17,3856353.8973432425
1000,f1_sphere,PSO-RIW,18,3626431.2198430104
1000,f1_sphere,PSO-RIW,19,4153356.089985357
1000,f1_sphere,HPPSO_Modified,0,1196939.7841502083
1000,f1_sphere,HPPSO_Modified,1,1419632.7813463272
1000,f1_sphere,HPPSO_Modified,2,1249985.7059047872
1000,f1_sphere,HPPSO_Modified,3,1396007.8738576258
1000,f1_sphere,HPPSO_Modified,4,1398880.863224849
1000,f1_sphere,HPPSO_Modified,5,1236454.2467455673
1000,f1_sphere,HPPSO_Modified,6,1301019.188147449
1000,f1_sphere,HPPSO_Modified,7,1258373.5041931365
1000,f1_sphere,HPPSO_Modified,8,1229909.3181010368
1000,f1_sphere,HPPSO_Modified,9,1321424.4006107564
1000,f1_sphere,HPPSO_Modified,10,1263827.1068830318
1000,f1_sphere,HPPSO_Modified,11,1316533.29319102
1000,f1_sphere,HPPSO_Modified,12,1283291.9325824673
1000,f1_sphere,HPPSO_Modified,13,1282736.88904299
1000,f1_sphere,HPPSO_Modified,14,1169055.9664225918
1000,f1_sphere,HPPSO_Modified,15,1360815.968558352
1000,f1_sphere,HPPSO_Modified,16,1374906.9739817325
1000,f1_sphere,HPPSO_Modified,17,1590749.9419226001
1000,f1_sphere,HPPSO_Modified,18,1164814.389534928
1000,f1_sphere,HPPSO_Modified,19,1220917.6632223653
1000,f1_sphere,GA-MPC,0,2786088.527032366
1000,f1_sphere,GA-MPC,1,2847149.6009516045
1000,f1_sphere,GA-MPC,2,2982428.1825306346
1000,f1_sphere,GA-MPC,3,2747642.965716509
1000,f1_sphere,GA-MPC,4,2979753.283874204
1000,f1_sphere,GA-MPC,5,2742018.7478484684
1000,f1_sphere,GA-MPC,6,2964488.5853200248
1000,f1_sphere,GA-MPC,7,3110764.65865586
1000,f1_sphere,GA-MPC,8,2889829.644374348
1000,f1_sphere,GA-MPC,9,2840164.294609529
1000,f1_sphere,GA-MPC,10,2905415.6344193667
1000,f1_sphere,GA-MPC,11,3005105.3102081073
1000,f1_sphere,GA-MPC,12,2920728.7118545095
1000,f1_sphere,GA-MPC,13,2835965.841028099
1000,f1_sphere,GA-MPC,14,2872805.100345968
1000,f1_sphere,GA-MPC,15,3060885.986148551
1000,f1_sphere,GA-MPC,16,2760760.8991859285
1000,f1_sphere,GA-MPC,17,2740192.1851891843
1000,f1_sphere,GA-MPC,18,2879158.1456351588
1000,f1_sphere,GA-MPC,19,2803729.3291993826
1000,f1_sphere,GWO,0,2198012.9720924916
1000,f1_sphere,GWO,1,2262340.3165504728
1000,f1_sphere,GWO,2,2151185.0651839213
1000,f1_sphere,GWO,3,2244181.7361748014
1000,f1_sphere,GWO,4,2206181.4313159976
1000,f1_sphere,GWO,5,2228771.310465573
1000,f1_sphere,GWO,6,2200831.756091077
1000,f1_sphere,GWO,7,2229677.1941974303
1000,f1_sphere,GWO,8,2248810.1847400437
1000,f1_sphere,GWO,9,2252505.1976990816
1000,f1_sphere,GWO,10,2203120.3587005297
1000,f1_sphere,GWO,11,2247628.476191638
1000,f1_sphere,GWO,12,2272125.697725321
1000,f1_sphere,GWO,13,2174473.2236706293
1000,f1_sphere,GWO,14,2269289.180455543
1000,f1_sphere,GWO,15,2200431.137964848
1000,f1_sphere,GWO,16,2270570.7203511233
1000,f1_sphere,GWO,17,2218591.8798326235
1000,f1_sphere,GWO,18,2261001.7505281363
1000,f1_sphere,GWO,19,2206499.453228674
1000,f1_sphere,SHADE,0,1980981.6716326177
1000,f1_sphere,SHADE,1,2162307.7523063817
1000,f1_sphere,SHADE,2,2140723.8978501447
1000,f1_sphere,SHADE,3,2113279.035698098
1000,f1_sphere,SHADE,4,1991933.7566639949
1000,f1_sphere,SHADE,5,2271390.76224879
1000,f1_sphere,SHADE,6,2239214.5595174087
1000,f1_sphere,SHADE,7,2053241.8774833106
1000,f1_sphere,SHADE,8,2134621.2582674366
1000,f1_sphere,SHADE,9,2047288.2227668404
1000,f1_sphere,SHADE,10,2069744.9424709335
1000,f1_sphere,SHADE,11,1866503.3400012492
1000,f1_sphere,SHADE,12,1984958.5730141113
1000,f1_sphere,SHADE,13,2143180.191622928
1000,f1_sphere,SHADE,14,1949589.3235288225
1000,f1_sphere,SHADE,15,2054646.171544852
1000,f1_sphere,SHADE,16,2080164.9875087622
1000,f1_sphere,SHADE,17,2137376.9672165154
1000,f1_sphere,SHADE,18,2142748.08764226
1000,f1_sphere,SHADE,19,2046981.795632784
1000,f1_sphere,CSA,0,4350954.447474943
1000,f1_sphere,CSA,1,3692562.9040811993
1000,f1_sphere,CSA,2,4407483.451173259
1000,f1_sphere,CSA,3,3666907.16485744
1000,f1_sphere,CSA,4,3721737.5002171933
1000,f1_sphere,CSA,5,3976057.553476006
1000,f1_sphere,CSA,6,4627783.227508569
1000,f1_sphere,CSA,7,3870442.610530329
1000,f1_sphere,CSA,8,4176739.035124764
1000,f1_sphere,CSA,9,3540307.8371695653
1000,f1_sphere,CSA,10,4757735.747185186
1000,f1_sphere,CSA,11,4983440.595373107
1000,f1_sphere,CSA,12,4632451.227371462
1000,f1_sphere,CSA,13,5095506.44075376
1000,f1_sphere,CSA,14,4258682.244902653
1000,f1_sphere,CSA,15,4508837.839870728
1000,f1_sphere,CSA,16,3845476.8510864796
1000,f1_sphere,CSA,17,4023488.280988808
1000,f1_sphere,CSA,18,4434828.249204446
1000,f1_sphere,CSA,19,3943359.4364411663
1000,f1_sphere,CMAES,0,89544.487566904
1000,f1_sphere,CMAES,1,92916.54484626418
1000,f1_sphere,CMAES,2,87184.63601558472
1000,f1_sphere,CMAES,3,95809.0056239197
1000,f1_sphere,CMAES,4,96540.14382140344
1000,f1_sphere,CMAES,5,96589.43817104286
1000,f1_sphere,CMAES,6,95979.23984189113
1000,f1_sphere,CMAES,7,91338.43486988073
1000,f1_sphere,CMAES,8,85040.30274667015
1000,f1_sphere,CMAES,9,105386.64760450178
1000,f1_sphere,CMAES,10,100628.55671735408
1000,f1_sphere,CMAES,11,96629.73379291114
1000,f1_sphere,CMAES,12,91053.68179276443
1000,f1_sphere,CMAES,13,90279.409556445
1000,f1_sphere,CMAES,14,103566.32664766203
1000,f1_sphere,CMAES,15,102698.05541958199
1000,f1_sphere,CMAES,16,114232.93586957752
1000,f1_sphere,CMAES,17,100176.81406101155
1000,f1_sphere,CMAES,18,103427.0828327327
1000,f1_sphere,CMAES,19,94255.33168000923
1000,f2_schwefel_2_22,Original PSO,0,1.0142320547350045e+304
1000,f2_schwefel_2_22,Original PSO,1,1.0142320547350045e+304
1000,f2_schwefel_2_22,Original PSO,2,1.0142320547350045e+304
1000,f2_schwefel_2_22,Original PSO,3,1.0142320547350045e+304
1000,f2_schwefel_2_22,Original PSO,4,1.0142320547350045e+304
1000,f2_schwefel_2_22,Original PSO,5,1.0142320547350045e+304
1000,f2_schwefel_2_22,Original PSO,6,1.0142320547350045e+304
1000,f2_schwefel_2_22,Original PSO,7,1.0142320547350045e+304
1000,f2_schwefel_2_22,Original PSO,8,1.0142320547350045e+304
1000,f2_schwefel_2_22,Original PSO,9,1.0142320547350045e+304
1000,f2_schwefel_2_22,Original PSO,10,1.0142320547350045e+304
1000,f2_schwefel_2_22,Original PSO,11,1.0142320547350045e+304
1000,f2_schwefel_2_22,Original PSO,12,1.0142320547350045e+304
1000,f2_schwefel_2_22,Original PSO,13,1.0142320547350045e+304
1000,f2_schwefel_2_22,Original PSO,14,1.0142320547350045e+304
1000,f2_schwefel_2_22,Original PSO,15,1.0142320547350045e+304
1000,f2_schwefel_2_22,Original PSO,16,1.0142320547350045e+304
1000,f2_schwefel_2_22,Original PSO,17,1.0142320547350045e+304
1000,f2_schwefel_2_22,Original PSO,18,1.0142320547350045e+304
1000,f2_schwefel_2_22,Original PSO,19,1.0142320547350045e+304
1000,f2_schwefel_2_22,PSO-m,0,1.0142320547350045e+304
1000,f2_schwefel_2_22,PSO-m,1,1.0142320547350045e+304
1000,f2_schwefel_2_22,PSO-m,2,1.0142320547350045e+304
1000,f2_schwefel_2_22,PSO-m,3,1.0142320547350045e+304
1000,f2_schwefel_2_22,PSO-m,4,1.0142320547350045e+304
1000,f2_schwefel_2_22,PSO-m,5,1.0142320547350045e+304
1000,f2_schwefel_2_22,PSO-m,6,1.0142320547350045e+304
1000,f2_schwefel_2_22,PSO-m,7,1.0142320547350045e+304
1000,f2_schwefel_2_22,PSO-m,8,1.0142320547350045e+304
1000,f2_schwefel_2_22,PSO-m,9,1.0142320547350045e+304
1000,f2_schwefel_2_22,PSO-m,10,1.0142320547350045e+304
1000,f2_schwefel_2_22,PSO-m,11,1.0142320547350045e+304
1000,f2_schwefel_2_22,PSO-m,12,1.0142320547350045e+304
1000,f2_schwefel_2_22,PSO-m,13,1.0142320547350045e+304
1000,f2_schwefel_2_22,PSO-m,14,1.0142320547350045e+304
1000,f2_schwefel_2_22,PSO-m,15,1.0142320547350045e+304
1000,f2_schwefel_2_22,PSO-m,16,1.0142320547350045e+304
1000,f2_schwefel_2_22,PSO-m,17,1.0142320547350045e+304
1000,f2_schwefel_2_22,PSO-m,18,1.0142320547350045e+304
1000,f2_schwefel_2_22,PSO-m,19,1.0142320547350045e+304
1000,f2_schwefel_2_22,PSO-RIW,0,1.0142320547350045e+304
1000,f2_schwefel_2_22,PSO-RIW,1,1.0142320547350045e+304
1000,f2_schwefel_2_22,PSO-RIW,2,1.0142320547350045e+304
1000,f2_schwefel_2_22,PSO-RIW,3,1.0142320547350045e+304
1000,f2_schwefel_2_22,PSO-RIW,4,1.0142320547350045e+304
1000,f2_schwefel_2_22,PSO-RIW,5,1.0142320547350045e+304
1000,f2_schwefel_2_22,PSO-RIW,6,1.0142320547350045e+304
1000,f2_schwefel_2_22,PSO-RIW,7,1.0142320547350045e+304
1000,f2_schwefel_2_22,PSO-RIW,8,1.0142320547350045e+304
1000,f2_schwefel_2_22,PSO-RIW,9,1.0142320547350045e+304
1000,f2_schwefel_2_22,PSO-RIW,10,1.0142320547350045e+304
1000,f2_schwefel_2_22,PSO-RIW,11,1.0142320547350045e+304
1000,f2_schwefel_2_22,PSO-RIW,12,1.0142320547350045e+304
1000,f2_schwefel_2_22,PSO-RIW,13,1.0142320547350045e+304
1000,f2_schwefel_2_22,PSO-RIW,14,1.0142320547350045e+304
1000,f2_schwefel_2_22,PSO-RIW,15,1.0142320547350045e+304
1000,f2_schwefel_2_22,PSO-RIW,16,1.0142320547350045e+304
1000,f2_schwefel_2_22,PSO-RIW,17,1.0142320547350045e+304
1000,f2_schwefel_2_22,PSO-RIW,18,1.0142320547350045e+304
1000,f2_schwefel_2_22,PSO-RIW,19,1.0142320547350045e+304
1000,f2_schwefel_2_22,HPPSO_Modified,0,1.0142320547350045e+304
1000,f2_schwefel_2_22,HPPSO_Modified,1,1.0142320547350045e+304
1000,f2_schwefel_2_22,HPPSO_Modified,2,1.0142320547350045e+304
1000,f2_schwefel_2_22,HPPSO_Modified,3,1.0142320547350045e+304
1000,f2_schwefel_2_22,HPPSO_Modified,4,1.0142320547350045e+304
1000,f2_schwefel_2_22,HPPSO_Modified,5,1.0142320547350045e+304
1000,f2_schwefel_2_22,HPPSO_Modified,6,1.0142320547350045e+304
1000,f2_schwefel_2_22,HPPSO_Modified,7,1.0142320547350045e+304
1000,f2_schwefel_2_22,HPPSO_Modified,8,1.0142320547350045e+304
1000,f2_schwefel_2_22,HPPSO_Modified,9,1.0142320547350045e+304
1000,f2_schwefel_2_22,HPPSO_Modified,10,1.0142320547350045e+304
1000,f2_schwefel_2_22,HPPSO_Modified,11,1.0142320547350045e+304
1000,f2_schwefel_2_22,HPPSO_Modified,12,1.0142320547350045e+304
1000,f2_schwefel_2_22,HPPSO_Modified,13,1.0142320547350045e+304
1000,f2_schwefel_2_22,HPPSO_Modified,14,1.0142320547350045e+304
1000,f2_schwefel_2_22,HPPSO_Modified,15,1.0142320547350045e+304
1000,f2_schwefel_2_22,HPPSO_Modified,16,1.0142320547350045e+304
1000,f2_schwefel_2_22,HPPSO_Modified,17,1.0142320547350045e+304
1000,f2_schwefel_2_22,HPPSO_Modified,18,1.0142320547350045e+304
1000,f2_schwefel_2_22,HPPSO_Modified,19,1.0142320547350045e+304
1000,f2_schwefel_2_22,GA-MPC,0,1.0142320547350045e+304
1000,f2_schwefel_2_22,GA-MPC,1,1.0142320547350045e+304
1000,f2_schwefel_2_22,GA-MPC,2,1.0142320547350045e+304
1000,f2_schwefel_2_22,GA-MPC,3,1.0142320547350045e+304
1000,f2_schwefel_2_22,GA-MPC,4,1.0142320547350045e+304
1000,f2_schwefel_2_22,GA-MPC,5,1.0142320547350045e+304
1000,f2_schwefel_2_22,GA-MPC,6,1.0142320547350045e+304
1000,f2_schwefel_2_22,GA-MPC,7,1.0142320547350045e+304
1000,f2_schwefel_2_22,GA-MPC,8,1.0142320547350045e+304
1000,f2_schwefel_2_22,GA-MPC,9,1.0142320547350045e+304
1000,f2_schwefel_2_22,GA-MPC,10,1.0142320547350045e+304
1000,f2_schwefel_2_22,GA-MPC,11,1.0142320547350045e+304
1000,f2_schwefel_2_22,GA-MPC,12,1.0142320547350045e+304
1000,f2_schwefel_2_22,GA-MPC,13,1.0142320547350045e+304
1000,f2_schwefel_2_22,GA-MPC,14,1.0142320547350045e+304
1000,f2_schwefel_2_22,GA-MPC,15,1.0142320547350045e+304
1000,f2_schwefel_2_22,GA-MPC,16,1.0142320547350045e+304
1000,f2_schwefel_2_22,GA-MPC,17,1.0142320547350045e+304
1000,f2_schwefel_2_22,GA-MPC,18,1.0142320547350045e+304
1000,f2_schwefel_2_22,GA-MPC,19,1.0142320547350045e+304
1000,f2_schwefel_2_22,GWO,0,1.0142320547350045e+304
1000,f2_schwefel_2_22,GWO,1,1.0142320547350045e+304
1000,f2_schwefel_2_22,GWO,2,1.0142320547350045e+304
1000,f2_schwefel_2_22,GWO,3,1.0142320547350045e+304
1000,f2_schwefel_2_22,GWO,4,1.0142320547350045e+304
1000,f2_schwefel_2_22,GWO,5,1.0142320547350045e+304
1000,f2_schwefel_2_22,GWO,6,1.0142320547350045e+304
1000,f2_schwefel_2_22,GWO,7,1.0142320547350045e+304
1000,f2_schwefel_2_22,GWO,8,1.0142320547350045e+304
1000,f2_schwefel_2_22,GWO,9,1.0142320547350045e+304
1000,f2_schwefel_2_22,GWO,10,1.0142320547350045e+304
1000,f2_schwefel_2_22,GWO,11,1.0142320547350045e+304
1000,f2_schwefel_2_22,GWO,12,1.0142320547350045e+304
1000,f2_schwefel_2_22,GWO,13,1.0142320547350045e+304
1000,f2_schwefel_2_22,GWO,14,1.0142320547350045e+304
1000,f2_schwefel_2_22,GWO,15,1.0142320547350045e+304
1000,f2_schwefel_2_22,GWO,16,1.0142320547350045e+304
1000,f2_schwefel_2_22,GWO,17,1.0142320547350045e+304
1000,f2_schwefel_2_22,GWO,18,1.0142320547350045e+304
1000,f2_schwefel_2_22,GWO,19,1.0142320547350045e+304
1000,f2_schwefel_2_22,SHADE,0,1.0142320547350045e+304
1000,f2_schwefel_2_22,SHADE,1,1.0142320547350045e+304
1000,f2_schwefel_2_22,SHADE,2,1.0142320547350045e+304
1000,f2_schwefel_2_22,SHADE,3,1.0142320547350045e+304
1000,f2_schwefel_2_22,SHADE,4,1.0142320547350045e+304
1000,f2_schwefel_2_22,SHADE,5,1.0142320547350045e+304
1000,f2_schwefel_2_22,SHADE,6,1.0142320547350045e+304
1000,f2_schwefel_2_22,SHADE,7,1.0142320547350045e+304
1000,f2_schwefel_2_22,SHADE,8,1.0142320547350045e+304
1000,f2_schwefel_2_22,SHADE,9,1.0142320547350045e+304
1000,f2_schwefel_2_22,SHADE,10,1.0142320547350045e+304
1000,f2_schwefel_2_22,SHADE,11,1.0142320547350045e+304
1000,f2_schwefel_2_22,SHADE,12,1.0142320547350045e+304
1000,f2_schwefel_2_22,SHADE,13,1.0142320547350045e+304
1000,f2_schwefel_2_22,SHADE,14,1.0142320547350045e+304
1000,f2_schwefel_2_22,SHADE,15,1.0142320547350045e+304
1000,f2_schwefel_2_22,SHADE,16,1.0142320547350045e+304
1000,f2_schwefel_2_22,SHADE,17,1.0142320547350045e+304
1000,f2_schwefel_2_22,SHADE,18,1.0142320547350045e+304
1000,f2_schwefel_2_22,SHADE,19,1.0142320547350045e+304
1000,f2_schwefel_2_22,CSA,0,1.0142320547350045e+304
1000,f2_schwefel_2_22,CSA,1,1.0142320547350045e+304
1000,f2_schwefel_2_22,CSA,2,1.0142320547350045e+304
1000,f2_schwefel_2_22,CSA,3,1.0142320547350045e+304
1000,f2_schwefel_2_22,CSA,4,1.0142320547350045e+304
1000,f2_schwefel_2_22,CSA,5,1.0142320547350045e+304
1000,f2_schwefel_2_22,CSA,6,1.0142320547350045e+304
1000,f2_schwefel_2_22,CSA,7,1.0142320547350045e+304
1000,f2_schwefel_2_22,CSA,8,1.0142320547350045e+304
1000,f2_schwefel_2_22,CSA,9,1.0142320547350045e+304
1000,f2_schwefel_2_22,CSA,10,1.0142320547350045e+304
1000,f2_schwefel_2_22,CSA,11,1.0142320547350045e+304
1000,f2_schwefel_2_22,CSA,12,1.0142320547350045e+304
1000,f2_schwefel_2_22,CSA,13,1.0142320547350045e+304
1000,f2_schwefel_2_22,CSA,14,1.0142320547350045e+304
1000,f2_schwefel_2_22,CSA,15,1.0142320547350045e+304
1000,f2_schwefel_2_22,CSA,16,1.0142320547350045e+304
1000,f2_schwefel_2_22,CSA,17,1.0142320547350045e+304
1000,f2_schwefel_2_22,CSA,18,1.0142320547350045e+304
1000,f2_schwefel_2_22,CSA,19,1.0142320547350045e+304
1000,f2_schwefel_2_22,CMAES,0,1.0142320547350045e+304
1000,f2_schwefel_2_22,CMAES,1,1.0142320547350045e+304
1000,f2_schwefel_2_22,CMAES,2,1.0142320547350045e+304
1000,f2_schwefel_2_22,CMAES,3,1.0142320547350045e+304
1000,f2_schwefel_2_22,CMAES,4,1.0142320547350045e+304
1000,f2_schwefel_2_22,CMAES,5,1.0142320547350045e+304
1000,f2_schwefel_2_22,CMAES,6,1.0142320547350045e+304
1000,f2_schwefel_2_22,CMAES,7,1.0142320547350045e+304
1000,f2_schwefel_2_22,CMAES,8,1.0142320547350045e+304
1000,f2_schwefel_2_22,CMAES,9,1.0142320547350045e+304
1000,f2_schwefel_2_22,CMAES,10,1.0142320547350045e+304
1000,f2_schwefel_2_22,CMAES,11,1.0142320547350045e+304
1000,f2_schwefel_2_22,CMAES,12,1.0142320547350045e+304
1000,f2_schwefel_2_22,CMAES,13,1.0142320547350045e+304
1000,f2_schwefel_2_22,CMAES,14,1.0142320547350045e+304
1000,f2_schwefel_2_22,CMAES,15,1.0142320547350045e+304
1000,f2_schwefel_2_22,CMAES,16,1.0142320547350045e+304
1000,f2_schwefel_2_22,CMAES,17,1.0142320547350045e+304
1000,f2_schwefel_2_22,CMAES,18,1.0142320547350045e+304
1000,f2_schwefel_2_22,CMAES,19,1.0142320547350045e+304
1000,f3_zakharov,Original PSO,0,7993906.111972323
1000,f3_zakharov,Original PSO,1,7490937.046050977
1000,f3_zakharov,Original PSO,2,7614109.152013689
1000,f3_zakharov,Original PSO,3,6559900.859657225
1000,f3_zakharov,Original PSO,4,7768944.913813048
1000,f3_zakharov,Original PSO,5,6400644.584275583
1000,f3_zakharov,Original PSO,6,8397427.917163149
1000,f3_zakharov,Original PSO,7,6609692.781863835
1000,f3_zakharov,Original PSO,8,8017471.018390027
1000,f3_zakharov,Original PSO,9,8199638.384038697
1000,f3_zakharov,Original PSO,10,8975376.134120371
1000,f3_zakharov,Original PSO,11,8663197.655155785
1000,f3_zakharov,Original PSO,12,9076480.094799977
1000,f3_zakharov,Original PSO,13,6288719.946381788
1000,f3_zakharov,Original PSO,14,6343277.97274701
1000,f3_zakharov,Original PSO,15,7312052.951762653
1000,f3_zakharov,Original PSO,16,6926585.663214141
1000,f3_zakharov,Original PSO,17,6499587.304175093
1000,f3_zakharov,Original PSO,18,6685876.311404769
1000,f3_zakharov,Original PSO,19,6716357.042485534
1000,f3_zakharov,PSO-m,0,7194869.718988105
1000,f3_zakharov,PSO-m,1,7018674.732349464
1000,f3_zakharov,PSO-m,2,7492853.398228361
1000,f3_zakharov,PSO-m,3,7982780.2026736345
1000,f3_zakharov,PSO-m,4,6628596.214182456
1000,f3_zakharov,PSO-m,5,6923309.8675224045
1000,f3_zakharov,PSO-m,6,7832219.225489736
1000,f3_zakharov,PSO-m,7,6409637.446644972
1000,f3_zakharov,PSO-m,8,9415931.985055191
1000,f3_zakharov,PSO-m,9,8134514.126646506
1000,f3_zakharov,PSO-m,10,6616603.566040658
1000,f3_zakharov,PSO-m,11,7737330.20830404
1000,f3_zakharov,PSO-m,12,7134523.417836098
1000,f3_zakharov,PSO-m,13,8269975.676044753
1000,f3_zakharov,PSO-m,14,7947656.37042566
1000,f3_zakharov,PSO-m,15,7637017.541377193
1000,f3_zakharov,PSO-m,16,9123741.813660292
1000,f3_zakharov,PSO-m,17,7746508.6578173665
1000,f3_zakharov,PSO-m,18,6935344.884082291
1000,f3_zakharov,PSO-m,19,8580002.885246234
1000,f3_zakharov,PSO-RIW,0,7161599.071692459
1000,f3_zakharov,PSO-RIW,1,6057531.033842032
1000,f3_zakharov,PSO-RIW,2,7597946.89696006
1000,f3_zakharov,PSO-RIW,3,7665395.340124657
1000,f3_zakharov,PSO-RIW,4,7024265.786013543
1000,f3_zakharov,PSO-RIW,5,9451556.391166974
1000,f3_zakharov,PSO-RIW,6,6709748.487769186
1000,f3_zakharov,PSO-RIW,7,8205387.685018889
1000,f3_zakharov,PSO-RIW,8,7126120.03379626
1000,f3_zakharov,PSO-RIW,9,7187225.2011749875
1000,f3_zakharov,PSO-RIW,10,6735181.268129874
1000,f3_zakharov,PSO-RIW,11,8663004.420938227
1000,f3_zakharov,PSO-RIW,12,8715651.480020152
1000,f3_zakharov,PSO-RIW,13,8152669.114664812
1000,f3_zakharov,PSO-RIW,14,7715961.352356981
1000,f3_zakharov,PSO-RIW,15,6614344.03565353
1000,f3_zakharov,PSO-RIW,16,6989024.894630925
1000,f3_zakharov,PSO-RIW,17,8409662.062837997
1000,f3_zakharov,PSO-RIW,18,6839949.110906229
1000,f3_zakharov,PSO-RIW,19,6565184.307820614
1000,f3_zakharov,HPPSO_Modified,0,4308824.989863645
1000,f3_zakharov,HPPSO_Modified,1,5243352.9129800415
1000,f3_zakharov,HPPSO_Modified,2,5127765.899817779
1000,f3_zakharov,HPPSO_Modified,3,5151785.211439377
1000,f3_zakharov,HPPSO_Modified,4,5859612.287207461
1000,f3_zakharov,HPPSO_Modified,5,4534217.873701605
1000,f3_zakharov,HPPSO_Modified,6,4807443.405568813
1000,f3_zakharov,HPPSO_Modified,7,4794685.256712096
1000,f3_zakharov,HPPSO_Modified,8,5412403.780999951
1000,f3_zakharov,HPPSO_Modified,9,5634689.178528628
1000,f3_zakharov,HPPSO_Modified,10,5291286.782595798
1000,f3_zakharov,HPPSO_Modified,11,5755016.057211371
1000,f3_zakharov,HPPSO_Modified,12,5293895.390740176
1000,f3_zakharov,HPPSO_Modified,13,4935546.674582318
1000,f3_zakharov,HPPSO_Modified,14,4685450.678110777
1000,f3_zakharov,HPPSO_Modified,15,5307677.015181472
1000,f3_zakharov,HPPSO_Modified,16,4863756.320190516
1000,f3_zakharov,HPPSO_Modified,17,4649979.177977838
1000,f3_zakharov,HPPSO_Modified,18,4905268.261136042
1000,f3_zakharov,HPPSO_Modified,19,4657011.7122938065
1000,f3_zakharov,GA-MPC,0,10142205.530449925
1000,f3_zakharov,GA-MPC,1,9080278.701086096
1000,f3_zakharov,GA-MPC,2,9496795.381300809
1000,f3_zakharov,GA-MPC,3,10421981.402595662
1000,f3_zakharov,GA-MPC,4,7719168.981776453
1000,f3_zakharov,GA-MPC,5,10895746.863154333
1000,f3_zakharov,GA-MPC,6,9013170.124924598
1000,f3_zakharov,GA-MPC,7,8790213.780494722
1000,f3_zakharov,GA-MPC,8,24315365.446209423
1000,f3_zakharov,GA-MPC,9,11714625.40595546
1000,f3_zakharov,GA-MPC,10,12510348.762812711
1000,f3_zakharov,GA-MPC,11,8011119.017244728
1000,f3_zakharov,GA-MPC,12,8728586.391485099
1000,f3_zakharov,GA-MPC,13,12690021.774503214
1000,f3_zakharov,GA-MPC,14,8137457.10167403
1000,f3_zakharov,GA-MPC,15,9128851.757007558
1000,f3_zakharov,GA-MPC,16,13569814.55133797
1000,f3_zakharov,GA-MPC,17,8466571.259353492
1000,f3_zakharov,GA-MPC,18,9601726.18005792
1000,f3_zakharov,GA-MPC,19,7143886.78963947
1000,f3_zakharov,GWO,0,8291510.5454250835
1000,f3_zakharov,GWO,1,6385898.047756096
1000,f3_zakharov,GWO,2,6032241.54802117
1000,f3_zakharov,GWO,3,6944672.028035741
1000,f3_zakharov,GWO,4,6932758.838707931
1000,f3_zakharov,GWO,5,6910267.630643832
1000,f3_zakharov,GWO,6,6537978.272667278
1000,f3_zakharov,GWO,7,6418975.774772743
1000,f3_zakharov,GWO,8,6459628.504109169
1000,f3_zakharov,GWO,9,6745130.816841028
1000,f3_zakharov,GWO,10,6847967.131939261
1000,f3_zakharov,GWO,11,6582743.602089336
1000,f3_zakharov,GWO,12,7198394.52920996
1000,f3_zakharov,GWO,13,6908980.748220293
1000,f3_zakharov,GWO,14,7237402.815690537
1000,f3_zakharov,GWO,15,7656719.627256211
1000,f3_zakharov,GWO,16,7114408.96021511
1000,f3_zakharov,GWO,17,6352000.560590239
1000,f3_zakharov,GWO,18,7635892.442567052
1000,f3_zakharov,GWO,19,6287547.932976655
1000,f3_zakharov,SHADE,0,4216702.991004101
1000,f3_zakharov,SHADE,1,4394941.180540105
1000,f3_zakharov,SHADE,2,4484002.143843253
1000,f3_zakharov,SHADE,3,4450659.692266579
1000,f3_zakharov,SHADE,4,5361535.049743884
1000,f3_zakharov,SHADE,5,5380685.687929855
1000,f3_zakharov,SHADE,6,6132065.182544255
1000,f3_zakharov,SHADE,7,4245327.059474561
1000,f3_zakharov,SHADE,8,5315602.466279755
1000,f3_zakharov,SHADE,9,4140729.636991712
1000,f3_zakharov,SHADE,10,4263178.141942011
1000,f3_zakharov,SHADE,11,4075714.8932307186
1000,f3_zakharov,SHADE,12,4574947.958055672
1000,f3_zakharov,SHADE,13,5287160.763528474
1000,f3_zakharov,SHADE,14,4177636.497536078
1000,f3_zakharov,SHADE,15,4188825.8781278296
1000,f3_zakharov,SHADE,16,4091423.352694891
1000,f3_zakharov,SHADE,17,5543271.666194069
1000,f3_zakharov,SHADE,18,5479125.2753055785
1000,f3_zakharov,SHADE,19,4182172.4886834496
1000,f3_zakharov,CSA,0,5278454.659909483
1000,f3_zakharov,CSA,1,12641400.731894579
1000,f3_zakharov,CSA,2,10665483.033060484
1000,f3_zakharov,CSA,3,7226680.332975612
1000,f3_zakharov,CSA,4,8545062.428351108
1000,f3_zakharov,CSA,5,9295650.905906247
1000,f3_zakharov,CSA,6,12261031.884179082
1000,f3_zakharov,CSA,7,8805416.583748646
1000,f3_zakharov,CSA,8,12512191.040424334
1000,f3_zakharov,CSA,9,11973142.110174676
1000,f3_zakharov,CSA,10,11603665.574151874
1000,f3_zakharov,CSA,11,10698807.156553881
1000,f3_zakharov,CSA,12,11442537.40889732
1000,f3_zakharov,CSA,13,12090335.776604908
1000,f3_zakharov,CSA,14,9500803.859756684
1000,f3_zakharov,CSA,15,7732413.07012157
1000,f3_zakharov,CSA,16,12188556.356327713
1000,f3_zakharov,CSA,17,6343276.8229070725
1000,f3_zakharov,CSA,18,10191971.441918252
1000,f3_zakharov,CSA,19,8923341.07384055
1000,f3_zakharov,CMAES,0,6258156.063458417
1000,f3_zakharov,CMAES,1,6006907.636543431
1000,f3_zakharov,CMAES,2,6335798.691366941
1000,f3_zakharov,CMAES,3,5775339.547879947
1000,f3_zakharov,CMAES,4,7084471.536842349
1000,f3_zakharov,CMAES,5,7655193.58451692
1000,f3_zakharov,CMAES,6,6197996.804833407
1000,f3_zakharov,CMAES,7,6534993.418647052
1000,f3_zakharov,CMAES,8,6311344.629523939
1000,f3_zakharov,CMAES,9,6292021.353461465
1000,f3_zakharov,CMAES,10,34242693.28819258
1000,f3_zakharov,CMAES,11,6114815.6989382
1000,f3_zakharov,CMAES,12,5871550.548293952
1000,f3_zakharov,CMAES,13,5614287.404234292
1000,f3_zakharov,CMAES,14,6158070.46348259
1000,f3_zakharov,CMAES,15,6199389.187125551
1000,f3_zakharov,CMAES,16,6066882.846632493
1000,f3_zakharov,CMAES,17,5921176.099684021
1000,f3_zakharov,CMAES,18,6147557.662141202
1000,f3_zakharov,CMAES,19,6267216.623563494
1000,f4_rosenbrock,Original PSO,0,4394749401203.1475
1000,f4_rosenbrock,Original PSO,1,4752843255583.576
1000,f4_rosenbrock,Original PSO,2,4106379816094.2744
1000,f4_rosenbrock,Original PSO,3,4155708760269.2563
1000,f4_rosenbrock,Original PSO,4,3885950083135.298
1000,f4_rosenbrock,Original PSO,5,4145520748391.2783
1000,f4_rosenbrock,Original PSO,6,4546761644017.67
1000,f4_rosenbrock,Original PSO,7,4380753908117.8823
1000,f4_rosenbrock,Original PSO,8,4329917244792.388
1000,f4_rosenbrock,Original PSO,9,4093026065430.1543
1000,f4_rosenbrock,Original PSO,10,3310106276897.1904
1000,f4_rosenbrock,Original PSO,11,4428658330115.594
1000,f4_rosenbrock,Original PSO,12,4634884035636.285
1000,f4_rosenbrock,Original PSO,13,4542950571360.539
1000,f4_rosenbrock,Original PSO,14,3979054997675.328
1000,f4_rosenbrock,Original PSO,15,4126240084025.7837
1000,f4_rosenbrock,Original PSO,16,4179934103938.6665
1000,f4_rosenbrock,Original PSO,17,4081288168200.205
1000,f4_rosenbrock,Original PSO,18,4417056861833.104
1000,f4_rosenbrock,Original PSO,19,4869824106894.487
1000,f4_rosenbrock,PSO-m,0,1761345444724.875
1000,f4_rosenbrock,PSO-m,1,1801512265250.6047
1000,f4_rosenbrock,PSO-m,2,1890469164420.1184
1000,f4_rosenbrock,PSO-m,3,1761729630789.665
1000,f4_rosenbrock,PSO-m,4,1810545291061.8777
1000,f4_rosenbrock,PSO-m,5,1664065033734.3916
1000,f4_rosenbrock,PSO-m,6,2055289377518.1494
1000,f4_rosenbrock,PSO-m,7,1620443293601.558
1000,f4_rosenbrock,PSO-m,8,1715106193886.1284
1000,f4_rosenbrock,PSO-m,9,2127058304379.0027
1000,f4_rosenbrock,PSO-m,10,1613706947012.8267
1000,f4_rosenbrock,PSO-m,11,1944783855412.3247
1000,f4_rosenbrock,PSO-m,12,2003904277431.0806
1000,f4_rosenbrock,PSO-m,13,1978301695617.8113
1000,f4_rosenbrock,PSO-m,14,1954087440847.7668
1000,f4_rosenbrock,PSO-m,15,1609889643978.7026
1000,f4_rosenbrock,PSO-m,16,1937388828932.3774
1000,f4_rosenbrock,PSO-m,17,1866721908342.9077
1000,f4_rosenbrock,PSO-m,18,1718772401873.1748
1000,f4_rosenbrock,PSO-m,19,1973730559821.582
1000,f4_rosenbrock,PSO-RIW,0,4058850736731.1094
1000,f4_rosenbrock,PSO-RIW,1,4626885482413.783
1000,f4_rosenbrock,PSO-RIW,2,3677739529555.963
1000,f4_rosenbrock,PSO-RIW,3,4241935144744.7764
1000,f4_rosenbrock,PSO-RIW,4,3692330468437.9062
1000,f4_rosenbrock,PSO-RIW,5,3467733081966.22
1000,f4_rosenbrock,PSO-RIW,6,3881868221940.056
1000,f4_rosenbrock,PSO-RIW,7,4176540888276.9814
1000,f4_rosenbrock,PSO-RIW,8,3465248100999.0264
1000,f4_rosenbrock,PSO-RIW,9,3421759015940.199
1000,f4_rosenbrock,PSO-RIW,10,3614361803949.126
1000,f4_rosenbrock,PSO-RIW,11,4422431711963.913
1000,f4_rosenbrock,PSO-RIW,12,4805172081851.936
1000,f4_rosenbrock,PSO-RIW,13,4096924867924.166
1000,f4_rosenbrock,PSO-RIW,14,3710725683165.1406
1000,f4_rosenbrock,PSO-RIW,15,3130518126440.4346
1000,f4_rosenbrock,PSO-RIW,16,4135993758779.949
1000,f4_rosenbrock,PSO-RIW,17,4219845107205.9053
1000,f4_rosenbrock,PSO-RIW,18,4683799980854.342
1000,f4_rosenbrock,PSO-RIW,19,2786984933145.8096
1000,f4_rosenbrock,HPPSO_Modified,0,544769482037.8553
1000,f4_rosenbrock,HPPSO_Modified,1,515149339799.51654
1000,f4_rosenbrock,HPPSO_Modified,2,443533452540.8436
1000,f4_rosenbrock,HPPSO_Modified,3,516788052446.263
1000,f4_rosenbrock,HPPSO_Modified,4,487603280203.37573
1000,f4_rosenbrock,HPPSO_Modified,5,554939667951.431
1000,f4_rosenbrock,HPPSO_Modified,6,487384204855.678
1000,f4_rosenbrock,HPPSO_Modified,7,527586714529.0591
1000,f4_rosenbrock,HPPSO_Modified,8,542999049205.648
1000,f4_rosenbrock,HPPSO_Modified,9,612197712955.0454
1000,f4_rosenbrock,HPPSO_Modified,10,466816315296.4359
1000,f4_rosenbrock,HPPSO_Modified,11,575052822166.0989
1000,f4_rosenbrock,HPPSO_Modified,12,539182129636.3731
1000,f4_rosenbrock,HPPSO_Modified,13,490962353917.47894
1000,f4_rosenbrock,HPPSO_Modified,14,419943305232.67523
1000,f4_rosenbrock,HPPSO_Modified,15,470823782105.96234
1000,f4_rosenbrock,HPPSO_Modified,16,449038304882.02466
1000,f4_rosenbrock,HPPSO_Modified,17,523607517298.02576
1000,f4_rosenbrock,HPPSO_Modified,18,428189168667.5268
1000,f4_rosenbrock,HPPSO_Modified,19,444871031579.86914
1000,f4_rosenbrock,GA-MPC,0,2319200012698.501
1000,f4_rosenbrock,GA-MPC,1,2161894850300.2188
1000,f4_rosenbrock,GA-MPC,2,2337559345497.7744
1000,f4_rosenbrock,GA-MPC,3,2126230607893.9111
1000,f4_rosenbrock,GA-MPC,4,1831807446958.4038
1000,f4_rosenbrock,GA-MPC,5,2593532210579.1846
1000,f4_rosenbrock,GA-MPC,6,2704071616297.461
1000,f4_rosenbrock,GA-MPC,7,2555549833989.8906
1000,f4_rosenbrock,GA-MPC,8,2332996041682.8477
1000,f4_rosenbrock,GA-MPC,9,2442393241124.741
1000,f4_rosenbrock,GA-MPC,10,2269291288432.192
1000,f4_rosenbrock,GA-MPC,11,2285344042556.4175
1000,f4_rosenbrock,GA-MPC,12,2306381019588.746
1000,f4_rosenbrock,GA-MPC,13,2223078403384.8555
1000,f4_rosenbrock,GA-MPC,14,2198184019423.1013
1000,f4_rosenbrock,GA-MPC,15,2208145353539.252
1000,f4_rosenbrock,GA-MPC,16,2149250088051.9414
1000,f4_rosenbrock,GA-MPC,17,2503507211957.4106
1000,f4_rosenbrock,GA-MPC,18,2209613543767.83
1000,f4_rosenbrock,GA-MPC,19,2211198897560.0938
1000,f4_rosenbrock,GWO,0,1182059375716.4907
1000,f4_rosenbrock,GWO,1,1181831085245.6875
1000,f4_rosenbrock,GWO,2,1195323371002.2812
1000,f4_rosenbrock,GWO,3,1204017875323.685
1000,f4_rosenbrock,GWO,4,1135781164438.264
1000,f4_rosenbrock,GWO,5,1205382348478.5125
1000,f4_rosenbrock,GWO,6,1123999334065.287
1000,f4_rosenbrock,GWO,7,1197445863743.0151
1000,f4_rosenbrock,GWO,8,1193941854465.1611
1000,f4_rosenbrock,GWO,9,1144228445807.5537
1000,f4_rosenbrock,GWO,10,1151533528130.9363
1000,f4_rosenbrock,GWO,11,1122385183877.3594
1000,f4_rosenbrock,GWO,12,1127780210357.2065
1000,f4_rosenbrock,GWO,13,1165467978260.7405
1000,f4_rosenbrock,GWO,14,1232362303020.023
1000,f4_rosenbrock,GWO,15,1164289914060.101
1000,f4_rosenbrock,GWO,16,1142520202269.39
1000,f4_rosenbrock,GWO,17,1127390213018.817
1000,f4_rosenbrock,GWO,18,1161805100887.5425
1000,f4_rosenbrock,GWO,19,1109174736398.703
1000,f4_rosenbrock,SHADE,0,1073777491348.5789
1000,f4_rosenbrock,SHADE,1,1200585881012.124
1000,f4_rosenbrock,SHADE,2,1157132427822.7886
1000,f4_rosenbrock,SHADE,3,1165001623148.182
1000,f4_rosenbrock,SHADE,4,1216322187408.545
1000,f4_rosenbrock,SHADE,5,1349069124518.4854
1000,f4_rosenbrock,SHADE,6,1047111971544.3164
1000,f4_rosenbrock,SHADE,7,1309656606527.282
1000,f4_rosenbrock,SHADE,8,1394515883368.9917
1000,f4_rosenbrock,SHADE,9,1230016451627.5762
1000,f4_rosenbrock,SHADE,10,1343257544293.188
1000,f4_rosenbrock,SHADE,11,1177692277508.7214
1000,f4_rosenbrock,SHADE,12,1122292548045.5723
1000,f4_rosenbrock,SHADE,13,1299796413793.3564
1000,f4_rosenbrock,SHADE,14,1188382706342.102
1000,f4_rosenbrock,SHADE,15,1153550686139.3506
1000,f4_rosenbrock,SHADE,16,1233945921063.033
1000,f4_rosenbrock,SHADE,17,1429805594717.1692
1000,f4_rosenbrock,SHADE,18,1204338343310.7449
1000,f4_rosenbrock,SHADE,19,1299975572329.476
1000,f4_rosenbrock,CSA,0,5291666177507.693
1000,f4_rosenbrock,CSA,1,3859144520349.4873
1000,f4_rosenbrock,CSA,2,3368494487862.5996
1000,f4_rosenbrock,CSA,3,4290028433211.1475
1000,f4_rosenbrock,CSA,4,4883461597744.642
1000,f4_rosenbrock,CSA,5,4002237875138.3022
1000,f4_rosenbrock,CSA,6,8394425125347.391
1000,f4_rosenbrock,CSA,7,3765465375286.299
1000,f4_rosenbrock,CSA,8,2438072564880.195
1000,f4_rosenbrock,CSA,9,5238280786031.594
1000,f4_rosenbrock,CSA,10,2806719224185.532
1000,f4_rosenbrock,CSA,11,4540572911469.311
1000,f4_rosenbrock,CSA,12,4775717305941.779
1000,f4_rosenbrock,CSA,13,3212826812560.598
1000,f4_rosenbrock,CSA,14,4963326495001.369
1000,f4_rosenbrock,CSA,15,3550464668853.3525
1000,f4_rosenbrock,CSA,16,4529120677460.803
1000,f4_rosenbrock,CSA,17,2543847312839.8535
1000,f4_rosenbrock,CSA,18,2677223342999.121
1000,f4_rosenbrock,CSA,19,3997142305181.8477
1000,f4_rosenbrock,CMAES,0,8295762718.82442
1000,f4_rosenbrock,CMAES,1,5873336775.021559
1000,f4_rosenbrock,CMAES,2,7531190423.078447
1000,f4_rosenbrock,CMAES,3,7489004052.170026
1000,f4_rosenbrock,CMAES,4,7291266319.143182
1000,f4_rosenbrock,CMAES,5,7935482109.3583555
1000,f4_rosenbrock,CMAES,6,5492907543.45822
1000,f4_rosenbrock,CMAES,7,7173362747.563103
1000,f4_rosenbrock,CMAES,8,6947343463.278097
1000,f4_rosenbrock,CMAES,9,8342215946.579979
1000,f4_rosenbrock,CMAES,10,5934657340.865726
1000,f4_rosenbrock,CMAES,11,7418727759.914989
1000,f4_rosenbrock,CMAES,12,8174166637.053661
1000,f4_rosenbrock,CMAES,13,7315955324.864544
1000,f4_rosenbrock,CMAES,14,7073239146.500699
1000,f4_rosenbrock,CMAES,15,7442497573.860763
1000,f4_rosenbrock,CMAES,16,7782824771.340921
1000,f4_rosenbrock,CMAES,17,6956292816.677839
1000,f4_rosenbrock,CMAES,18,7059319762.517288
1000,f4_rosenbrock,CMAES,19,8174379998.640104
1000,f5_powell_sum,Original PSO,0,10117.782440501749
1000,f5_powell_sum,Original PSO,1,9586.11581292266
1000,f5_powell_sum,Original PSO,2,9705.31665013851
1000,f5_powell_sum,Original PSO,3,9289.865734911824
1000,f5_powell_sum,Original PSO,4,10210.076331819066
1000,f5_powell_sum,Original PSO,5,9962.46133726049
1000,f5_powell_sum,Original PSO,6,9807.271581414692
1000,f5_powell_sum,Original PSO,7,9766.837173940476
1000,f5_powell_sum,Original PSO,8,10107.953477022535
1000,f5_powell_sum,Original PSO,9,9928.662421275068
1000,f5_powell_sum,Original PSO,10,9559.12490157511
1000,f5_powell_sum,Original PSO,11,9775.079490231754
1000,f5_powell_sum,Original PSO,12,9447.781017101046
1000,f5_powell_sum,Original PSO,13,9717.398180652304
1000,f5_powell_sum,Original PSO,14,9902.089075799162
1000,f5_powell_sum,Original PSO,15,9769.426175921948
1000,f5_powell_sum,Original PSO,16,9684.246648293058
1000,f5_powell_sum,Original PSO,17,10462.720235900786
1000,f5_powell_sum,Original PSO,18,10076.969302651789
1000,f5_powell_sum,Original PSO,19,10151.346546571516
1000,f5_powell_sum,PSO-m,0,8364.215961182905
1000,f5_powell_sum,PSO-m,1,8842.770682804738
1000,f5_powell_sum,PSO-m,2,8536.04021152764
1000,f5_powell_sum,PSO-m,3,8721.018849937298
1000,f5_powell_sum,PSO-m,4,8359.276557221872
1000,f5_powell_sum,PSO-m,5,8531.382160572746
1000,f5_powell_sum,PSO-m,6,8456.584821321836
1000,f5_powell_sum,PSO-m,7,8408.115858930647
1000,f5_powell_sum,PSO-m,8,8491.304650237204
1000,f5_powell_sum,PSO-m,9,8160.458456186963
1000,f5_powell_sum,PSO-m,10,8700.926922706873
1000,f5_powell_sum,PSO-m,11,8087.301863363976
1000,f5_powell_sum,PSO-m,12,8198.853278925653
1000,f5_powell_sum,PSO-m,13,8805.041981715549
1000,f5_powell_sum,PSO-m,14,8354.811012993545
1000,f5_powell_sum,PSO-m,15,8244.15762435145
1000,f5_powell_sum,PSO-m,16,8576.682749773925
1000,f5_powell_sum,PSO-m,17,8367.999504926165
1000,f5_powell_sum,PSO-m,18,8322.951684424577
1000,f5_powell_sum,PSO-m,19,8803.489471429571
1000,f5_powell_sum,PSO-RIW,0,9464.635135240467
1000,f5_powell_sum,PSO-RIW,1,9545.608907306208
1000,f5_powell_sum,PSO-RIW,2,9656.874893763268
1000,f5_powell_sum,PSO-RIW,3,10176.600203805336
1000,f5_powell_sum,PSO-RIW,4,10131.504558071943
1000,f5_powell_sum,PSO-RIW,5,10512.683286722153
1000,f5_powell_sum,PSO-RIW,6,10123.678460722622
1000,f5_powell_sum,PSO-RIW,7,9023.170187590958
1000,f5_powell_sum,PSO-RIW,8,10163.663903670305
1000,f5_powell_sum,PSO-RIW,9,9731.569328787313
1000,f5_powell_sum,PSO-RIW,10,9457.816502216396
1000,f5_powell_sum,PSO-RIW,11,10088.114231272462
1000,f5_powell_sum,PSO-RIW,12,10155.263233667414
1000,f5_powell_sum,PSO-RIW,13,10295.00834427092
1000,f5_powell_sum,PSO-RIW,14,9757.54471426901
1000,f5_powell_sum,PSO-RIW,15,9486.7712695257
1000,f5_powell_sum,PSO-RIW,16,9921.017459495688
1000,f5_powell_sum,PSO-RIW,17,9101.56327357848
1000,f5_powell_sum,PSO-RIW,18,9527.944673918204
1000,f5_powell_sum,PSO-RIW,19,10303.679830618792
1000,f5_powell_sum,HPPSO_Modified,0,7057.964078478379
1000,f5_powell_sum,HPPSO_Modified,1,7378.693286229337
1000,f5_powell_sum,HPPSO_Modified,2,7451.974166882643
1000,f5_powell_sum,HPPSO_Modified,3,7477.451401455145
1000,f5_powell_sum,HPPSO_Modified,4,7252.300337905096
1000,f5_powell_sum,HPPSO_Modified,5,7050.630783398892
1000,f5_powell_sum,HPPSO_Modified,6,7179.213103964394
1000,f5_powell_sum,HPPSO_Modified,7,6733.70231469483
1000,f5_powell_sum,HPPSO_Modified,8,7030.1718579726585
1000,f5_powell_sum,HPPSO_Modified,9,6880.57623786152
1000,f5_powell_sum,HPPSO_Modified,10,7369.904082182721
1000,f5_powell_sum,HPPSO_Modified,11,7297.871492576562
1000,f5_powell_sum,HPPSO_Modified,12,7904.27463084655
1000,f5_powell_sum,HPPSO_Modified,13,7597.954094387332
1000,f5_powell_sum,HPPSO_Modified,14,7667.059775560503
1000,f5_powell_sum,HPPSO_Modified,15,7244.3298510293325
1000,f5_powell_sum,HPPSO_Modified,16,7018.137791608706
1000,f5_powell_sum,HPPSO_Modified,17,6590.324047321388
1000,f5_powell_sum,HPPSO_Modified,18,6948.217907353284
1000,f5_powell_sum,HPPSO_Modified,19,7166.719908358758
1000,f5_powell_sum,GA-MPC,0,8079.747786978416
1000,f5_powell_sum,GA-MPC,1,8120.188319168251
1000,f5_powell_sum,GA-MPC,2,7846.239990345031
1000,f5_powell_sum,GA-MPC,3,7751.232517796811
1000,f5_powell_sum,GA-MPC,4,7977.496700484042
1000,f5_powell_sum,GA-MPC,5,8151.044268463492
1000,f5_powell_sum,GA-MPC,6,8115.963781631993
1000,f5_powell_sum,GA-MPC,7,8425.556511437208
1000,f5_powell_sum,GA-MPC,8,7968.837680147057
1000,f5_powell_sum,GA-MPC,9,7554.528586987331
1000,f5_powell_sum,GA-MPC,10,8792.183236782339
1000,f5_powell_sum,GA-MPC,11,8255.747323124842
1000,f5_powell_sum,GA-MPC,12,7618.560387073671
1000,f5_powell_sum,GA-MPC,13,8473.886202907208
1000,f5_powell_sum,GA-MPC,14,8292.051879743944
1000,f5_powell_sum,GA-MPC,15,7792.572085679489
1000,f5_powell_sum,GA-MPC,16,7671.191235172046
1000,f5_powell_sum,GA-MPC,17,7747.794875182388
1000,f5_powell_sum,GA-MPC,18,7861.199446603135
1000,f5_powell_sum,GA-MPC,19,7674.34845682945
1000,f5_powell_sum,GWO,0,8001.183854679692
1000,f5_powell_sum,GWO,1,8043.187788869874
1000,f5_powell_sum,GWO,2,8531.017760326326
1000,f5_powell_sum,GWO,3,8310.329347816918
1000,f5_powell_sum,GWO,4,8073.853351012338
1000,f5_powell_sum,GWO,5,7975.187254470247
1000,f5_powell_sum,GWO,6,8020.43541391657
1000,f5_powell_sum,GWO,7,8156.422968432008
1000,f5_powell_sum,GWO,8,8366.69571266871
1000,f5_powell_sum,GWO,9,8561.131509842167
1000,f5_powell_sum,GWO,10,8258.422129990367
1000,f5_powell_sum,GWO,11,8245.222212567593
1000,f5_powell_sum,GWO,12,8358.713809766998
1000,f5_powell_sum,GWO,13,8146.079020921924
1000,f5_powell_sum,GWO,14,8039.670940651468
1000,f5_powell_sum,GWO,15,8205.160161910522
1000,f5_powell_sum,GWO,16,7874.923160481172
1000,f5_powell_sum,GWO,17,8242.055454151678
1000,f5_powell_sum,GWO,18,8243.854731427713
1000,f5_powell_sum,GWO,19,8092.789715936858
1000,f5_powell_sum,SHADE,0,7398.896591119115
1000,f5_powell_sum,SHADE,1,7193.0607018330265
1000,f5_powell_sum,SHADE,2,7262.471186862094
1000,f5_powell_sum,SHADE,3,6923.300656378187
1000,f5_powell_sum,SHADE,4,7155.47219234833
1000,f5_powell_sum,SHADE,5,7234.747345142928
1000,f5_powell_sum,SHADE,6,6780.6464076472585
1000,f5_powell_sum,SHADE,7,7077.641391986636
1000,f5_powell_sum,SHADE,8,6943.982763628246
1000,f5_powell_sum,SHADE,9,7293.000100356286
1000,f5_powell_sum,SHADE,10,7352.700993071154
1000,f5_powell_sum,SHADE,11,6638.594092908606
1000,f5_powell_sum,SHADE,12,6555.850636695441
1000,f5_powell_sum,SHADE,13,6830.451710566478
1000,f5_powell_sum,SHADE,14,7183.550153496278
1000,f5_powell_sum,SHADE,15,7124.808578236273
1000,f5_powell_sum,SHADE,16,7642.552558742089
1000,f5_powell_sum,SHADE,17,6704.552011271352
1000,f5_powell_sum,SHADE,18,7128.267631923919
1000,f5_powell_sum,SHADE,19,6780.956894105311
1000,f5_powell_sum,CSA,0,12776.149319649176
1000,f5_powell_sum,CSA,1,12962.21548788598
1000,f5_powell_sum,CSA,2,12415.428967699358
1000,f5_powell_sum,CSA,3,11728.132801699583
1000,f5_powell_sum,CSA,4,11721.329603370952
1000,f5_powell_sum,CSA,5,11787.304106171341
1000,f5_powell_sum,CSA,6,12574.499473087611
1000,f5_powell_sum,CSA,7,11913.842259354056
1000,f5_powell_sum,CSA,8,12014.634312724509
1000,f5_powell_sum,CSA,9,13237.984805754037
1000,f5_powell_sum,CSA,10,10968.13474659579
1000,f5_powell_sum,CSA,11,11491.558181380498
1000,f5_powell_sum,CSA,12,12148.912336913734
1000,f5_powell_sum,CSA,13,12094.56831266634
1000,f5_powell_sum,CSA,14,11940.321262929363
1000,f5_powell_sum,CSA,15,12887.697417925381
1000,f5_powell_sum,CSA,16,12531.857310552352
1000,f5_powell_sum,CSA,17,12633.637672836125
1000,f5_powell_sum,CSA,18,12663.811323267306
1000,f5_powell_sum,CSA,19,12642.205994689977
1000,f5_powell_sum,CMAES,0,4472.972020848692
1000,f5_powell_sum,CMAES,1,4535.854114075252
1000,f5_powell_sum,CMAES,2,4544.94306954262
1000,f5_powell_sum,CMAES,3,4524.362708565602
1000,f5_powell_sum,CMAES,4,4395.331385506296
1000,f5_powell_sum,CMAES,5,4405.905317404689
1000,f5_powell_sum,CMAES,6,4466.351362463554
1000,f5_powell_sum,CMAES,7,4517.725095603197
1000,f5_powell_sum,CMAES,8,4440.985586822082
1000,f5_powell_sum,CMAES,9,4503.596247977738
1000,f5_powell_sum,CMAES,10,4646.177861544201
1000,f5_powell_sum,CMAES,11,4378.4947568748985
1000,f5_powell_sum,CMAES,12,4599.926587117936
1000,f5_powell_sum,CMAES,13,4510.319787113842
1000,f5_powell_sum,CMAES,14,4469.767429149148
1000,f5_powell_sum,CMAES,15,4514.121385438995
1000,f5_powell_sum,CMAES,16,4443.620986636568
1000,f5_powell_sum,CMAES,17,4508.806748104573
1000,f5_powell_sum,CMAES,18,4502.448023351619
1000,f5_powell_sum,CMAES,19,4484.3576545673695
1000,f6_rastrigin,Original PSO,0,3556099.8240742427
1000,f6_rastrigin,Original PSO,1,3750365.2313333647
1000,f6_rastrigin,Original PSO,2,4055699.4899029937
1000,f6_rastrigin,Original PSO,3,4073284.740036152
1000,f6_rastrigin,Original PSO,4,4023705.429754908
1000,f6_rastrigin,Original PSO,5,3679316.379668763
1000,f6_rastrigin,Original PSO,6,3990635.2089558905
1000,f6_rastrigin,Original PSO,7,3661093.127611626
1000,f6_rastrigin,Original PSO,8,3892748.072402113
1000,f6_rastrigin,Original PSO,9,3845216.4204186136
1000,f6_rastrigin,Original PSO,10,3703390.697944442
1000,f6_rastrigin,Original PSO,11,3906702.665827651
1000,f6_rastrigin,Original PSO,12,3868380.657038387
1000,f6_rastrigin,Original PSO,13,3776749.976512624
1000,f6_rastrigin,Original PSO,14,3765946.4749940387
1000,f6_rastrigin,Original PSO,15,3862360.8378151264
1000,f6_rastrigin,Original PSO,16,3629548.6781897936
1000,f6_rastrigin,Original PSO,17,3759790.998987593
1000,f6_rastrigin,Original PSO,18,3791064.166477776
1000,f6_rastrigin,Original PSO,19,3774177.429013512
1000,f6_rastrigin,PSO-m,0,2303132.5518252533
1000,f6_rastrigin,PSO-m,1,2150287.894310996
1000,f6_rastrigin,PSO-m,2,2210363.2616190296
1000,f6_rastrigin,PSO-m,3,2263665.241098561
1000,f6_rastrigin,PSO-m,4,2277664.53305622
1000,f6_rastrigin,PSO-m,5,2125860.157904522
1000,f6_rastrigin,PSO-m,6,2294345.0951571837
1000,f6_rastrigin,PSO-m,7,2248459.5901876474
1000,f6_rastrigin,PSO-m,8,2219153.195760958
1000,f6_rastrigin,PSO-m,9,2094004.840562516
1000,f6_rastrigin,PSO-m,10,2354329.6839376
1000,f6_rastrigin,PSO-m,11,2338046.8119728444
1000,f6_rastrigin,PSO-m,12,2265360.349851798
1000,f6_rastrigin,PSO-m,13,2209178.334126805
1000,f6_rastrigin,PSO-m,14,2206729.1160960207
1000,f6_rastrigin,PSO-m,15,2274567.4288832387
1000,f6_rastrigin,PSO-m,16,2341011.2714913306
1000,f6_rastrigin,PSO-m,17,2209139.8160809455
1000,f6_rastrigin,PSO-m,18,2111003.4250933146
1000,f6_rastrigin,PSO-m,19,2224151.272821807
1000,f6_rastrigin,PSO-RIW,0,3312358.4041969394
1000,f6_rastrigin,PSO-RIW,1,3390888.9387307195
1000,f6_rastrigin,PSO-RIW,2,3610248.4631588645
1000,f6_rastrigin,PSO-RIW,3,3943354.521469417
1000,f6_rastrigin,PSO-RIW,4,3809843.528675491
1000,f6_rastrigin,PSO-RIW,5,3557736.440206046
1000,f6_rastrigin,PSO-RIW,6,3869168.878996901
1000,f6_rastrigin,PSO-RIW,7,3647027.7557256287
1000,f6_rastrigin,PSO-RIW,8,3680948.561782381
1000,f6_rastrigin,PSO-RIW,9,3731065.176856251
1000,f6_rastrigin,PSO-RIW,10,3796412.748154939
1000,f6_rastrigin,PSO-RIW,11,3651173.847287237
1000,f6_rastrigin,PSO-RIW,12,3608883.903656008
1000,f6_rastrigin,PSO-RIW,13,4098631.644123506
1000,f6_rastrigin,PSO-RIW,14,3637407.144323519
1000,f6_rastrigin,PSO-RIW,15,3671654.358548929
1000,f6_rastrigin,PSO-RIW,16,3750480.216444541
1000,f6_rastrigin,PSO-RIW,17,3500588.111655062
1000,f6_rastrigin,PSO-RIW,18,3870190.38012054
1000,f6_rastrigin,PSO-RIW,19,3512945.925806505
1000,f6_rastrigin,HPPSO_Modified,0,1368085.7121181237
1000,f6_rastrigin,HPPSO_Modified,1,1381545.0030711703
1000,f6_rastrigin,HPPSO_Modified,2,1384636.3767145148
1000,f6_rastrigin,HPPSO_Modified,3,1182227.9976226804
1000,f6_rastrigin,HPPSO_Modified,4,1288748.255272959
1000,f6_rastrigin,HPPSO_Modified,5,1395373.812844166
1000,f6_rastrigin,HPPSO_Modified,6,1167989.4065008755
1000,f6_rastrigin,HPPSO_Modified,7,1226823.6076709502
1000,f6_rastrigin,HPPSO_Modified,8,1468274.5826683787
1000,f6_rastrigin,HPPSO_Modified,9,1273972.747659654
1000,f6_rastrigin,HPPSO_Modified,10,1382547.3194092982
1000,f6_rastrigin,HPPSO_Modified,11,1283901.5705724815
1000,f6_rastrigin,HPPSO_Modified,12,1419130.4754206962
1000,f6_rastrigin,HPPSO_Modified,13,1301668.9605353575
1000,f6_rastrigin,HPPSO_Modified,14,1466211.5558592353
1000,f6_rastrigin,HPPSO_Modified,15,1235145.929590708
1000,f6_rastrigin,HPPSO_Modified,16,1280949.310091311
1000,f6_rastrigin,HPPSO_Modified,17,1126054.6200309298
1000,f6_rastrigin,HPPSO_Modified,18,1217794.7679960497
1000,f6_rastrigin,HPPSO_Modified,19,1195651.4076922205
1000,f6_rastrigin,GA-MPC,0,3062155.057061325
1000,f6_rastrigin,GA-MPC,1,2753963.6222817455
1000,f6_rastrigin,GA-MPC,2,2633688.2572393287
1000,f6_rastrigin,GA-MPC,3,2714088.5057352167
1000,f6_rastrigin,GA-MPC,4,2860006.4767957926
1000,f6_rastrigin,GA-MPC,5,2712288.3292450723
1000,f6_rastrigin,GA-MPC,6,2717313.7025063946
1000,f6_rastrigin,GA-MPC,7,2724535.164384864
1000,f6_rastrigin,GA-MPC,8,2725737.922322268
1000,f6_rastrigin,GA-MPC,9,2760929.1944420757
1000,f6_rastrigin,GA-MPC,10,2885031.246771508
1000,f6_rastrigin,GA-MPC,11,2867216.422170059
1000,f6_rastrigin,GA-MPC,12,2980554.658259753
1000,f6_rastrigin,GA-MPC,13,2854305.5521210916
1000,f6_rastrigin,GA-MPC,14,2644780.713219478
1000,f6_rastrigin,GA-MPC,15,2874947.8196674176
1000,f6_rastrigin,GA-MPC,16,2641644.113693228
1000,f6_rastrigin,GA-MPC,17,2942182.1841348484
1000,f6_rastrigin,GA-MPC,18,2843607.3504509507
1000,f6_rastrigin,GA-MPC,19,2748984.712049756
1000,f6_rastrigin,GWO,0,2112105.1085606683
1000,f6_rastrigin,GWO,1,2116722.1944703707
1000,f6_rastrigin,GWO,2,2104885.8748132684
1000,f6_rastrigin,GWO,3,2208687.664356741
1000,f6_rastrigin,GWO,4,2158887.1979145203
1000,f6_rastrigin,GWO,5,2183271.882932132
1000,f6_rastrigin,GWO,6,2148139.3144970546
1000,f6_rastrigin,GWO,7,2125289.81117337
1000,f6_rastrigin,GWO,8,2126559.22701117
1000,f6_rastrigin,GWO,9,2113873.1324807024
1000,f6_rastrigin,GWO,10,2156313.8179857214
1000,f6_rastrigin,GWO,11,2189867.9338292982
1000,f6_rastrigin,GWO,12,2160537.839768515
1000,f6_rastrigin,GWO,13,2231370.3919922058
1000,f6_rastrigin,GWO,14,2107727.849767709
1000,f6_rastrigin,GWO,15,2131362.3857068177
1000,f6_rastrigin,GWO,16,2103120.7736947043
1000,f6_rastrigin,GWO,17,2119401.505683422
1000,f6_rastrigin,GWO,18,2198311.385952398
1000,f6_rastrigin,GWO,19,2275108.7126377025
1000,f6_rastrigin,SHADE,0,1978245.691263221
1000,f6_rastrigin,SHADE,1,2069548.8307180007
1000,f6_rastrigin,SHADE,2,2032181.8721153967
1000,f6_rastrigin,SHADE,3,2008289.2842300013
1000,f6_rastrigin,SHADE,4,1936409.9436106132
1000,f6_rastrigin,SHADE,5,1988646.5671958579
1000,f6_rastrigin,SHADE,6,2058566.1392631866
1000,f6_rastrigin,SHADE,7,2002069.8475271997
1000,f6_rastrigin,SHADE,8,2053637.6828134512
1000,f6_rastrigin,SHADE,9,1937859.4884776063
1000,f6_rastrigin,SHADE,10,2014127.867363549
1000,f6_rastrigin,SHADE,11,2085324.7201597698
1000,f6_rastrigin,SHADE,12,2026956.413752162
1000,f6_rastrigin,SHADE,13,1965248.3617973435
1000,f6_rastrigin,SHADE,14,2029794.2461139457
1000,f6_rastrigin,SHADE,15,2019182.5620848965
1000,f6_rastrigin,SHADE,16,1927009.389661583
1000,f6_rastrigin,SHADE,17,2065774.9589211498
1000,f6_rastrigin,SHADE,18,2109813.170591873
1000,f6_rastrigin,SHADE,19,2017299.848624719
1000,f6_rastrigin,CSA,0,4022822.633369234
1000,f6_rastrigin,CSA,1,4607928.988990707
1000,f6_rastrigin,CSA,2,4313594.998616736
1000,f6_rastrigin,CSA,3,3436046.742646803
1000,f6_rastrigin,CSA,4,3696835.5103092855
1000,f6_rastrigin,CSA,5,4368308.089892832
1000,f6_rastrigin,CSA,6,3948982.148868736
1000,f6_rastrigin,CSA,7,3980396.3935207166
1000,f6_rastrigin,CSA,8,3537065.2150035985
1000,f6_rastrigin,CSA,9,3735549.9789164206
1000,f6_rastrigin,CSA,10,4552324.443375502
1000,f6_rastrigin,CSA,11,5015771.633878538
1000,f6_rastrigin,CSA,12,4247852.831667648
1000,f6_rastrigin,CSA,13,4832383.260211591
1000,f6_rastrigin,CSA,14,4669147.420663577
1000,f6_rastrigin,CSA,15,4205963.389933633
1000,f6_rastrigin,CSA,16,3755836.3676172467
1000,f6_rastrigin,CSA,17,3626060.1167376265
1000,f6_rastrigin,CSA,18,3425012.7120612315
1000,f6_rastrigin,CSA,19,4215304.397556724
1000,f6_rastrigin,CMAES,0,107311.48454927925
1000,f6_rastrigin,CMAES,1,101142.30531907603
1000,f6_rastrigin,CMAES,2,107905.9060821149
1000,f6_rastrigin,CMAES,3,100800.7776126767
1000,f6_rastrigin,CMAES,4,107245.09277853047
1000,f6_rastrigin,CMAES,5,105461.21659278104
1000,f6_rastrigin,CMAES,6,108407.63567841944
1000,f6_rastrigin,CMAES,7,97463.27851575456
1000,f6_rastrigin,CMAES,8,106168.00504695822
1000,f6_rastrigin,CMAES,9,110137.68478790516
1000,f6_rastrigin,CMAES,10,103162.0185187945
1000,f6_rastrigin,CMAES,11,102995.99413073856
1000,f6_rastrigin,CMAES,12,100699.49970992842
1000,f6_rastrigin,CMAES,13,109481.63945052835
1000,f6_rastrigin,CMAES,14,109763.09488855927
1000,f6_rastrigin,CMAES,15,111888.63912227933
1000,f6_rastrigin,CMAES,16,117150.99407956135
1000,f6_rastrigin,CMAES,17,108784.54403644521
1000,f6_rastrigin,CMAES,18,110067.15142606653
1000,f6_rastrigin,CMAES,19,106818.78994571406
1000,f7_ackley,Original PSO,0,21.314382032155866
1000,f7_ackley,Original PSO,1,21.29589375314702
1000,f7_ackley,Original PSO,2,21.282894375553003
1000,f7_ackley,Original PSO,3,21.285197182578255
1000,f7_ackley,Original PSO,4,21.219179943708095
1000,f7_ackley,Original PSO,5,21.515578505074956
1000,f7_ackley,Original PSO,6,21.32695667272135
1000,f7_ackley,Original PSO,7,21.28698283407557
1000,f7_ackley,Original PSO,8,21.219733896271112
1000,f7_ackley,Original PSO,9,21.29967920952617
1000,f7_ackley,Original PSO,10,21.416627186177113
1000,f7_ackley,Original PSO,11,21.310074082648125
1000,f7_ackley,Original PSO,12,21.29970612858378
1000,f7_ackley,Original PSO,13,21.29680594712448
1000,f7_ackley,Original PSO,14,21.298098148662504
1000,f7_ackley,Original PSO,15,21.319902989595196
1000,f7_ackley,Original PSO,16,21.268772183901092
1000,f7_ackley,Original PSO,17,21.319167915994075
1000,f7_ackley,Original PSO,18,21.373724694766615
1000,f7_ackley,Original PSO,19,21.298169659832002
1000,f7_ackley,PSO-m,0,21.61778478026679
1000,f7_ackley,PSO-m,1,21.58388770097646
1000,f7_ackley,PSO-m,2,21.60633613805785
1000,f7_ackley,PSO-m,3,21.621400084629038
1000,f7_ackley,PSO-m,4,21.626903790310706
1000,f7_ackley,PSO-m,5,21.5918447321701
1000,f7_ackley,PSO-m,6,21.612509029209424
1000,f7_ackley,PSO-m,7,21.612880305689536
1000,f7_ackley,PSO-m,8,21.6100651594543
1000,f7_ackley,PSO-m,9,21.55384028618371
1000,f7_ackley,PSO-m,10,21.616378260347833
1000,f7_ackley,PSO-m,11,21.608616859168663
1000,f7_ackley,PSO-m,12,21.605883080658888
1000,f7_ackley,PSO-m,13,21.577188684064634
1000,f7_ackley,PSO-m,14,21.59276907521351
1000,f7_ackley,PSO-m,15,21.594287953926653
1000,f7_ackley,PSO-m,16,21.61069173900728
1000,f7_ackley,PSO-m,17,21.579318351447345
1000,f7_ackley,PSO-m,18,21.615941570475503
1000,f7_ackley,PSO-m,19,21.577249968428173
1000,f7_ackley,PSO-RIW,0,21.289222001053094
1000,f7_ackley,PSO-RIW,1,21.32858327097018
1000,f7_ackley,PSO-RIW,2,21.31065603142899
1000,f7_ackley,PSO-RIW,3,21.33753297187965
1000,f7_ackley,PSO-RIW,4,21.564247008930966
1000,f7_ackley,PSO-RIW,5,21.228382045292364
1000,f7_ackley,PSO-RIW,6,21.386199391622124
1000,f7_ackley,PSO-RIW,7,21.529380505304374
1000,f7_ackley,PSO-RIW,8,21.280531734399368
1000,f7_ackley,PSO-RIW,9,21.335213513662136
1000,f7_ackley,PSO-RIW,10,21.339807464299078
1000,f7_ackley,PSO-RIW,11,21.319397842280317
1000,f7_ackley,PSO-RIW,12,21.438994265087544
1000,f7_ackley,PSO-RIW,13,21.29420317129572
1000,f7_ackley,PSO-RIW,14,21.45812913733828
1000,f7_ackley,PSO-RIW,15,21.454824744675186
1000,f7_ackley,PSO-RIW,16,21.297897768551078
1000,f7_ackley,PSO-RIW,17,21.23729848216628
1000,f7_ackley,PSO-RIW,18,21.311030312583284
1000,f7_ackley,PSO-RIW,19,21.247311388035584
1000,f7_ackley,HPPSO_Modified,0,21.54655370750832
1000,f7_ackley,HPPSO_Modified,1,21.58989888676714
1000,f7_ackley,HPPSO_Modified,2,21.52607325088827
1000,f7_ackley,HPPSO_Modified,3,21.52731971900399
1000,f7_ackley,HPPSO_Modified,4,21.608655881907236
1000,f7_ackley,HPPSO_Modified,5,21.59080271202408
1000,f7_ackley,HPPSO_Modified,6,21.552848019915764
1000,f7_ackley,HPPSO_Modified,7,21.576492490272827
1000,f7_ackley,HPPSO_Modified,8,21.551658067605533
1000,f7_ackley,HPPSO_Modified,9,21.497789651702792
1000,f7_ackley,HPPSO_Modified,10,21.549064704996415
1000,f7_ackley,HPPSO_Modified,11,21.548696363728904
1000,f7_ackley,HPPSO_Modified,12,21.51386962635429
1000,f7_ackley,HPPSO_Modified,13,21.572857997561837
1000,f7_ackley,HPPSO_Modified,14,21.577731040938698
1000,f7_ackley,HPPSO_Modified,15,21.6101181693088
1000,f7_ackley,HPPSO_Modified,16,21.561237430180867
1000,f7_ackley,HPPSO_Modified,17,21.603216709315895
1000,f7_ackley,HPPSO_Modified,18,21.559815472967923
1000,f7_ackley,HPPSO_Modified,19,21.527483736154426
1000,f7_ackley,GA-MPC,0,21.408852105790384
1000,f7_ackley,GA-MPC,1,21.413362954484047
1000,f7_ackley,GA-MPC,2,21.45507074596468
1000,f7_ackley,GA-MPC,3,21.43249301754019
1000,f7_ackley,GA-MPC,4,21.440016052948422
1000,f7_ackley,GA-MPC,5,21.42938301470293
1000,f7_ackley,GA-MPC,6,21.437432314467895
1000,f7_ackley,GA-MPC,7,21.441805329353095
1000,f7_ackley,GA-MPC,8,21.45235995653602
1000,f7_ackley,GA-MPC,9,21.409863840556998
1000,f7_ackley,GA-MPC,10,21.394335516473635
1000,f7_ackley,GA-MPC,11,21.410888570167263
1000,f7_ackley,GA-MPC,12,21.418919835729803
1000,f7_ackley,GA-MPC,13,21.4549886143106
1000,f7_ackley,GA-MPC,14,21.441740385208025
1000,f7_ackley,GA-MPC,15,21.364821966475997
1000,f7_ackley,GA-MPC,16,21.40852041037814
1000,f7_ackley,GA-MPC,17,21.418056981521154
1000,f7_ackley,GA-MPC,18,21.42159221473989
1000,f7_ackley,GA-MPC,19,21.38020165553976
1000,f7_ackley,GWO,0,21.621176335241753
1000,f7_ackley,GWO,1,21.62033886619151
1000,f7_ackley,GWO,2,21.625962035081663
1000,f7_ackley,GWO,3,21.628254566343664
1000,f7_ackley,GWO,4,21.613553904109068
1000,f7_ackley,GWO,5,21.612909087012067
1000,f7_ackley,GWO,6,21.61795109627472
1000,f7_ackley,GWO,7,21.63200671921356
1000,f7_ackley,GWO,8,21.6252397557075
1000,f7_ackley,GWO,9,21.62451076373901
1000,f7_ackley,GWO,10,21.625538844358168
1000,f7_ackley,GWO,11,21.63695022035566
1000,f7_ackley,GWO,12,21.62932736943906
1000,f7_ackley,GWO,13,21.6234774316212
1000,f7_ackley,GWO,14,21.6225418393908
1000,f7_ackley,GWO,15,21.616458015671565
1000,f7_ackley,GWO,16,21.629094479743166
1000,f7_ackley,GWO,17,21.62077452162834
1000,f7_ackley,GWO,18,21.62389068142847
1000,f7_ackley,GWO,19,21.625383630414824
1000,f7_ackley,SHADE,0,21.434776329663315
1000,f7_ackley,SHADE,1,21.426219215960174
1000,f7_ackley,SHADE,2,21.434332395340796
1000,f7_ackley,SHADE,3,21.423682989863412
1000,f7_ackley,SHADE,4,21.434057398557552
1000,f7_ackley,SHADE,5,21.44123951425193
1000,f7_ackley,SHADE,6,21.420596266006594
1000,f7_ackley,SHADE,7,21.449840564018725
1000,f7_ackley,SHADE,8,21.428991811728185
1000,f7_ackley,SHADE,9,21.443573272350218
1000,f7_ackley,SHADE,10,21.435827810588634
1000,f7_ackley,SHADE,11,21.415536595905387
1000,f7_ackley,SHADE,12,21.429555241534427
1000,f7_ackley,SHADE,13,21.43211808493655
1000,f7_ackley,SHADE,14,21.424089460560484
1000,f7_ackley,SHADE,15,21.433323297902106
1000,f7_ackley,SHADE,16,21.42277557776975
1000,f7_ackley,SHADE,17,21.425929917561295
1000,f7_ackley,SHADE,18,21.433654331359776
1000,f7_ackley,SHADE,19,21.421256690521094
1000,f7_ackley,CSA,0,21.532437991231152
1000,f7_ackley,CSA,1,21.527719033521677
1000,f7_ackley,CSA,2,21.553822628250753
1000,f7_ackley,CSA,3,21.54742202005989
1000,f7_ackley,CSA,4,21.586272219013566
1000,f7_ackley,CSA,5,21.512338110328262
1000,f7_ackley,CSA,6,21.590775596729454
1000,f7_ackley,CSA,7,21.559771852912224
1000,f7_ackley,CSA,8,21.618043242834673
1000,f7_ackley,CSA,9,21.579523973715705
1000,f7_ackley,CSA,10,21.557193515863258
1000,f7_ackley,CSA,11,21.637880654069097
1000,f7_ackley,CSA,12,21.58016631972798
1000,f7_ackley,CSA,13,21.605320720391962
1000,f7_ackley,CSA,14,21.607123944618085
1000,f7_ackley,CSA,15,21.53471301701776
1000,f7_ackley,CSA,16,21.58921259749758
1000,f7_ackley,CSA,17,21.59266043616185
1000,f7_ackley,CSA,18,21.624778097208715
1000,f7_ackley,CSA,19,21.536938752610265
1000,f7_ackley,CMAES,0,21.612487896043216
1000,f7_ackley,CMAES,1,21.634047390862403
1000,f7_ackley,CMAES,2,21.60071363689964
1000,f7_ackley,CMAES,3,21.633902658238537
1000,f7_ackley,CMAES,4,21.619685844083385
1000,f7_ackley,CMAES,5,21.630920915274622
1000,f7_ackley,CMAES,6,21.621240853355978
1000,f7_ackley,CMAES,7,21.628761903359873
1000,f7_ackley,CMAES,8,21.628934260802527
1000,f7_ackley,CMAES,9,21.619727085254564
1000,f7_ackley,CMAES,10,21.62755048620178
1000,f7_ackley,CMAES,11,21.614435823970894
1000,f7_ackley,CMAES,12,21.630673173250667
1000,f7_ackley,CMAES,13,21.630439022594175
1000,f7_ackley,CMAES,14,21.623081779651688
1000,f7_ackley,CMAES,15,21.626793894485008
1000,f7_ackley,CMAES,16,21.627959544278436
1000,f7_ackley,CMAES,17,21.625210518561815
1000,f7_ackley,CMAES,18,21.623234729000995
1000,f7_ackley,CMAES,19,21.62057661460496
1000,f8_griewank,Original PSO,0,911.7446018345391
1000,f8_griewank,Original PSO,1,964.2335642931073
1000,f8_griewank,Original PSO,2,1018.3280042651843
1000,f8_griewank,Original PSO,3,969.8527143859205
1000,f8_griewank,Original PSO,4,1001.4815204972704
1000,f8_griewank,Original PSO,5,966.4656588524608
1000,f8_griewank,Original PSO,6,978.6652054259343
1000,f8_griewank,Original PSO,7,953.4873448450772
1000,f8_griewank,Original PSO,8,955.8067911831267
1000,f8_griewank,Original PSO,9,963.6292889930583
1000,f8_griewank,Original PSO,10,941.3350221877411
1000,f8_griewank,Original PSO,11,996.58916584814
1000,f8_griewank,Original PSO,12,938.7860150522877
1000,f8_griewank,Original PSO,13,929.4593163019937
1000,f8_griewank,Original PSO,14,991.6185780607502
1000,f8_griewank,Original PSO,15,890.3658751432625
1000,f8_griewank,Original PSO,16,920.3689447642972
1000,f8_griewank,Original PSO,17,926.7192384512973
1000,f8_griewank,Original PSO,18,908.4980280809931
1000,f8_griewank,Original PSO,19,977.5192627247083
1000,f8_griewank,PSO-m,0,559.9084624177145
1000,f8_griewank,PSO-m,1,537.0448720606139
1000,f8_griewank,PSO-m,2,553.8271761337737
1000,f8_griewank,PSO-m,3,589.452647993477
1000,f8_griewank,PSO-m,4,546.5543707358904
1000,f8_griewank,PSO-m,5,559.9815673656943
1000,f8_griewank,PSO-m,6,529.2366086763456
1000,f8_griewank,PSO-m,7,544.2777325371874
1000,f8_griewank,PSO-m,8,531.6576168146596
1000,f8_griewank,PSO-m,9,595.6564403797652
1000,f8_griewank,PSO-m,10,538.3228362160985
1000,f8_griewank,PSO-m,11,512.1004817356807
1000,f8_griewank,PSO-m,12,517.4883396002028
1000,f8_griewank,PSO-m,13,554.8729178777817
1000,f8_griewank,PSO-m,14,591.127279279961
1000,f8_griewank,PSO-m,15,521.9291993681271
1000,f8_griewank,PSO-m,16,559.586181588836
1000,f8_griewank,PSO-m,17,546.5365851940354
1000,f8_griewank,PSO-m,18,551.4700383010204
1000,f8_griewank,PSO-m,19,550.5026818888142
1000,f8_griewank,PSO-RIW,0,892.298586890075
1000,f8_griewank,PSO-RIW,1,1024.668790050123
1000,f8_griewank,PSO-RIW,2,864.7108001885697
1000,f8_griewank,PSO-RIW,3,1007.0099297052435
1000,f8_griewank,PSO-RIW,4,897.1782301251911
1000,f8_griewank,PSO-RIW,5,904.5392176110374
1000,f8_griewank,PSO-RIW,6,899.2082216068393
1000,f8_griewank,PSO-RIW,7,997.2728683069893
1000,f8_griewank,PSO-RIW,8,934.0072677885278
1000,f8_griewank,PSO-RIW,9,964.178757758724
1000,f8_griewank,PSO-RIW,10,853.8403127321988
1000,f8_griewank,PSO-RIW,11,909.222985084064
1000,f8_griewank,PSO-RIW,12,928.0227578463092
1000,f8_griewank,PSO-RIW,13,916.1727746928656
1000,f8_griewank,PSO-RIW,14,958.11772953166
1000,f8_griewank,PSO-RIW,15,1024.6408883013823
1000,f8_griewank,PSO-RIW,16,857.0283236309998
1000,f8_griewank,PSO-RIW,17,834.8294924381098
1000,f8_griewank,PSO-RIW,18,878.0081930224853
1000,f8_griewank,PSO-RIW,19,951.7684391502636
1000,f8_griewank,HPPSO_Modified,0,321.49905009550446
1000,f8_griewank,HPPSO_Modified,1,357.0494232989936
1000,f8_griewank,HPPSO_Modified,2,360.3232244387441
1000,f8_griewank,HPPSO_Modified,3,296.4168692982645
1000,f8_griewank,HPPSO_Modified,4,296.4794738452685
1000,f8_griewank,HPPSO_Modified,5,353.46848965945054
1000,f8_griewank,HPPSO_Modified,6,343.9042402188535
1000,f8_griewank,HPPSO_Modified,7,358.3822960443434
1000,f8_griewank,HPPSO_Modified,8,315.37995705216844
1000,f8_griewank,HPPSO_Modified,9,318.71631120612335
1000,f8_griewank,HPPSO_Modified,10,300.81586023280164
1000,f8_griewank,HPPSO_Modified,11,320.6439249998336
1000,f8_griewank,HPPSO_Modified,12,317.5279171919352
1000,f8_griewank,HPPSO_Modified,13,373.65167204522993
1000,f8_griewank,HPPSO_Modified,14,276.5021284575291
1000,f8_griewank,HPPSO_Modified,15,365.03150285085906
1000,f8_griewank,HPPSO_Modified,16,325.82400000574853
1000,f8_griewank,HPPSO_Modified,17,332.93019877353845
1000,f8_griewank,HPPSO_Modified,18,319.4543437310329
1000,f8_griewank,HPPSO_Modified,19,277.33406626050885
1000,f8_griewank,GA-MPC,0,678.6685428646799
1000,f8_griewank,GA-MPC,1,685.1154798033
1000,f8_griewank,GA-MPC,2,699.5723456122107
1000,f8_griewank,GA-MPC,3,684.4185273136385
1000,f8_griewank,GA-MPC,4,669.3911468183418
1000,f8_griewank,GA-MPC,5,703.7119031774301
1000,f8_griewank,GA-MPC,6,719.7557537784612
1000,f8_griewank,GA-MPC,7,746.8056411101603
1000,f8_griewank,GA-MPC,8,721.346485750663
1000,f8_griewank,GA-MPC,9,719.9874490887635
1000,f8_griewank,GA-MPC,10,708.9516806192106
1000,f8_griewank,GA-MPC,11,647.2300638703446
1000,f8_griewank,GA-MPC,12,734.3669087374185
1000,f8_griewank,GA-MPC,13,743.6308562452602
1000,f8_griewank,GA-MPC,14,702.4325785030403
1000,f8_griewank,GA-MPC,15,658.2136399938662
1000,f8_griewank,GA-MPC,16,688.7225041527355
1000,f8_griewank,GA-MPC,17,664.4615937901414
1000,f8_griewank,GA-MPC,18,663.7062836582982
1000,f8_griewank,GA-MPC,19,725.0774600936838
1000,f8_griewank,GWO,0,555.9817972917778
1000,f8_griewank,GWO,1,562.7702287285113
1000,f8_griewank,GWO,2,533.9339251906372
1000,f8_griewank,GWO,3,540.1924902804057
1000,f8_griewank,GWO,4,541.4959947524918
1000,f8_griewank,GWO,5,555.7484181113401
1000,f8_griewank,GWO,6,547.3157415224545
1000,f8_griewank,GWO,7,554.6027083224346
1000,f8_griewank,GWO,8,549.9073564137572
1000,f8_griewank,GWO,9,553.9775119427375
1000,f8_griewank,GWO,10,550.9895927816385
1000,f8_griewank,GWO,11,546.4393439079935
1000,f8_griewank,GWO,12,551.4412987102206
1000,f8_griewank,GWO,13,559.5146784058034
1000,f8_griewank,GWO,14,559.7407130623538
1000,f8_griewank,GWO,15,542.8698077962024
1000,f8_griewank,GWO,16,555.9160827418516
1000,f8_griewank,GWO,17,569.4220931784283
1000,f8_griewank,GWO,18,566.9327001571033
1000,f8_griewank,GWO,19,542.3660946708135
1000,f8_griewank,SHADE,0,478.6007360942843
1000,f8_griewank,SHADE,1,504.1842373127759
1000,f8_griewank,SHADE,2,483.41374517255576
1000,f8_griewank,SHADE,3,489.21424728126465
1000,f8_griewank,SHADE,4,518.3162661606129
1000,f8_griewank,SHADE,5,523.2181455842783
1000,f8_griewank,SHADE,6,531.2766757849994
1000,f8_griewank,SHADE,7,548.238693934948
1000,f8_griewank,SHADE,8,501.9032125146399
1000,f8_griewank,SHADE,9,530.0370444552942
1000,f8_griewank,SHADE,10,540.4931514134496
1000,f8_griewank,SHADE,11,561.0201227943571
1000,f8_griewank,SHADE,12,502.54925747985857
1000,f8_griewank,SHADE,13,475.0413407907282
1000,f8_griewank,SHADE,14,486.55282885016373
1000,f8_griewank,SHADE,15,508.70845084112136
1000,f8_griewank,SHADE,16,508.51527930736137
1000,f8_griewank,SHADE,17,502.76349592938004
1000,f8_griewank,SHADE,18,469.1467094794234
1000,f8_griewank,SHADE,19,522.7634827763186
1000,f8_griewank,CSA,0,1144.986108433653
1000,f8_griewank,CSA,1,877.2831824716867
1000,f8_griewank,CSA,2,870.4393854774034
1000,f8_griewank,CSA,3,952.313505844315
1000,f8_griewank,CSA,4,801.0925752146863
1000,f8_griewank,CSA,5,1067.1410229327232
1000,f8_griewank,CSA,6,1057.9758965111926
1000,f8_griewank,CSA,7,1066.1664736363568
1000,f8_griewank,CSA,8,1224.928110945381
1000,f8_griewank,CSA,9,1091.5183566475928
1000,f8_griewank,CSA,10,926.5089154335044
1000,f8_griewank,CSA,11,1048.1651743962625
1000,f8_griewank,CSA,12,932.7962027653931
1000,f8_griewank,CSA,13,1081.6953353929152
1000,f8_griewank,CSA,14,1015.9344736403416
1000,f8_griewank,CSA,15,883.2767473220763
1000,f8_griewank,CSA,16,909.7436390907352
1000,f8_griewank,CSA,17,933.0918357118627
1000,f8_griewank,CSA,18,1052.359305523736
1000,f8_griewank,CSA,19,1095.3043022514655
1000,f8_griewank,CMAES,0,25.379287928728832
1000,f8_griewank,CMAES,1,23.341274576111154
1000,f8_griewank,CMAES,2,26.2784843432708
1000,f8_griewank,CMAES,3,25.097969187518625
1000,f8_griewank,CMAES,4,24.362565126664734
1000,f8_griewank,CMAES,5,25.092248839735216
1000,f8_griewank,CMAES,6,24.423165073720213
1000,f8_griewank,CMAES,7,25.26818297369003
1000,f8_griewank,CMAES,8,23.266350123975965
1000,f8_griewank,CMAES,9,23.340999160401015
1000,f8_griewank,CMAES,10,26.37816320584162
1000,f8_griewank,CMAES,11,23.63489465031589
1000,f8_griewank,CMAES,12,25.12288229306516
1000,f8_griewank,CMAES,13,22.85294354859853
1000,f8_griewank,CMAES,14,25.678523759790327
1000,f8_griewank,CMAES,15,23.305784084132455
1000,f8_griewank,CMAES,16,25.192752833342404
1000,f8_griewank,CMAES,17,24.054492343409482
1000,f8_griewank,CMAES,18,24.992937840326213
1000,f8_griewank,CMAES,19,23.52809895637046
1000,f9_weierstrass,Original PSO,0,1699.9364788479843
1000,f9_weierstrass,Original PSO,1,1641.2278475173293
1000,f9_weierstrass,Original PSO,2,1711.2666395048639
1000,f9_weierstrass,Original PSO,3,1628.1292705455633
1000,f9_weierstrass,Original PSO,4,1752.9499268509223
1000,f9_weierstrass,Original PSO,5,1669.0038626391772
1000,f9_weierstrass,Original PSO,6,1611.9745815655333
1000,f9_weierstrass,Original PSO,7,1670.4874694994216
1000,f9_weierstrass,Original PSO,8,1686.4936892233045
1000,f9_weierstrass,Original PSO,9,1653.5916562538387
1000,f9_weierstrass,Original PSO,10,1694.2423355922813
1000,f9_weierstrass,Original PSO,11,1740.2084586464998
1000,f9_weierstrass,Original PSO,12,1615.8259670464768
1000,f9_weierstrass,Original PSO,13,1635.1755458509151
1000,f9_weierstrass,Original PSO,14,1585.6111528990416
1000,f9_weierstrass,Original PSO,15,1627.5543159558501
1000,f9_weierstrass,Original PSO,16,1587.429338356385
1000,f9_weierstrass,Original PSO,17,1674.7269543143916
1000,f9_weierstrass,Original PSO,18,1714.448916321985
1000,f9_weierstrass,Original PSO,19,1691.3097308353827
1000,f9_weierstrass,PSO-m,0,1887.9937118748394
1000,f9_weierstrass,PSO-m,1,1904.9512188881874
1000,f9_weierstrass,PSO-m,2,1865.7572476988416
1000,f9_weierstrass,PSO-m,3,1857.5272323196668
1000,f9_weierstrass,PSO-m,4,1845.499575580403
1000,f9_weierstrass,PSO-m,5,1863.6700938250826
1000,f9_weierstrass,PSO-m,6,1845.4268233561838
1000,f9_weierstrass,PSO-m,7,1875.9473240697
1000,f9_weierstrass,PSO-m,8,1876.206842876143
1000,f9_weierstrass,PSO-m,9,1884.137125739619
1000,f9_weierstrass,PSO-m,10,1877.5596137896728
1000,f9_weierstrass,PSO-m,11,1875.0780805875838
1000,f9_weierstrass,PSO-m,12,1873.223656186244
1000,f9_weierstrass,PSO-m,13,1826.4977363693488
1000,f9_weierstrass,PSO-m,14,1884.3170848076538
1000,f9_weierstrass,PSO-m,15,1886.0534213371457
1000,f9_weierstrass,PSO-m,16,1860.0335823123796
1000,f9_weierstrass,PSO-m,17,1875.1287638804745
1000,f9_weierstrass,PSO-m,18,1858.3125578580111
1000,f9_weierstrass,PSO-m,19,1871.2616192543587
1000,f9_weierstrass,PSO-RIW,0,1716.7510338068969
1000,f9_weierstrass,PSO-RIW,1,1645.6621533691373
1000,f9_weierstrass,PSO-RIW,2,1762.4789116606767
1000,f9_weierstrass,PSO-RIW,3,1631.3398581028302
1000,f9_weierstrass,PSO-RIW,4,1622.1444964249613
1000,f9_weierstrass,PSO-RIW,5,1703.7188808329106
1000,f9_weierstrass,PSO-RIW,6,1666.5363182962865
1000,f9_weierstrass,PSO-RIW,7,1616.8208557738117
1000,f9_weierstrass,PSO-RIW,8,1710.3500290079426
1000,f9_weierstrass,PSO-RIW,9,1703.8464218275426
1000,f9_weierstrass,PSO-RIW,10,1671.5684248102511
1000,f9_weierstrass,PSO-RIW,11,1708.674526256238
1000,f9_weierstrass,PSO-RIW,12,1684.1296699123648
1000,f9_weierstrass,PSO-RIW,13,1610.1319320194664
1000,f9_weierstrass,PSO-RIW,14,1567.8736933534049
1000,f9_weierstrass,PSO-RIW,15,1650.9876950480648
1000,f9_weierstrass,PSO-RIW,16,1762.0198671107012
1000,f9_weierstrass,PSO-RIW,17,1681.1057038916588
1000,f9_weierstrass,PSO-RIW,18,1717.745478052914
1000,f9_weierstrass,PSO-RIW,19,1666.4206526678777
1000,f9_weierstrass,HPPSO_Modified,0,1789.4553449769714
1000,f9_weierstrass,HPPSO_Modified,1,1851.37649553645
1000,f9_weierstrass,HPPSO_Modified,2,1816.2738194339831
1000,f9_weierstrass,HPPSO_Modified,3,1871.2894240630917
1000,f9_weierstrass,HPPSO_Modified,4,1820.216415867916
1000,f9_weierstrass,HPPSO_Modified,5,1816.2577150797151
1000,f9_weierstrass,HPPSO_Modified,6,1836.3224225890197
1000,f9_weierstrass,HPPSO_Modified,7,1811.1804297166177
1000,f9_weierstrass,HPPSO_Modified,8,1858.6758491434134
1000,f9_weierstrass,HPPSO_Modified,9,1848.5664293410196
1000,f9_weierstrass,HPPSO_Modified,10,1843.983101446012
1000,f9_weierstrass,HPPSO_Modified,11,1881.5611357619778
1000,f9_weierstrass,HPPSO_Modified,12,1761.99961821918
1000,f9_weierstrass,HPPSO_Modified,13,1822.2007858916218
1000,f9_weierstrass,HPPSO_Modified,14,1738.229303483482
1000,f9_weierstrass,HPPSO_Modified,15,1841.4165363517425
1000,f9_weierstrass,HPPSO_Modified,16,1780.620548162527
1000,f9_weierstrass,HPPSO_Modified,17,1758.0648850806133
1000,f9_weierstrass,HPPSO_Modified,18,1734.202133916212
1000,f9_weierstrass,HPPSO_Modified,19,1832.4645846142266
1000,f9_weierstrass,GA-MPC,0,1688.1074968961966
1000,f9_weierstrass,GA-MPC,1,1663.3600304297513
1000,f9_weierstrass,GA-MPC,2,1650.8528763552106
1000,f9_weierstrass,GA-MPC,3,1641.0615099935626
1000,f9_weierstrass,GA-MPC,4,1741.7294366611955
1000,f9_weierstrass,GA-MPC,5,1666.1907388956208
1000,f9_weierstrass,GA-MPC,6,1681.7159375664537
1000,f9_weierstrass,GA-MPC,7,1684.7793840774816
1000,f9_weierstrass,GA-MPC,8,1679.4718826477906
1000,f9_weierstrass,GA-MPC,9,1723.2506730255425
1000,f9_weierstrass,GA-MPC,10,1668.21582738122
1000,f9_weierstrass,GA-MPC,11,1714.6259131356828
1000,f9_weierstrass,GA-MPC,12,1675.7540938472937
1000,f9_weierstrass,GA-MPC,13,1667.5008902717123
1000,f9_weierstrass,GA-MPC,14,1716.6550596802372
1000,f9_weierstrass,GA-MPC,15,1688.7027062568254
1000,f9_weierstrass,GA-MPC,16,1689.1805475714377
1000,f9_weierstrass,GA-MPC,17,1674.322952660952
1000,f9_weierstrass,GA-MPC,18,1631.0470544861673
1000,f9_weierstrass,GA-MPC,19,1720.9777796228268
1000,f9_weierstrass,GWO,0,1887.1494153236063
1000,f9_weierstrass,GWO,1,1897.4217575709115
1000,f9_weierstrass,GWO,2,1888.503195489802
1000,f9_weierstrass,GWO,3,1899.590287935063
1000,f9_weierstrass,GWO,4,1901.2866329495823
1000,f9_weierstrass,GWO,5,1890.5693349152061
1000,f9_weierstrass,GWO,6,1898.5334165562474
1000,f9_weierstrass,GWO,7,1903.8699854547303
1000,f9_weierstrass,GWO,8,1903.577034015729
1000,f9_weierstrass,GWO,9,1893.1969456726968
1000,f9_weierstrass,GWO,10,1894.9163375336757
1000,f9_weierstrass,GWO,11,1879.3689898476036
1000,f9_weierstrass,GWO,12,1886.0388536371966
1000,f9_weierstrass,GWO,13,1891.3588763069888
1000,f9_weierstrass,GWO,14,1897.4829207703278
1000,f9_weierstrass,GWO,15,1891.6450129736027
1000,f9_weierstrass,GWO,16,1896.3676681753575
1000,f9_weierstrass,GWO,17,1901.3254918802309
1000,f9_weierstrass,GWO,18,1902.10110737237
1000,f9_weierstrass,GWO,19,1894.6117106597583
1000,f9_weierstrass,SHADE,0,1700.5575062425532
1000,f9_weierstrass,SHADE,1,1712.8917243644707
1000,f9_weierstrass,SHADE,2,1692.2551809152305
1000,f9_weierstrass,SHADE,3,1701.1760567236795
1000,f9_weierstrass,SHADE,4,1700.3054060238037
1000,f9_weierstrass,SHADE,5,1720.6735952491538
1000,f9_weierstrass,SHADE,6,1703.4998372681218
1000,f9_weierstrass,SHADE,7,1728.52041393098
1000,f9_weierstrass,SHADE,8,1710.3520884582422
1000,f9_weierstrass,SHADE,9,1706.5865865456183
1000,f9_weierstrass,SHADE,10,1691.5983943110352
1000,f9_weierstrass,SHADE,11,1716.3058953672953
1000,f9_weierstrass,SHADE,12,1713.8423596556222
1000,f9_weierstrass,SHADE,13,1698.3079319423703
1000,f9_weierstrass,SHADE,14,1699.9826668386445
1000,f9_weierstrass,SHADE,15,1705.2388220928547
1000,f9_weierstrass,SHADE,16,1705.505762165567
1000,f9_weierstrass,SHADE,17,1706.1114951490533
1000,f9_weierstrass,SHADE,18,1706.5822994214327
1000,f9_weierstrass,SHADE,19,1710.5397917527573
1000,f9_weierstrass,CSA,0,1807.4649735730095
1000,f9_weierstrass,CSA,1,1861.0808396142136
1000,f9_weierstrass,CSA,2,1828.9132276247667
1000,f9_weierstrass,CSA,3,1879.7241929988352
1000,f9_weierstrass,CSA,4,1808.0330776366588
1000,f9_weierstrass,CSA,5,1853.2816551957994
1000,f9_weierstrass,CSA,6,1856.3044494708504
1000,f9_weierstrass,CSA,7,1851.5145809710766
1000,f9_weierstrass,CSA,8,1837.59009110232
1000,f9_weierstrass,CSA,9,1859.8525446417345
1000,f9_weierstrass,CSA,10,1840.8123965466752
1000,f9_weierstrass,CSA,11,1866.554682049028
1000,f9_weierstrass,CSA,12,1865.641515195777
1000,f9_weierstrass,CSA,13,1919.7333457574985
1000,f9_weierstrass,CSA,14,1898.0055099443287
1000,f9_weierstrass,CSA,15,1859.3319120091658
1000,f9_weierstrass,CSA,16,1837.6596680329635
1000,f9_weierstrass,CSA,17,1840.9794115678121
1000,f9_weierstrass,CSA,18,1845.3522044584718
1000,f9_weierstrass,CSA,19,1839.80511075676
1000,f9_weierstrass,CMAES,0,1883.8854185171529
1000,f9_weierstrass,CMAES,1,1899.9350836768433
1000,f9_weierstrass,CMAES,2,1906.5434345571036
1000,f9_weierstrass,CMAES,3,1903.643898201756
1000,f9_weierstrass,CMAES,4,1882.8350892493052
1000,f9_weierstrass,CMAES,5,1886.669653255005
1000,f9_weierstrass,CMAES,6,1900.3127864806672
1000,f9_weierstrass,CMAES,7,1902.7603811973995
1000,f9_weierstrass,CMAES,8,1896.431945665369
1000,f9_weierstrass,CMAES,9,1904.8311435161445
1000,f9_weierstrass,CMAES,10,1897.1019185926257
1000,f9_weierstrass,CMAES,11,1886.0619848252138
1000,f9_weierstrass,CMAES,12,1897.3910628132228
1000,f9_weierstrass,CMAES,13,1894.5195975032211
1000,f9_weierstrass,CMAES,14,1904.0282833538047
1000,f9_weierstrass,CMAES,15,1901.1570426649757
1000,f9_weierstrass,CMAES,16,1888.8709150136272
1000,f9_weierstrass,CMAES,17,1905.9742085505698
1000,f9_weierstrass,CMAES,18,1893.136029973481
1000,f9_weierstrass,CMAES,19,1873.474326610689
1000,f10_levy,Original PSO,0,1123588.8219877149
1000,f10_levy,Original PSO,1,1111293.628294176
1000,f10_levy,Original PSO,2,1068491.3002502644
1000,f10_levy,Original PSO,3,1193745.1994821595
1000,f10_levy,Original PSO,4,1227477.5396277092
1000,f10_levy,Original PSO,5,1359872.276037337
1000,f10_levy,Original PSO,6,1329129.8947897856
1000,f10_levy,Original PSO,7,1261505.1763965848
1000,f10_levy,Original PSO,8,1321653.7343810655
1000,f10_levy,Original PSO,9,1227706.959841251
1000,f10_levy,Original PSO,10,1120409.0119447638
1000,f10_levy,Original PSO,11,1180770.054157182
1000,f10_levy,Original PSO,12,1310062.265943458
1000,f10_levy,Original PSO,13,1142872.5754760797
1000,f10_levy,Original PSO,14,1226067.825595484
1000,f10_levy,Original PSO,15,1186953.1568988897
1000,f10_levy,Original PSO,16,1312995.7163752553
1000,f10_levy,Original PSO,17,1262005.0473122634
1000,f10_levy,Original PSO,18,1183434.934128642
1000,f10_levy,Original PSO,19,1178141.6947894248
1000,f10_levy,PSO-m,0,1274645.1742515818
1000,f10_levy,PSO-m,1,1429419.2290527918
1000,f10_levy,PSO-m,2,1242525.4604673132
1000,f10_levy,PSO-m,3,1324108.684955702
1000,f10_levy,PSO-m,4,1477912.371111318
1000,f10_levy,PSO-m,5,1528631.5480207691
1000,f10_levy,PSO-m,6,1431389.1704582705
1000,f10_levy,PSO-m,7,1463254.5371169911
1000,f10_levy,PSO-m,8,1427526.716573336
1000,f10_levy,PSO-m,9,1367840.7212749913
1000,f10_levy,PSO-m,10,1462939.0642684293
1000,f10_levy,PSO-m,11,1325482.3634265352
1000,f10_levy,PSO-m,12,1342132.7954956233
1000,f10_levy,PSO-m,13,1330240.2551211843
1000,f10_levy,PSO-m,14,1528944.3859625163
1000,f10_levy,PSO-m,15,1365398.5574882347
1000,f10_levy,PSO-m,16,1355398.6032243408
1000,f10_levy,PSO-m,17,1444191.478749362
1000,f10_levy,PSO-m,18,1591069.3021086336
1000,f10_levy,PSO-m,19,1306782.2070410226
1000,f10_levy,PSO-RIW,0,1170232.1020772324
1000,f10_levy,PSO-RIW,1,1181431.382932679
1000,f10_levy,PSO-RIW,2,1064227.2907820349
1000,f10_levy,PSO-RIW,3,1172120.834545723
1000,f10_levy,PSO-RIW,4,1141482.7328871894
1000,f10_levy,PSO-RIW,5,1137532.6364891105
1000,f10_levy,PSO-RIW,6,1305148.8128254034
1000,f10_levy,PSO-RIW,7,1141733.021848185
1000,f10_levy,PSO-RIW,8,1246920.7153306836
1000,f10_levy,PSO-RIW,9,1239388.058002955
1000,f10_levy,PSO-RIW,10,1156573.831685287
1000,f10_levy,PSO-RIW,11,1091285.2766302896
1000,f10_levy,PSO-RIW,12,1349309.6242923841
1000,f10_levy,PSO-RIW,13,1194395.9043663186
1000,f10_levy,PSO-RIW,14,1257963.8624732932
1000,f10_levy,PSO-RIW,15,1100790.7586933577
1000,f10_levy,PSO-RIW,16,1343064.9756794376
1000,f10_levy,PSO-RIW,17,1232837.679132339
1000,f10_levy,PSO-RIW,18,1199265.7576280371
1000,f10_levy,PSO-RIW,19,1175064.6527980175
1000,f10_levy,HPPSO_Modified,0,925301.1460794472
1000,f10_levy,HPPSO_Modified,1,1048820.923997314
1000,f10_levy,HPPSO_Modified,2,808922.7180302561
1000,f10_levy,HPPSO_Modified,3,876518.2484775452
1000,f10_levy,HPPSO_Modified,4,858773.9830006075
1000,f10_levy,HPPSO_Modified,5,945415.3628155215
1000,f10_levy,HPPSO_Modified,6,968252.5904984388
1000,f10_levy,HPPSO_Modified,7,862634.3856433828
1000,f10_levy,HPPSO_Modified,8,813102.9181796167
1000,f10_levy,HPPSO_Modified,9,957215.0263159527
1000,f10_levy,HPPSO_Modified,10,956276.551498131
1000,f10_levy,HPPSO_Modified,11,950963.163502247
1000,f10_levy,HPPSO_Modified,12,899543.0350799663
1000,f10_levy,HPPSO_Modified,13,905807.5693922881
1000,f10_levy,HPPSO_Modified,14,954210.4085875656
1000,f10_levy,HPPSO_Modified,15,1001896.9962660159
1000,f10_levy,HPPSO_Modified,16,931000.0972865465
1000,f10_levy,HPPSO_Modified,17,927251.7432903379
1000,f10_levy,HPPSO_Modified,18,892907.9254988361
1000,f10_levy,HPPSO_Modified,19,961278.5497159526
1000,f10_levy,GA-MPC,0,891115.4041580916
1000,f10_levy,GA-MPC,1,886082.96746273
1000,f10_levy,GA-MPC,2,898533.0768090138
1000,f10_levy,GA-MPC,3,933261.6886108235
1000,f10_levy,GA-MPC,4,987019.1086260541
1000,f10_levy,GA-MPC,5,952015.9337264666
1000,f10_levy,GA-MPC,6,894594.2401321405
1000,f10_levy,GA-MPC,7,975304.672172062
1000,f10_levy,GA-MPC,8,916252.7728601319
1000,f10_levy,GA-MPC,9,981610.641081184
1000,f10_levy,GA-MPC,10,1012129.2297255406
1000,f10_levy,GA-MPC,11,963498.9913657987
1000,f10_levy,GA-MPC,12,1023593.0193326592
1000,f10_levy,GA-MPC,13,905728.8339941585
1000,f10_levy,GA-MPC,14,989568.6430686916
1000,f10_levy,GA-MPC,15,916157.4898578444
1000,f10_levy,GA-MPC,16,898044.7229394906
1000,f10_levy,GA-MPC,17,1013923.0426735777
1000,f10_levy,GA-MPC,18,982486.0226805017
1000,f10_levy,GA-MPC,19,988210.3192652257
1000,f10_levy,GWO,0,1010905.5342729705
1000,f10_levy,GWO,1,1015898.217830274
1000,f10_levy,GWO,2,938739.076545885
1000,f10_levy,GWO,3,868355.5950206949
1000,f10_levy,GWO,4,884911.8651496932
1000,f10_levy,GWO,5,1050364.974388271
1000,f10_levy,GWO,6,913932.5707796242
1000,f10_levy,GWO,7,1049827.0506415956
1000,f10_levy,GWO,8,912753.6265194999
1000,f10_levy,GWO,9,975474.0515866744
1000,f10_levy,GWO,10,992370.3554027007
1000,f10_levy,GWO,11,888953.4986096122
1000,f10_levy,GWO,12,1065984.6995987697
1000,f10_levy,GWO,13,946319.4550005668
1000,f10_levy,GWO,14,962861.8780702043
1000,f10_levy,GWO,15,922385.6646837398
1000,f10_levy,GWO,16,1079025.7730497087
1000,f10_levy,GWO,17,808437.3198594518
1000,f10_levy,GWO,18,965903.2577629039
1000,f10_levy,GWO,19,935667.6116738407
1000,f10_levy,SHADE,0,926026.0635604474
1000,f10_levy,SHADE,1,922547.5694199285
1000,f10_levy,SHADE,2,1034369.431035428
1000,f10_levy,SHADE,3,993302.4053977224
1000,f10_levy,SHADE,4,884327.0325253215
1000,f10_levy,SHADE,5,967240.9182839361
1000,f10_levy,SHADE,6,958432.9211826754
1000,f10_levy,SHADE,7,896260.2868745932
1000,f10_levy,SHADE,8,949549.7479896708
1000,f10_levy,SHADE,9,940250.4365446828
1000,f10_levy,SHADE,10,956802.8361046957
1000,f10_levy,SHADE,11,944952.5525234799
1000,f10_levy,SHADE,12,956064.7201421874
1000,f10_levy,SHADE,13,999636.9344087507
1000,f10_levy,SHADE,14,874769.1489525206
1000,f10_levy,SHADE,15,958955.8298847175
1000,f10_levy,SHADE,16,964550.2267857583
1000,f10_levy,SHADE,17,1007184.0373440911
1000,f10_levy,SHADE,18,973273.7174377048
1000,f10_levy,SHADE,19,902981.6880461709
1000,f10_levy,CSA,0,1396356.244066963
1000,f10_levy,CSA,1,1503566.4489991965
1000,f10_levy,CSA,2,1233035.766244949
1000,f10_levy,CSA,3,1922756.3719739057
1000,f10_levy,CSA,4,1298245.671565468
1000,f10_levy,CSA,5,1412724.2825814255
1000,f10_levy,CSA,6,1599823.7572526853
1000,f10_levy,CSA,7,1780691.4182076633
1000,f10_levy,CSA,8,1201171.990417514
1000,f10_levy,CSA,9,1624712.0464209497
1000,f10_levy,CSA,10,1471373.7408222442
1000,f10_levy,CSA,11,1523792.3376862982
1000,f10_levy,CSA,12,1659294.41943548
1000,f10_levy,CSA,13,1654075.54676327
1000,f10_levy,CSA,14,1297962.385484576
1000,f10_levy,CSA,15,1563202.1986387689
1000,f10_levy,CSA,16,1224227.1409634708
1000,f10_levy,CSA,17,1412783.2754320155
1000,f10_levy,CSA,18,1328398.96839862
1000,f10_levy,CSA,19,1283411.166684827
1000,f10_levy,CMAES,0,403206.56675267546
1000,f10_levy,CMAES,1,309065.1911411594
1000,f10_levy,CMAES,2,363327.37564657134
1000,f10_levy,CMAES,3,387033.5541057046
1000,f10_levy,CMAES,4,381885.90852461354
1000,f10_levy,CMAES,5,380554.67059569166
1000,f10_levy,CMAES,6,320419.7067496913
1000,f10_levy,CMAES,7,385070.7510012103
1000,f10_levy,CMAES,8,401457.0933227043
1000,f10_levy,CMAES,9,397448.2559075661
1000,f10_levy,CMAES,10,378531.1080634127
1000,f10_levy,CMAES,11,440808.4449367653
1000,f10_levy,CMAES,12,401039.91784306295
1000,f10_levy,CMAES,13,420777.34119414806
1000,f10_levy,CMAES,14,380871.69067700853
1000,f10_levy,CMAES,15,367531.53055518976
1000,f10_levy,CMAES,16,446094.01971477957
1000,f10_levy,CMAES,17,447208.5277085778
1000,f10_levy,CMAES,18,449235.41044527723
1000,f10_levy,CMAES,19,402688.17361218494
1000,f11_schwefel_2_26,Original PSO,0,395767.9636706467
1000,f11_schwefel_2_26,Original PSO,1,390844.82783364056
1000,f11_schwefel_2_26,Original PSO,2,393340.18140641466
1000,f11_schwefel_2_26,Original PSO,3,392946.7996049042
1000,f11_schwefel_2_26,Original PSO,4,398229.76606761594
1000,f11_schwefel_2_26,Original PSO,5,396412.6985818565
1000,f11_schwefel_2_26,Original PSO,6,394676.1143340535
1000,f11_schwefel_2_26,Original PSO,7,394971.7715365806
1000,f11_schwefel_2_26,Original PSO,8,393346.3800467865
1000,f11_schwefel_2_26,Original PSO,9,393160.34655386605
1000,f11_schwefel_2_26,Original PSO,10,393667.6529870684
1000,f11_schwefel_2_26,Original PSO,11,393610.6193891693
1000,f11_schwefel_2_26,Original PSO,12,393731.8721646694
1000,f11_schwefel_2_26,Original PSO,13,393204.69684576127
1000,f11_schwefel_2_26,Original PSO,14,395255.70049828064
1000,f11_schwefel_2_26,Original PSO,15,395162.1580587941
1000,f11_schwefel_2_26,Original PSO,16,391635.2276484226
1000,f11_schwefel_2_26,Original PSO,17,393298.96804833337
1000,f11_schwefel_2_26,Original PSO,18,393863.43674863566
1000,f11_schwefel_2_26,Original PSO,19,393345.33873557876
1000,f11_schwefel_2_26,PSO-m,0,387384.28680852044
1000,f11_schwefel_2_26,PSO-m,1,385080.4021386267
1000,f11_schwefel_2_26,PSO-m,2,388957.5279578033
1000,f11_schwefel_2_26,PSO-m,3,389561.74924755766
1000,f11_schwefel_2_26,PSO-m,4,388415.4007593728
1000,f11_schwefel_2_26,PSO-m,5,392582.4044571844
1000,f11_schwefel_2_26,PSO-m,6,385725.594360361
1000,f11_schwefel_2_26,PSO-m,7,387943.6116015594
1000,f11_schwefel_2_26,PSO-m,8,387026.506213067
1000,f11_schwefel_2_26,PSO-m,9,381809.04887731775
1000,f11_schwefel_2_26,PSO-m,10,385581.9798008035
1000,f11_schwefel_2_26,PSO-m,11,390169.3941121592
1000,f11_schwefel_2_26,PSO-m,12,385305.5545830229
1000,f11_schwefel_2_26,PSO-m,13,385278.6530761781
1000,f11_schwefel_2_26,PSO-m,14,385599.4437265626
1000,f11_schwefel_2_26,PSO-m,15,388634.8706236228
1000,f11_schwefel_2_26,PSO-m,16,388952.564836607
1000,f11_schwefel_2_26,PSO-m,17,388495.46192304214
1000,f11_schwefel_2_26,PSO-m,18,385055.7381484784
1000,f11_schwefel_2_26,PSO-m,19,390547.371935354
1000,f11_schwefel_2_26,PSO-RIW,0,393283.03526750975
1000,f11_schwefel_2_26,PSO-RIW,1,392986.80817225855
1000,f11_schwefel_2_26,PSO-RIW,2,391410.749410915
1000,f11_schwefel_2_26,PSO-RIW,3,393323.0481288405
1000,f11_schwefel_2_26,PSO-RIW,4,396287.5748578253
1000,f11_schwefel_2_26,PSO-RIW,5,392802.60770470084
1000,f11_schwefel_2_26,PSO-RIW,6,391488.52863434935
1000,f11_schwefel_2_26,PSO-RIW,7,388972.39189820195
1000,f11_schwefel_2_26,PSO-RIW,8,392050.655908325
1000,f11_schwefel_2_26,PSO-RIW,9,394588.28593373444
1000,f11_schwefel_2_26,PSO-RIW,10,390257.622668201
1000,f11_schwefel_2_26,PSO-RIW,11,393207.1392161114
1000,f11_schwefel_2_26,PSO-RIW,12,394034.5276659377
1000,f11_schwefel_2_26,PSO-RIW,13,391913.05144052213
1000,f11_schwefel_2_26,PSO-RIW,14,396244.4368514425
1000,f11_schwefel_2_26,PSO-RIW,15,391114.74789735867
1000,f11_schwefel_2_26,PSO-RIW,16,394227.85738395946
1000,f11_schwefel_2_26,PSO-RIW,17,395868.1804224483
1000,f11_schwefel_2_26,PSO-RIW,18,393569.17917390284
1000,f11_schwefel_2_26,PSO-RIW,19,392924.7030624968
1000,f11_schwefel_2_26,HPPSO_Modified,0,378365.3157534467
1000,f11_schwefel_2_26,HPPSO_Modified,1,375379.6247984873
1000,f11_schwefel_2_26,HPPSO_Modified,2,377299.00310783804
1000,f11_schwefel_2_26,HPPSO_Modified,3,375647.0827532222
1000,f11_schwefel_2_26,HPPSO_Modified,4,377908.4101885644
1000,f11_schwefel_2_26,HPPSO_Modified,5,379332.08615209814
1000,f11_schwefel_2_26,HPPSO_Modified,6,379274.4481619651
1000,f11_schwefel_2_26,HPPSO_Modified,7,378414.084064306
1000,f11_schwefel_2_26,HPPSO_Modified,8,377215.68040044035
1000,f11_schwefel_2_26,HPPSO_Modified,9,377379.9031038785
1000,f11_schwefel_2_26,HPPSO_Modified,10,377828.28506423207
1000,f11_schwefel_2_26,HPPSO_Modified,11,379551.0663908565
1000,f11_schwefel_2_26,HPPSO_Modified,12,377528.89186029055
1000,f11_schwefel_2_26,HPPSO_Modified,13,378050.31670166366
1000,f11_schwefel_2_26,HPPSO_Modified,14,377435.0578891239
1000,f11_schwefel_2_26,HPPSO_Modified,15,376242.1695150904
1000,f11_schwefel_2_26,HPPSO_Modified,16,378571.60800079646
1000,f11_schwefel_2_26,HPPSO_Modified,17,375924.584094771
1000,f11_schwefel_2_26,HPPSO_Modified,18,377198.55559252016
1000,f11_schwefel_2_26,HPPSO_Modified,19,379849.53594775946
1000,f11_schwefel_2_26,GA-MPC,0,382390.20283324516
1000,f11_schwefel_2_26,GA-MPC,1,390585.07662659505
1000,f11_schwefel_2_26,GA-MPC,2,384234.89589686465
1000,f11_schwefel_2_26,GA-MPC,3,388598.97850065003
1000,f11_schwefel_2_26,GA-MPC,4,382445.46036410704
1000,f11_schwefel_2_26,GA-MPC,5,390106.22083337733
1000,f11_schwefel_2_26,GA-MPC,6,385441.5192797756
1000,f11_schwefel_2_26,GA-MPC,7,387350.10790810676
1000,f11_schwefel_2_26,GA-MPC,8,386079.58797502884
1000,f11_schwefel_2_26,GA-MPC,9,385908.2845228611
1000,f11_schwefel_2_26,GA-MPC,10,387519.2549396978
1000,f11_schwefel_2_26,GA-MPC,11,386935.5369859992
1000,f11_schwefel_2_26,GA-MPC,12,388856.7235415557
1000,f11_schwefel_2_26,GA-MPC,13,387143.51630475064
1000,f11_schwefel_2_26,GA-MPC,14,387461.416145107
1000,f11_schwefel_2_26,GA-MPC,15,386585.15598527866
1000,f11_schwefel_2_26,GA-MPC,16,385265.412680483
1000,f11_schwefel_2_26,GA-MPC,17,388063.50101808907
1000,f11_schwefel_2_26,GA-MPC,18,386653.6423198273
1000,f11_schwefel_2_26,GA-MPC,19,385338.65250174457
1000,f11_schwefel_2_26,GWO,0,395447.6026468424
1000,f11_schwefel_2_26,GWO,1,390073.48458836315
1000,f11_schwefel_2_26,GWO,2,394024.9222976499
1000,f11_schwefel_2_26,GWO,3,393461.7067137698
1000,f11_schwefel_2_26,GWO,4,392182.5602510552
1000,f11_schwefel_2_26,GWO,5,408756.0550669445
1000,f11_schwefel_2_26,GWO,6,394456.63500655146
1000,f11_schwefel_2_26,GWO,7,394988.3426916763
1000,f11_schwefel_2_26,GWO,8,393218.4182178439
1000,f11_schwefel_2_26,GWO,9,391257.4996508316
1000,f11_schwefel_2_26,GWO,10,392781.98597566714
1000,f11_schwefel_2_26,GWO,11,393438.38832535944
1000,f11_schwefel_2_26,GWO,12,391470.5823497395
1000,f11_schwefel_2_26,GWO,13,393683.21459760214
1000,f11_schwefel_2_26,GWO,14,393548.0583406258
1000,f11_schwefel_2_26,GWO,15,393530.5692281878
1000,f11_schwefel_2_26,GWO,16,394985.16881588567
1000,f11_schwefel_2_26,GWO,17,395627.11312302673
1000,f11_schwefel_2_26,GWO,18,392475.87265291385
1000,f11_schwefel_2_26,GWO,19,392633.27278427995
1000,f11_schwefel_2_26,SHADE,0,379069.0732454343
1000,f11_schwefel_2_26,SHADE,1,373520.3162907446
1000,f11_schwefel_2_26,SHADE,2,378174.80308256095
1000,f11_schwefel_2_26,SHADE,3,377174.3157255021
1000,f11_schwefel_2_26,SHADE,4,375908.3927848877
1000,f11_schwefel_2_26,SHADE,5,379691.06028367823
1000,f11_schwefel_2_26,SHADE,6,376957.1013119015
1000,f11_schwefel_2_26,SHADE,7,377992.9254886281
1000,f11_schwefel_2_26,SHADE,8,375442.6535575488
1000,f11_schwefel_2_26,SHADE,9,374929.69830890535
1000,f11_schwefel_2_26,SHADE,10,376204.1679884403
1000,f11_schwefel_2_26,SHADE,11,378222.2235260831
1000,f11_schwefel_2_26,SHADE,12,375610.3043516371
1000,f11_schwefel_2_26,SHADE,13,374031.9451396439
1000,f11_schwefel_2_26,SHADE,14,377509.1106422756
1000,f11_schwefel_2_26,SHADE,15,379970.70224890107
1000,f11_schwefel_2_26,SHADE,16,376856.94856069144
1000,f11_schwefel_2_26,SHADE,17,376636.0506162541
1000,f11_schwefel_2_26,SHADE,18,382319.3713270801
1000,f11_schwefel_2_26,SHADE,19,379183.3109009991
1000,f11_schwefel_2_26,CSA,0,408563.2928815618
1000,f11_schwefel_2_26,CSA,1,404739.8411049501
1000,f11_schwefel_2_26,CSA,2,409976.4037465189
1000,f11_schwefel_2_26,CSA,3,410508.49579512764
1000,f11_schwefel_2_26,CSA,4,410763.3145468943
1000,f11_schwefel_2_26,CSA,5,411463.0264467755
1000,f11_schwefel_2_26,CSA,6,406664.4646967432
1000,f11_schwefel_2_26,CSA,7,408200.467816971
1000,f11_schwefel_2_26,CSA,8,407743.13171444926
1000,f11_schwefel_2_26,CSA,9,412449.5699325432
1000,f11_schwefel_2_26,CSA,10,412660.39363098895
1000,f11_schwefel_2_26,CSA,11,411128.8742660863
1000,f11_schwefel_2_26,CSA,12,406269.7526490734
1000,f11_schwefel_2_26,CSA,13,408800.2174535088
1000,f11_schwefel_2_26,CSA,14,414957.62087709404
1000,f11_schwefel_2_26,CSA,15,408550.42253465834
1000,f11_schwefel_2_26,CSA,16,413040.8102556407
1000,f11_schwefel_2_26,CSA,17,410827.45008020627
1000,f11_schwefel_2_26,CSA,18,409211.5736492489
1000,f11_schwefel_2_26,CSA,19,405913.30437157355
1000,f11_schwefel_2_26,CMAES,0,370710.21234178904
1000,f11_schwefel_2_26,CMAES,1,372378.2944289501
1000,f11_schwefel_2_26,CMAES,2,374364.1484506729
1000,f11_schwefel_2_26,CMAES,3,372066.5786925966
1000,f11_schwefel_2_26,CMAES,4,369406.17399053206
1000,f11_schwefel_2_26,CMAES,5,371647.4047909408
1000,f11_schwefel_2_26,CMAES,6,372432.8907617744
1000,f11_schwefel_2_26,CMAES,7,371808.4409413934
1000,f11_schwefel_2_26,CMAES,8,372226.89510374237
1000,f11_schwefel_2_26,CMAES,9,372077.45164385595
1000,f11_schwefel_2_26,CMAES,10,372798.4403716152
1000,f11_schwefel_2_26,CMAES,11,371526.2860611587
1000,f11_schwefel_2_26,CMAES,12,371802.52147647913
1000,f11_schwefel_2_26,CMAES,13,368323.0125473865
1000,f11_schwefel_2_26,CMAES,14,371505.98520523607
1000,f11_schwefel_2_26,CMAES,15,373288.16750090744
1000,f11_schwefel_2_26,CMAES,16,370935.0861368882
1000,f11_schwefel_2_26,CMAES,17,372659.41903170437
1000,f11_schwefel_2_26,CMAES,18,372243.0008348797
1000,f11_schwefel_2_26,CMAES,19,370712.9833795736
1000,f12_styblinski_tang,Original PSO,0,21537014892.72958
1000,f12_styblinski_tang,Original PSO,1,21824184796.56516
1000,f12_styblinski_tang,Original PSO,2,21678684313.742558
1000,f12_styblinski_tang,Original PSO,3,25955074102.529728
1000,f12_styblinski_tang,Original PSO,4,22776458895.230263
1000,f12_styblinski_tang,Original PSO,5,21709524716.609573
1000,f12_styblinski_tang,Original PSO,6,22302178215.54385
1000,f12_styblinski_tang,Original PSO,7,23951529090.674706
1000,f12_styblinski_tang,Original PSO,8,22069270835.252872
1000,f12_styblinski_tang,Original PSO,9,21556894007.694412
1000,f12_styblinski_tang,Original PSO,10,24279687335.917526
1000,f12_styblinski_tang,Original PSO,11,22051688905.831516
1000,f12_styblinski_tang,Original PSO,12,23523840450.027874
1000,f12_styblinski_tang,Original PSO,13,21436984479.841705
1000,f12_styblinski_tang,Original PSO,14,23403756322.33685
1000,f12_styblinski_tang,Original PSO,15,23477920084.17514
1000,f12_styblinski_tang,Original PSO,16,21134603873.19951
1000,f12_styblinski_tang,Original PSO,17,22418678648.037376
1000,f12_styblinski_tang,Original PSO,18,26322834507.766502
1000,f12_styblinski_tang,Original PSO,19,22301883506.943737
1000,f12_styblinski_tang,PSO-m,0,8873280325.968674
1000,f12_styblinski_tang,PSO-m,1,9654645465.738392
1000,f12_styblinski_tang,PSO-m,2,9174137859.641918
1000,f12_styblinski_tang,PSO-m,3,8741436911.90974
1000,f12_styblinski_tang,PSO-m,4,8956537791.10389
1000,f12_styblinski_tang,PSO-m,5,8887819048.099754
1000,f12_styblinski_tang,PSO-m,6,9678351999.144587
1000,f12_styblinski_tang,PSO-m,7,9385471195.624062
1000,f12_styblinski_tang,PSO-m,8,9085832108.590092
1000,f12_styblinski_tang,PSO-m,9,8026059412.428496
1000,f12_styblinski_tang,PSO-m,10,9126223029.1053
1000,f12_styblinski_tang,PSO-m,11,10110214222.335094
1000,f12_styblinski_tang,PSO-m,12,10693377269.82179
1000,f12_styblinski_tang,PSO-m,13,11020385743.555897
1000,f12_styblinski_tang,PSO-m,14,9505935980.58495
1000,f12_styblinski_tang,PSO-m,15,9480034908.17845
1000,f12_styblinski_tang,PSO-m,16,10432303816.50843
1000,f12_styblinski_tang,PSO-m,17,9292512453.562878
1000,f12_styblinski_tang,PSO-m,18,10547695767.360165
1000,f12_styblinski_tang,PSO-m,19,9613747249.576157
1000,f12_styblinski_tang,PSO-RIW,0,21232198046.37536
1000,f12_styblinski_tang,PSO-RIW,1,20453566300.712402
1000,f12_styblinski_tang,PSO-RIW,2,21160918806.101624
1000,f12_styblinski_tang,PSO-RIW,3,15049423586.089493
1000,f12_styblinski_tang,PSO-RIW,4,19115080548.973156
1000,f12_styblinski_tang,PSO-RIW,5,23189971777.474552
1000,f12_styblinski_tang,PSO-RIW,6,19664520717.586876
1000,f12_styblinski_tang,PSO-RIW,7,16617068171.663479
1000,f12_styblinski_tang,PSO-RIW,8,24265773477.688736
1000,f12_styblinski_tang,PSO-RIW,9,23923158421.651596
1000,f12_styblinski_tang,PSO-RIW,10,22599268090.813774
1000,f12_styblinski_tang,PSO-RIW,11,16261454047.584309
1000,f12_styblinski_tang,PSO-RIW,12,21780298198.399197
1000,f12_styblinski_tang,PSO-RIW,13,24370737157.042152
1000,f12_styblinski_tang,PSO-RIW,14,17662962336.99742
1000,f12_styblinski_tang,PSO-RIW,15,21899314258.19802
1000,f12_styblinski_tang,PSO-RIW,16,21810788399.0492
1000,f12_styblinski_tang,PSO-RIW,17,20869194877.047817
1000,f12_styblinski_tang,PSO-RIW,18,24559384544.38507
1000,f12_styblinski_tang,PSO-RIW,19,21574117400.89118
1000,f12_styblinski_tang,HPPSO_Modified,0,2048389098.1002455
1000,f12_styblinski_tang,HPPSO_Modified,1,3019984613.831728
1000,f12_styblinski_tang,HPPSO_Modified,2,2540375629.582659
1000,f12_styblinski_tang,HPPSO_Modified,3,3070875952.246338
1000,f12_styblinski_tang,HPPSO_Modified,4,2762218911.6248956
1000,f12_styblinski_tang,HPPSO_Modified,5,2122820779.8824599
1000,f12_styblinski_tang,HPPSO_Modified,6,2245589486.0189643
1000,f12_styblinski_tang,HPPSO_Modified,7,2870282787.9418926
1000,f12_styblinski_tang,HPPSO_Modified,8,2847733657.287023
1000,f12_styblinski_tang,HPPSO_Modified,9,2684156365.6236115
1000,f12_styblinski_tang,HPPSO_Modified,10,2720729253.883189
1000,f12_styblinski_tang,HPPSO_Modified,11,2768234462.448968
1000,f12_styblinski_tang,HPPSO_Modified,12,2271533184.6593
1000,f12_styblinski_tang,HPPSO_Modified,13,2643751587.7566338
1000,f12_styblinski_tang,HPPSO_Modified,14,2345673331.062902
1000,f12_styblinski_tang,HPPSO_Modified,15,2818419361.8277283
1000,f12_styblinski_tang,HPPSO_Modified,16,2477679236.013625
1000,f12_styblinski_tang,HPPSO_Modified,17,3242627321.687395
1000,f12_styblinski_tang,HPPSO_Modified,18,2496381797.077538
1000,f12_styblinski_tang,HPPSO_Modified,19,2894139421.8853517
1000,f12_styblinski_tang,GA-MPC,0,11485657770.934803
1000,f12_styblinski_tang,GA-MPC,1,10459667816.293749
1000,f12_styblinski_tang,GA-MPC,2,11373427466.495247
1000,f12_styblinski_tang,GA-MPC,3,11133542951.432407
1000,f12_styblinski_tang,GA-MPC,4,10565199287.370749
1000,f12_styblinski_tang,GA-MPC,5,12774612073.417322
1000,f12_styblinski_tang,GA-MPC,6,11114829045.285748
1000,f12_styblinski_tang,GA-MPC,7,12496389900.767456
1000,f12_styblinski_tang,GA-MPC,8,12151525402.157764
1000,f12_styblinski_tang,GA-MPC,9,13101261802.39523
1000,f12_styblinski_tang,GA-MPC,10,10745654021.580898
1000,f12_styblinski_tang,GA-MPC,11,12425983921.619755
1000,f12_styblinski_tang,GA-MPC,12,14022804274.25428
1000,f12_styblinski_tang,GA-MPC,13,12790900838.155891
1000,f12_styblinski_tang,GA-MPC,14,11878963404.35609
1000,f12_styblinski_tang,GA-MPC,15,12321450971.496225
1000,f12_styblinski_tang,GA-MPC,16,12753776501.19961
1000,f12_styblinski_tang,GA-MPC,17,14606902975.776577
1000,f12_styblinski_tang,GA-MPC,18,12098138172.818703
1000,f12_styblinski_tang,GA-MPC,19,12788628982.767937
1000,f12_styblinski_tang,GWO,0,6298260105.094319
1000,f12_styblinski_tang,GWO,1,6420379587.5711775
1000,f12_styblinski_tang,GWO,2,6442857042.414219
1000,f12_styblinski_tang,GWO,3,6146630476.893459
1000,f12_styblinski_tang,GWO,4,5903920401.395946
1000,f12_styblinski_tang,GWO,5,6613882495.766392
1000,f12_styblinski_tang,GWO,6,6407587578.560604
1000,f12_styblinski_tang,GWO,7,6434936106.539768
1000,f12_styblinski_tang,GWO,8,6523107507.885834
1000,f12_styblinski_tang,GWO,9,6252214297.288041
1000,f12_styblinski_tang,GWO,10,6419014274.299258
1000,f12_styblinski_tang,GWO,11,6513585991.330042
1000,f12_styblinski_tang,GWO,12,6087527919.119882
1000,f12_styblinski_tang,GWO,13,6541080227.513041
1000,f12_styblinski_tang,GWO,14,5942743869.057325
1000,f12_styblinski_tang,GWO,15,6187616701.291986
1000,f12_styblinski_tang,GWO,16,6140599491.594606
1000,f12_styblinski_tang,GWO,17,6107812987.094344
1000,f12_styblinski_tang,GWO,18,6008667835.127558
1000,f12_styblinski_tang,GWO,19,6435698177.937525
1000,f12_styblinski_tang,SHADE,0,6162476990.143806
1000,f12_styblinski_tang,SHADE,1,6487542364.934378
1000,f12_styblinski_tang,SHADE,2,6120913653.408331
1000,f12_styblinski_tang,SHADE,3,6767750748.33941
1000,f12_styblinski_tang,SHADE,4,7503324289.81542
1000,f12_styblinski_tang,SHADE,5,6367916260.192245
1000,f12_styblinski_tang,SHADE,6,7071839769.257902
1000,f12_styblinski_tang,SHADE,7,6848547223.175327
1000,f12_styblinski_tang,SHADE,8,5788059677.37557
1000,f12_styblinski_tang,SHADE,9,7166966236.4428425
1000,f12_styblinski_tang,SHADE,10,6526404186.329505
1000,f12_styblinski_tang,SHADE,11,7611887453.779182
1000,f12_styblinski_tang,SHADE,12,7033811485.089919
1000,f12_styblinski_tang,SHADE,13,6589208326.216699
1000,f12_styblinski_tang,SHADE,14,6689560144.635848
1000,f12_styblinski_tang,SHADE,15,6820458500.658449
1000,f12_styblinski_tang,SHADE,16,7351707472.65373
1000,f12_styblinski_tang,SHADE,17,6663294648.707514
1000,f12_styblinski_tang,SHADE,18,6127807287.907842
1000,f12_styblinski_tang,SHADE,19,6011958049.726141
1000,f12_styblinski_tang,CSA,0,16003166720.869122
1000,f12_styblinski_tang,CSA,1,12651298220.79655
1000,f12_styblinski_tang,CSA,2,23003861948.403618
1000,f12_styblinski_tang,CSA,3,28547581787.149704
1000,f12_styblinski_tang,CSA,4,17468286771.2817
1000,f12_styblinski_tang,CSA,5,20677991229.34706
1000,f12_styblinski_tang,CSA,6,26133006699.185318
1000,f12_styblinski_tang,CSA,7,20160332197.881493
1000,f12_styblinski_tang,CSA,8,16483831858.049316
1000,f12_styblinski_tang,CSA,9,16382697219.632877
1000,f12_styblinski_tang,CSA,10,20824830158.232117
1000,f12_styblinski_tang,CSA,11,19642202547.571815
1000,f12_styblinski_tang,CSA,12,32339428247.066612
1000,f12_styblinski_tang,CSA,13,26974981148.071724
1000,f12_styblinski_tang,CSA,14,17340054583.99669
1000,f12_styblinski_tang,CSA,15,18730688943.505173
1000,f12_styblinski_tang,CSA,16,16142879209.826757
1000,f12_styblinski_tang,CSA,17,27286787378.480408
1000,f12_styblinski_tang,CSA,18,18866445392.261772
1000,f12_styblinski_tang,CSA,19,18163169677.968315
1000,f12_styblinski_tang,CMAES,0,35410815.54586309
1000,f12_styblinski_tang,CMAES,1,30247668.582479186
1000,f12_styblinski_tang,CMAES,2,29260125.56066416
1000,f12_styblinski_tang,CMAES,3,30567843.194126196
1000,f12_styblinski_tang,CMAES,4,34078228.532754876
1000,f12_styblinski_tang,CMAES,5,32691937.322844293
1000,f12_styblinski_tang,CMAES,6,33936764.285819486
1000,f12_styblinski_tang,CMAES,7,31517237.140666988
1000,f12_styblinski_tang,CMAES,8,31648666.33714122
1000,f12_styblinski_tang,CMAES,9,35491244.146123976
1000,f12_styblinski_tang,CMAES,10,37028473.925078884
1000,f12_styblinski_tang,CMAES,11,34615133.65518923
1000,f12_styblinski_tang,CMAES,12,36812801.052004024
1000,f12_styblinski_tang,CMAES,13,39050953.42951636
1000,f12_styblinski_tang,CMAES,14,32601061.067624845
1000,f12_styblinski_tang,CMAES,15,25328018.409920212
1000,f12_styblinski_tang,CMAES,16,36682118.47963033
1000,f12_styblinski_tang,CMAES,17,31010409.90861065
1000,f12_styblinski_tang,CMAES,18,42314895.079260476
1000,f12_styblinski_tang,CMAES,19,32685404.426070817
1000,f13_michalewicz,Original PSO,0,-39.2776437819071
1000,f13_michalewicz,Original PSO,1,-42.3011039274906
1000,f13_michalewicz,Original PSO,2,-56.52577486821325
1000,f13_michalewicz,Original PSO,3,-46.28090532131617
1000,f13_michalewicz,Original PSO,4,-41.04026462814288
1000,f13_michalewicz,Original PSO,5,-42.64934975288538
1000,f13_michalewicz,Original PSO,6,-39.67277577606838
1000,f13_michalewicz,Original PSO,7,-32.68005449191708
1000,f13_michalewicz,Original PSO,8,-40.2278068123941
1000,f13_michalewicz,Original PSO,9,-44.770132488621556
1000,f13_michalewicz,Original PSO,10,-45.548629338277465
1000,f13_michalewicz,Original PSO,11,-39.78395837077711
1000,f13_michalewicz,Original PSO,12,-46.08607930956108
1000,f13_michalewicz,Original PSO,13,-38.841872103852886
1000,f13_michalewicz,Original PSO,14,-35.53439498168395
1000,f13_michalewicz,Original PSO,15,-43.2963118519596
1000,f13_michalewicz,Original PSO,16,-35.48821480610221
1000,f13_michalewicz,Original PSO,17,-47.63523798069066
1000,f13_michalewicz,Original PSO,18,-54.40907478025957
1000,f13_michalewicz,Original PSO,19,-35.398070059916165
1000,f13_michalewicz,PSO-m,0,-40.42507433758071
1000,f13_michalewicz,PSO-m,1,-35.075779218601554
1000,f13_michalewicz,PSO-m,2,-31.378241098099668
1000,f13_michalewicz,PSO-m,3,-38.406282975236124
1000,f13_michalewicz,PSO-m,4,-31.2876445036375
1000,f13_michalewicz,PSO-m,5,-31.44939250990778
1000,f13_michalewicz,PSO-m,6,-36.33871779057493
1000,f13_michalewicz,PSO-m,7,-38.31552840827119
1000,f13_michalewicz,PSO-m,8,-39.170298346881474
1000,f13_michalewicz,PSO-m,9,-35.19645474199898
1000,f13_michalewicz,PSO-m,10,-27.965951704694273
1000,f13_michalewicz,PSO-m,11,-31.971794734222982
1000,f13_michalewicz,PSO-m,12,-42.783414650668185
1000,f13_michalewicz,PSO-m,13,-30.156265861899602
1000,f13_michalewicz,PSO-m,14,-39.14224982834614
1000,f13_michalewicz,PSO-m,15,-32.70360555597586
1000,f13_michalewicz,PSO-m,16,-33.84413899923311
1000,f13_michalewicz,PSO-m,17,-45.72144040366935
1000,f13_michalewicz,PSO-m,18,-34.712826464467724
1000,f13_michalewicz,PSO-m,19,-35.226817921804994
1000,f13_michalewicz,PSO-RIW,0,-42.34173263708121
1000,f13_michalewicz,PSO-RIW,1,-49.258994977436615
1000,f13_michalewicz,PSO-RIW,2,-35.69894273047004
1000,f13_michalewicz,PSO-RIW,3,-47.193743153719566
1000,f13_michalewicz,PSO-RIW,4,-48.03655305658887
1000,f13_michalewicz,PSO-RIW,5,-46.51828851085394
1000,f13_michalewicz,PSO-RIW,6,-49.91044728535907
1000,f13_michalewicz,PSO-RIW,7,-45.7260480987637
1000,f13_michalewicz,PSO-RIW,8,-36.06099315126515
1000,f13_michalewicz,PSO-RIW,9,-35.60690493962446
1000,f13_michalewicz,PSO-RIW,10,-50.38668436627357
1000,f13_michalewicz,PSO-RIW,11,-48.095084979953256
1000,f13_michalewicz,PSO-RIW,12,-46.88991989081769
1000,f13_michalewicz,PSO-RIW,13,-41.21831772037286
1000,f13_michalewicz,PSO-RIW,14,-30.687584049086738
1000,f13_michalewicz,PSO-RIW,15,-31.854316167874433
1000,f13_michalewicz,PSO-RIW,16,-54.38643334836528
1000,f13_michalewicz,PSO-RIW,17,-48.196405675167306
1000,f13_michalewicz,PSO-RIW,18,-39.62098214265682
1000,f13_michalewicz,PSO-RIW,19,-42.80560090571505
1000,f13_michalewicz,HPPSO_Modified,0,-36.342889585326404
1000,f13_michalewicz,HPPSO_Modified,1,-31.52104804455358
1000,f13_michalewicz,HPPSO_Modified,2,-41.435501545852745
1000,f13_michalewicz,HPPSO_Modified,3,-49.50845569357476
1000,f13_michalewicz,HPPSO_Modified,4,-43.779853824328455
1000,f13_michalewicz,HPPSO_Modified,5,-40.012444946102974
1000,f13_michalewicz,HPPSO_Modified,6,-32.03622242260357
1000,f13_michalewicz,HPPSO_Modified,7,-45.088059141222104
1000,f13_michalewicz,HPPSO_Modified,8,-31.984518214988935
1000,f13_michalewicz,HPPSO_Modified,9,-70.01907291008206
1000,f13_michalewicz,HPPSO_Modified,10,-29.22607012753685
1000,f13_michalewicz,HPPSO_Modified,11,-33.365954668583626
1000,f13_michalewicz,HPPSO_Modified,12,-53.08665032322133
1000,f13_michalewicz,HPPSO_Modified,13,-35.68529414284488
1000,f13_michalewicz,HPPSO_Modified,14,-38.6374631328847
1000,f13_michalewicz,HPPSO_Modified,15,-44.513678955218836
1000,f13_michalewicz,HPPSO_Modified,16,-42.455603283415435
1000,f13_michalewicz,HPPSO_Modified,17,-51.78975165766893
1000,f13_michalewicz,HPPSO_Modified,18,-46.976209426439276
1000,f13_michalewicz,HPPSO_Modified,19,-61.05179378739229
1000,f13_michalewicz,GA-MPC,0,-109.69184495135477
1000,f13_michalewicz,GA-MPC,1,-89.5379764403337
1000,f13_michalewicz,GA-MPC,2,-111.5632381828864
1000,f13_michalewicz,GA-MPC,3,-99.16499717451072
1000,f13_michalewicz,GA-MPC,4,-103.17911622975606
1000,f13_michalewicz,GA-MPC,5,-96.42789356978548
1000,f13_michalewicz,GA-MPC,6,-108.75561296452028
1000,f13_michalewicz,GA-MPC,7,-102.12142502130239
1000,f13_michalewicz,GA-MPC,8,-100.90753659040212
1000,f13_michalewicz,GA-MPC,9,-106.89886353572933
1000,f13_michalewicz,GA-MPC,10,-105.9803326562757
1000,f13_michalewicz,GA-MPC,11,-94.97463050903025
1000,f13_michalewicz,GA-MPC,12,-105.77936442088526
1000,f13_michalewicz,GA-MPC,13,-114.50005056368049
1000,f13_michalewicz,GA-MPC,14,-117.16417659727814
1000,f13_michalewicz,GA-MPC,15,-112.88497650536894
1000,f13_michalewicz,GA-MPC,16,-114.5842579408691
1000,f13_michalewicz,GA-MPC,17,-117.70157038479866
1000,f13_michalewicz,GA-MPC,18,-112.95771231386823
1000,f13_michalewicz,GA-MPC,19,-122.2448391845362
1000,f13_michalewicz,GWO,0,-33.41217886394044
1000,f13_michalewicz,GWO,1,-37.14288300034211
1000,f13_michalewicz,GWO,2,-33.74995746748743
1000,f13_michalewicz,GWO,3,-31.98708208463623
1000,f13_michalewicz,GWO,4,-35.733734043608315
1000,f13_michalewicz,GWO,5,-28.453303624913826
1000,f13_michalewicz,GWO,6,-34.71200894509571
1000,f13_michalewicz,GWO,7,-32.16251342368848
1000,f13_michalewicz,GWO,8,-28.256563944563446
1000,f13_michalewicz,GWO,9,-31.44818383678633
1000,f13_michalewicz,GWO,10,-29.97548739084815
1000,f13_michalewicz,GWO,11,-36.77801130472847
1000,f13_michalewicz,GWO,12,-36.902733719219434
1000,f13_michalewicz,GWO,13,-35.976158560011974
1000,f13_michalewicz,GWO,14,-28.888603583181126
1000,f13_michalewicz,GWO,15,-32.330005494093044
1000,f13_michalewicz,GWO,16,-32.517255431142516
1000,f13_michalewicz,GWO,17,-31.991864660853857
1000,f13_michalewicz,GWO,18,-37.60957407073326
1000,f13_michalewicz,GWO,19,-33.65167696235726
1000,f13_michalewicz,SHADE,0,-87.44643475654703
1000,f13_michalewicz,SHADE,1,-87.45366207613014
1000,f13_michalewicz,SHADE,2,-91.14833635467568
1000,f13_michalewicz,SHADE,3,-87.56329620320989
1000,f13_michalewicz,SHADE,4,-91.03608487269653
1000,f13_michalewicz,SHADE,5,-94.58277092038273
1000,f13_michalewicz,SHADE,6,-89.17016806981638
1000,f13_michalewicz,SHADE,7,-90.18471056198985
1000,f13_michalewicz,SHADE,8,-90.68214517689799
1000,f13_michalewicz,SHADE,9,-89.40161127055845
1000,f13_michalewicz,SHADE,10,-84.12887826787727
1000,f13_michalewicz,SHADE,11,-91.14414117142402
1000,f13_michalewicz,SHADE,12,-87.44455227688536
1000,f13_michalewicz,SHADE,13,-90.58157581068217
1000,f13_michalewicz,SHADE,14,-87.11700098728481
1000,f13_michalewicz,SHADE,15,-86.86592487510909
1000,f13_michalewicz,SHADE,16,-92.32508699256533
1000,f13_michalewicz,SHADE,17,-88.51482789066444
1000,f13_michalewicz,SHADE,18,-89.06117747154394
1000,f13_michalewicz,SHADE,19,-85.3183915748181
1000,f13_michalewicz,CSA,0,-44.7402088281337
1000,f13_michalewicz,CSA,1,-55.227553108270705
1000,f13_michalewicz,CSA,2,-42.48399162426426
1000,f13_michalewicz,CSA,3,-42.46701323913942
1000,f13_michalewicz,CSA,4,-36.54235757862686
1000,f13_michalewicz,CSA,5,-58.105981788669915
1000,f13_michalewicz,CSA,6,-61.50730892567774
1000,f13_michalewicz,CSA,7,-44.4542729005233
1000,f13_michalewicz,CSA,8,-51.93372811026242
1000,f13_michalewicz,CSA,9,-58.36063373857862
1000,f13_michalewicz,CSA,10,-48.237187776373645
1000,f13_michalewicz,CSA,11,-52.55864924587485
1000,f13_michalewicz,CSA,12,-46.96696844725337
1000,f13_michalewicz,CSA,13,-52.275267907955566
1000,f13_michalewicz,CSA,14,-62.102388489612125
1000,f13_michalewicz,CSA,15,-56.82466309428065
1000,f13_michalewicz,CSA,16,-45.71730151092786
1000,f13_michalewicz,CSA,17,-32.506337175722614
1000,f13_michalewicz,CSA,18,-46.439440318945685
1000,f13_michalewicz,CSA,19,-53.26593905581054
1000,f13_michalewicz,CMAES,0,-32.63078277816321
1000,f13_michalewicz,CMAES,1,-32.331914879192915
1000,f13_michalewicz,CMAES,2,-31.566255888902845
1000,f13_michalewicz,CMAES,3,-28.899081493334
1000,f13_michalewicz,CMAES,4,-34.16826942426838
1000,f13_michalewicz,CMAES,5,-31.485154669824478
1000,f13_michalewicz,CMAES,6,-30.13361651263251
1000,f13_michalewicz,CMAES,7,-28.485719326567846
1000,f13_michalewicz,CMAES,8,-30.262633062705838
1000,f13_michalewicz,CMAES,9,-30.376084174326362
1000,f13_michalewicz,CMAES,10,-35.76288719774287
1000,f13_michalewicz,CMAES,11,-33.02776831710227
1000,f13_michalewicz,CMAES,12,-30.867201440880194
1000,f13_michalewicz,CMAES,13,-30.84468378046603
1000,f13_michalewicz,CMAES,14,-29.765971261547847
1000,f13_michalewicz,CMAES,15,-31.529802494933243
1000,f13_michalewicz,CMAES,16,-29.585775335045017
1000,f13_michalewicz,CMAES,17,-34.35665275411791
1000,f13_michalewicz,CMAES,18,-29.05652166634408
1000,f13_michalewicz,CMAES,19,-31.88029355054936
1000,f14_alpine_1,Original PSO,0,26679.916554595373
1000,f14_alpine_1,Original PSO,1,27659.977228127555
1000,f14_alpine_1,Original PSO,2,25347.43469030992
1000,f14_alpine_1,Original PSO,3,27871.792211408298
1000,f14_alpine_1,Original PSO,4,27810.58751904845
1000,f14_alpine_1,Original PSO,5,28978.618707087153
1000,f14_alpine_1,Original PSO,6,27283.371809486885
1000,f14_alpine_1,Original PSO,7,28387.35676103839
1000,f14_alpine_1,Original PSO,8,27426.986920535976
1000,f14_alpine_1,Original PSO,9,28227.00218224641
1000,f14_alpine_1,Original PSO,10,28061.709535235048
1000,f14_alpine_1,Original PSO,11,27015.72105587443
1000,f14_alpine_1,Original PSO,12,27088.808742857094
1000,f14_alpine_1,Original PSO,13,26237.92184384221
1000,f14_alpine_1,Original PSO,14,26576.83021074772
1000,f14_alpine_1,Original PSO,15,28684.77677545847
1000,f14_alpine_1,Original PSO,16,26532.133106669
1000,f14_alpine_1,Original PSO,17,25879.878603776706
1000,f14_alpine_1,Original PSO,18,26414.220565208685
1000,f14_alpine_1,Original PSO,19,29480.075095796077
1000,f14_alpine_1,PSO-m,0,31898.49235131278
1000,f14_alpine_1,PSO-m,1,32309.025218493225
1000,f14_alpine_1,PSO-m,2,32301.31134515248
1000,f14_alpine_1,PSO-m,3,30619.364957513626
1000,f14_alpine_1,PSO-m,4,33112.315730792274
1000,f14_alpine_1,PSO-m,5,31569.49514756738
1000,f14_alpine_1,PSO-m,6,33369.614269529746
1000,f14_alpine_1,PSO-m,7,33727.61975414261
1000,f14_alpine_1,PSO-m,8,33816.344431815094
1000,f14_alpine_1,PSO-m,9,31920.6314545717
1000,f14_alpine_1,PSO-m,10,29318.38813465831
1000,f14_alpine_1,PSO-m,11,31313.417412212715
1000,f14_alpine_1,PSO-m,12,31817.250998529584
1000,f14_alpine_1,PSO-m,13,31629.254801047973
1000,f14_alpine_1,PSO-m,14,29685.792449863075
1000,f14_alpine_1,PSO-m,15,31305.28233631758
1000,f14_alpine_1,PSO-m,16,31817.48182129471
1000,f14_alpine_1,PSO-m,17,30702.23931074756
1000,f14_alpine_1,PSO-m,18,35753.15463780289
1000,f14_alpine_1,PSO-m,19,30083.774975794637
1000,f14_alpine_1,PSO-RIW,0,26919.910507445067
1000,f14_alpine_1,PSO-RIW,1,26730.093991235502
1000,f14_alpine_1,PSO-RIW,2,26651.9921046194
1000,f14_alpine_1,PSO-RIW,3,26587.9520822919
1000,f14_alpine_1,PSO-RIW,4,27404.287028982668
1000,f14_alpine_1,PSO-RIW,5,27180.213540805722
1000,f14_alpine_1,PSO-RIW,6,27005.309737150837
1000,f14_alpine_1,PSO-RIW,7,25720.127879940548
1000,f14_alpine_1,PSO-RIW,8,26237.081288280584
1000,f14_alpine_1,PSO-RIW,9,27617.49649745161
1000,f14_alpine_1,PSO-RIW,10,26070.313151429895
1000,f14_alpine_1,PSO-RIW,11,27404.355261514494
1000,f14_alpine_1,PSO-RIW,12,28734.752141620622
1000,f14_alpine_1,PSO-RIW,13,26857.87926852105
1000,f14_alpine_1,PSO-RIW,14,27809.39204729365
1000,f14_alpine_1,PSO-RIW,15,25172.301703191704
1000,f14_alpine_1,PSO-RIW,16,26030.550929976176
1000,f14_alpine_1,PSO-RIW,17,26424.104021154883
1000,f14_alpine_1,PSO-RIW,18,26985.148893467995
1000,f14_alpine_1,PSO-RIW,19,27369.13278600379
1000,f14_alpine_1,HPPSO_Modified,0,26429.096456350366
1000,f14_alpine_1,HPPSO_Modified,1,25189.81065787036
1000,f14_alpine_1,HPPSO_Modified,2,27345.31242498027
1000,f14_alpine_1,HPPSO_Modified,3,26596.3124459389
1000,f14_alpine_1,HPPSO_Modified,4,25075.889539744552
1000,f14_alpine_1,HPPSO_Modified,5,28573.515166004938
1000,f14_alpine_1,HPPSO_Modified,6,26518.369982530054
1000,f14_alpine_1,HPPSO_Modified,7,25974.542404991622
1000,f14_alpine_1,HPPSO_Modified,8,28312.764328677287
1000,f14_alpine_1,HPPSO_Modified,9,25202.237657114965
1000,f14_alpine_1,HPPSO_Modified,10,26652.68546791261
1000,f14_alpine_1,HPPSO_Modified,11,24713.14073152617
1000,f14_alpine_1,HPPSO_Modified,12,26346.01652251315
1000,f14_alpine_1,HPPSO_Modified,13,27044.765166271733
1000,f14_alpine_1,HPPSO_Modified,14,26598.89910646464
1000,f14_alpine_1,HPPSO_Modified,15,24963.067019520015
1000,f14_alpine_1,HPPSO_Modified,16,25967.94444915034
1000,f14_alpine_1,HPPSO_Modified,17,26259.521332403237
1000,f14_alpine_1,HPPSO_Modified,18,26070.70642412576
1000,f14_alpine_1,HPPSO_Modified,19,26358.635059794553
1000,f14_alpine_1,GA-MPC,0,24561.003715088693
1000,f14_alpine_1,GA-MPC,1,24125.37213788556
1000,f14_alpine_1,GA-MPC,2,25692.290069773164
1000,f14_alpine_1,GA-MPC,3,24105.53871507803
1000,f14_alpine_1,GA-MPC,4,25123.04428836477
1000,f14_alpine_1,GA-MPC,5,24166.28702293598
1000,f14_alpine_1,GA-MPC,6,23716.067608812104
1000,f14_alpine_1,GA-MPC,7,25579.087595825564
1000,f14_alpine_1,GA-MPC,8,24036.825915341182
1000,f14_alpine_1,GA-MPC,9,23700.58420322483
1000,f14_alpine_1,GA-MPC,10,25168.48498706783
1000,f14_alpine_1,GA-MPC,11,24781.74460992473
1000,f14_alpine_1,GA-MPC,12,24539.24751406903
1000,f14_alpine_1,GA-MPC,13,25430.91030122012
1000,f14_alpine_1,GA-MPC,14,23509.35541704066
1000,f14_alpine_1,GA-MPC,15,24545.51992038918
1000,f14_alpine_1,GA-MPC,16,23838.107626267818
1000,f14_alpine_1,GA-MPC,17,23805.473427543377
1000,f14_alpine_1,GA-MPC,18,23134.74032234268
1000,f14_alpine_1,GA-MPC,19,24376.145419405228
1000,f14_alpine_1,GWO,0,24959.134751405112
1000,f14_alpine_1,GWO,1,29697.558583085054
1000,f14_alpine_1,GWO,2,29478.131875330622
1000,f14_alpine_1,GWO,3,28848.94616856513
1000,f14_alpine_1,GWO,4,30516.345257419067
1000,f14_alpine_1,GWO,5,28340.78140747764
1000,f14_alpine_1,GWO,6,30948.336307140937
1000,f14_alpine_1,GWO,7,29624.867504134
1000,f14_alpine_1,GWO,8,29046.27950198981
1000,f14_alpine_1,GWO,9,28278.793134287793
1000,f14_alpine_1,GWO,10,29721.05307490306
1000,f14_alpine_1,GWO,11,27794.785910134862
1000,f14_alpine_1,GWO,12,30578.072362785584
1000,f14_alpine_1,GWO,13,29244.66430790462
1000,f14_alpine_1,GWO,14,30602.82844860563
1000,f14_alpine_1,GWO,15,29618.96084362509
1000,f14_alpine_1,GWO,16,25373.805251721933
1000,f14_alpine_1,GWO,17,29669.780570765517
1000,f14_alpine_1,GWO,18,28960.524851756658
1000,f14_alpine_1,GWO,19,28495.626157224386
1000,f14_alpine_1,SHADE,0,27160.71944006752
1000,f14_alpine_1,SHADE,1,25925.980893418
1000,f14_alpine_1,SHADE,2,25768.85000385998
1000,f14_alpine_1,SHADE,3,25367.096710272803
1000,f14_alpine_1,SHADE,4,25895.96066693916
1000,f14_alpine_1,SHADE,5,25970.144185071516
1000,f14_alpine_1,SHADE,6,26997.825724464972
1000,f14_alpine_1,SHADE,7,25651.256479226806
1000,f14_alpine_1,SHADE,8,25603.484112748083
1000,f14_alpine_1,SHADE,9,26507.66268304079
1000,f14_alpine_1,SHADE,10,27250.503847007785
1000,f14_alpine_1,SHADE,11,25031.167923585504
1000,f14_alpine_1,SHADE,12,26107.34514811555
1000,f14_alpine_1,SHADE,13,25902.107066511388
1000,f14_alpine_1,SHADE,14,26722.776147900415
1000,f14_alpine_1,SHADE,15,25203.572643671832
1000,f14_alpine_1,SHADE,16,25818.931420151057
1000,f14_alpine_1,SHADE,17,26192.50364831234
1000,f14_alpine_1,SHADE,18,26910.473052360005
1000,f14_alpine_1,SHADE,19,25555.939313831164
1000,f14_alpine_1,CSA,0,35614.3485478675
1000,f14_alpine_1,CSA,1,34625.57022921156
1000,f14_alpine_1,CSA,2,34427.78839278056
1000,f14_alpine_1,CSA,3,36109.69905917006
1000,f14_alpine_1,CSA,4,35987.47481928619
1000,f14_alpine_1,CSA,5,33683.1287197629
1000,f14_alpine_1,CSA,6,35330.572757475515
1000,f14_alpine_1,CSA,7,38104.463634836444
1000,f14_alpine_1,CSA,8,33605.86911335087
1000,f14_alpine_1,CSA,9,33858.38840535034
1000,f14_alpine_1,CSA,10,36540.912454040474
1000,f14_alpine_1,CSA,11,37006.81122015542
1000,f14_alpine_1,CSA,12,33953.21386970057
1000,f14_alpine_1,CSA,13,33080.25456462079
1000,f14_alpine_1,CSA,14,32166.771820070517
1000,f14_alpine_1,CSA,15,32511.105520287285
1000,f14_alpine_1,CSA,16,30441.963263957034
1000,f14_alpine_1,CSA,17,32658.29246785128
1000,f14_alpine_1,CSA,18,35476.462641548256
1000,f14_alpine_1,CSA,19,34209.60810659261
1000,f14_alpine_1,CMAES,0,21555.166884884846
1000,f14_alpine_1,CMAES,1,20910.46300153815
1000,f14_alpine_1,CMAES,2,21591.075669019978
1000,f14_alpine_1,CMAES,3,20587.674687741935
1000,f14_alpine_1,CMAES,4,20770.853968093703
1000,f14_alpine_1,CMAES,5,19508.818597125275
1000,f14_alpine_1,CMAES,6,19979.026099769108
1000,f14_alpine_1,CMAES,7,20921.5056100477
1000,f14_alpine_1,CMAES,8,21602.303592269105
1000,f14_alpine_1,CMAES,9,21505.63814372846
1000,f14_alpine_1,CMAES,10,19742.813126532783
1000,f14_alpine_1,CMAES,11,18830.44924938169
1000,f14_alpine_1,CMAES,12,20718.91136275861
1000,f14_alpine_1,CMAES,13,19368.38355315319
1000,f14_alpine_1,CMAES,14,20250.022689235713
1000,f14_alpine_1,CMAES,15,18376.979892491065
1000,f14_alpine_1,CMAES,16,20541.045910454373
1000,f14_alpine_1,CMAES,17,19497.5622785781
1000,f14_alpine_1,CMAES,18,20628.863954817734
1000,f14_alpine_1,CMAES,19,20994.98471434447
1000,f15_happy_cat,Original PSO,0,1985.2775679716583
1000,f15_happy_cat,Original PSO,1,1920.6716414165865
1000,f15_happy_cat,Original PSO,2,1944.8083057539015
1000,f15_happy_cat,Original PSO,3,1930.883708071938
1000,f15_happy_cat,Original PSO,4,1957.0624246826428
1000,f15_happy_cat,Original PSO,5,1986.1968131353437
1000,f15_happy_cat,Original PSO,6,1803.3997300668834
1000,f15_happy_cat,Original PSO,7,2040.3607989614984
1000,f15_happy_cat,Original PSO,8,1854.2740761059063
1000,f15_happy_cat,Original PSO,9,1877.8595517610183
1000,f15_happy_cat,Original PSO,10,1903.2570487671271
1000,f15_happy_cat,Original PSO,11,1982.058374510239
1000,f15_happy_cat,Original PSO,12,1982.9361731320766
1000,f15_happy_cat,Original PSO,13,2108.5665899904707
1000,f15_happy_cat,Original PSO,14,1882.0262899444272
1000,f15_happy_cat,Original PSO,15,2025.9421793189745
1000,f15_happy_cat,Original PSO,16,2019.5447306413298
1000,f15_happy_cat,Original PSO,17,2014.5193449075653
1000,f15_happy_cat,Original PSO,18,2122.8035160962318
1000,f15_happy_cat,Original PSO,19,2006.1255528884424
1000,f15_happy_cat,PSO-m,0,1081.3897277740566
1000,f15_happy_cat,PSO-m,1,1076.7868916608547
1000,f15_happy_cat,PSO-m,2,1062.8749197876282
1000,f15_happy_cat,PSO-m,3,1169.3549680237716
1000,f15_happy_cat,PSO-m,4,1125.1848572183314
1000,f15_happy_cat,PSO-m,5,1204.7603727454846
1000,f15_happy_cat,PSO-m,6,1157.708929631284
1000,f15_happy_cat,PSO-m,7,1082.5770111027261
1000,f15_happy_cat,PSO-m,8,1225.0327947252913
1000,f15_happy_cat,PSO-m,9,1156.7125314426346
1000,f15_happy_cat,PSO-m,10,1171.8867255481289
1000,f15_happy_cat,PSO-m,11,1132.056417318953
1000,f15_happy_cat,PSO-m,12,1077.9145895941317
1000,f15_happy_cat,PSO-m,13,1052.8620288223776
1000,f15_happy_cat,PSO-m,14,1091.3875401801129
1000,f15_happy_cat,PSO-m,15,1166.830381068328
1000,f15_happy_cat,PSO-m,16,1084.8405394251395
1000,f15_happy_cat,PSO-m,17,1021.5575932120003
1000,f15_happy_cat,PSO-m,18,1109.4366356972814
1000,f15_happy_cat,PSO-m,19,1119.8256568585095
1000,f15_happy_cat,PSO-RIW,0,1782.6873787177765
1000,f15_happy_cat,PSO-RIW,1,1885.45025415341
1000,f15_happy_cat,PSO-RIW,2,1991.488837889346
1000,f15_happy_cat,PSO-RIW,3,1904.2076205309002
1000,f15_happy_cat,PSO-RIW,4,2226.965965303324
1000,f15_happy_cat,PSO-RIW,5,1782.8110799388248
1000,f15_happy_cat,PSO-RIW,6,1786.1123314752615
1000,f15_happy_cat,PSO-RIW,7,1822.0285123655133
1000,f15_happy_cat,PSO-RIW,8,1957.8620149020878
1000,f15_happy_cat,PSO-RIW,9,1680.0178547650808
1000,f15_happy_cat,PSO-RIW,10,1968.0662226010922
1000,f15_happy_cat,PSO-RIW,11,1807.0577041035963
1000,f15_happy_cat,PSO-RIW,12,2072.4297712427265
1000,f15_happy_cat,PSO-RIW,13,1898.457105748405
1000,f15_happy_cat,PSO-RIW,14,2320.6750683595383
1000,f15_happy_cat,PSO-RIW,15,2143.7276710908873
1000,f15_happy_cat,PSO-RIW,16,1852.700232097016
1000,f15_happy_cat,PSO-RIW,17,1933.3701352173211
1000,f15_happy_cat,PSO-RIW,18,1948.3749945379723
1000,f15_happy_cat,PSO-RIW,19,1868.2209439648502
1000,f15_happy_cat,HPPSO_Modified,0,705.6473157502626
1000,f15_happy_cat,HPPSO_Modified,1,819.4923465106593
1000,f15_happy_cat,HPPSO_Modified,2,756.46831567046
1000,f15_happy_cat,HPPSO_Modified,3,708.167634604881
1000,f15_happy_cat,HPPSO_Modified,4,613.9872581186839
1000,f15_happy_cat,HPPSO_Modified,5,798.38617321771
1000,f15_happy_cat,HPPSO_Modified,6,694.1334284541562
1000,f15_happy_cat,HPPSO_Modified,7,668.5890082515568
1000,f15_happy_cat,HPPSO_Modified,8,754.802545062576
1000,f15_happy_cat,HPPSO_Modified,9,796.0176566906279
1000,f15_happy_cat,HPPSO_Modified,10,619.2154866677523
1000,f15_happy_cat,HPPSO_Modified,11,621.0518806363528
1000,f15_happy_cat,HPPSO_Modified,12,670.4885645814894
1000,f15_happy_cat,HPPSO_Modified,13,667.2664177661511
1000,f15_happy_cat,HPPSO_Modified,14,709.9667956477832
1000,f15_happy_cat,HPPSO_Modified,15,740.1525465482313
1000,f15_happy_cat,HPPSO_Modified,16,660.6082662148586
1000,f15_happy_cat,HPPSO_Modified,17,789.1994043225831
1000,f15_happy_cat,HPPSO_Modified,18,700.3075776295258
1000,f15_happy_cat,HPPSO_Modified,19,722.499695895902
1000,f15_happy_cat,GA-MPC,0,1518.3651560408996
1000,f15_happy_cat,GA-MPC,1,1550.798795935765
1000,f15_happy_cat,GA-MPC,2,1517.6403400825932
1000,f15_happy_cat,GA-MPC,3,1528.9742273374954
1000,f15_happy_cat,GA-MPC,4,1475.3071250966316
1000,f15_happy_cat,GA-MPC,5,1550.2595771475378
1000,f15_happy_cat,GA-MPC,6,1416.3802942041712
1000,f15_happy_cat,GA-MPC,7,1429.0507921633134
1000,f15_happy_cat,GA-MPC,8,1449.6836624622379
1000,f15_happy_cat,GA-MPC,9,1465.1924835013508
1000,f15_happy_cat,GA-MPC,10,1493.386799631458
1000,f15_happy_cat,GA-MPC,11,1521.7676694939462
1000,f15_happy_cat,GA-MPC,12,1600.4776929470136
1000,f15_happy_cat,GA-MPC,13,1412.7252193356865
1000,f15_happy_cat,GA-MPC,14,1489.5176376702134
1000,f15_happy_cat,GA-MPC,15,1561.8667188223378
1000,f15_happy_cat,GA-MPC,16,1472.5055116063093
1000,f15_happy_cat,GA-MPC,17,1505.0415676209352
1000,f15_happy_cat,GA-MPC,18,1522.514488531343
1000,f15_happy_cat,GA-MPC,19,1476.0042665739736
1000,f15_happy_cat,GWO,0,1184.6478695221292
1000,f15_happy_cat,GWO,1,1172.2537871447169
1000,f15_happy_cat,GWO,2,1193.498594839268
1000,f15_happy_cat,GWO,3,1181.4695592381265
1000,f15_happy_cat,GWO,4,1212.0029498426907
1000,f15_happy_cat,GWO,5,1220.2458269229514
1000,f15_happy_cat,GWO,6,1121.0770661612182
1000,f15_happy_cat,GWO,7,1154.224595919844
1000,f15_happy_cat,GWO,8,1192.4176606471622
1000,f15_happy_cat,GWO,9,1219.1596344866746
1000,f15_happy_cat,GWO,10,1186.5803017558792
1000,f15_happy_cat,GWO,11,1208.2648185049532
1000,f15_happy_cat,GWO,12,1184.7112110554715
1000,f15_happy_cat,GWO,13,1180.824497453927
1000,f15_happy_cat,GWO,14,1199.269880264738
1000,f15_happy_cat,GWO,15,1182.3729818044853
1000,f15_happy_cat,GWO,16,1157.0522728942526
1000,f15_happy_cat,GWO,17,1175.6527105648663
1000,f15_happy_cat,GWO,18,1139.1503440557435
1000,f15_happy_cat,GWO,19,1180.3487983265677
1000,f15_happy_cat,SHADE,0,1072.0945763274115
1000,f15_happy_cat,SHADE,1,1146.603749156234
1000,f15_happy_cat,SHADE,2,1005.5577045585603
1000,f15_happy_cat,SHADE,3,1016.1777730080637
1000,f15_happy_cat,SHADE,4,1074.6114168298313
1000,f15_happy_cat,SHADE,5,1055.5997476155435
1000,f15_happy_cat,SHADE,6,1057.2625870927936
1000,f15_happy_cat,SHADE,7,1069.636310580639
1000,f15_happy_cat,SHADE,8,1115.0833656693112
1000,f15_happy_cat,SHADE,9,1008.4710811019191
1000,f15_happy_cat,SHADE,10,1046.937319765932
1000,f15_happy_cat,SHADE,11,1066.7127887760741
1000,f15_happy_cat,SHADE,12,1044.5000086491893
1000,f15_happy_cat,SHADE,13,1137.9707135989877
1000,f15_happy_cat,SHADE,14,1096.057151145688
1000,f15_happy_cat,SHADE,15,1111.0623795882639
1000,f15_happy_cat,SHADE,16,1065.235189346268
1000,f15_happy_cat,SHADE,17,1061.661306049463
1000,f15_happy_cat,SHADE,18,1101.7525942521524
1000,f15_happy_cat,SHADE,19,1091.0349881598718
1000,f15_happy_cat,CSA,0,1819.3428690006376
1000,f15_happy_cat,CSA,1,2254.9383514071533
1000,f15_happy_cat,CSA,2,2245.289948146765
1000,f15_happy_cat,CSA,3,2006.504696010841
1000,f15_happy_cat,CSA,4,2041.7787717357014
1000,f15_happy_cat,CSA,5,2227.4252612996765
1000,f15_happy_cat,CSA,6,2115.533040823266
1000,f15_happy_cat,CSA,7,2232.4962111660893
1000,f15_happy_cat,CSA,8,2280.686296704091
1000,f15_happy_cat,CSA,9,2032.8108634568764
1000,f15_happy_cat,CSA,10,1856.1975500412937
1000,f15_happy_cat,CSA,11,2089.603912234507
1000,f15_happy_cat,CSA,12,1881.626056436181
1000,f15_happy_cat,CSA,13,1924.4898976843401
1000,f15_happy_cat,CSA,14,1942.1889254813275
1000,f15_happy_cat,CSA,15,2227.05340996657
1000,f15_happy_cat,CSA,16,2220.391002320426
1000,f15_happy_cat,CSA,17,1862.4698527773326
1000,f15_happy_cat,CSA,18,2262.109639667752
1000,f15_happy_cat,CSA,19,1916.966258132522
1000,f15_happy_cat,CMAES,0,68.18309232106601
1000,f15_happy_cat,CMAES,1,67.87682594754823
1000,f15_happy_cat,CMAES,2,63.46281795127611
1000,f15_happy_cat,CMAES,3,67.4858651379022
1000,f15_happy_cat,CMAES,4,61.66718405728406
1000,f15_happy_cat,CMAES,5,61.20759784313704
1000,f15_happy_cat,CMAES,6,66.29844428868375
1000,f15_happy_cat,CMAES,7,70.26437351134663
1000,f15_happy_cat,CMAES,8,67.16809943424846
1000,f15_happy_cat,CMAES,9,69.69547708650775
1000,f15_happy_cat,CMAES,10,64.76760208681404
1000,f15_happy_cat,CMAES,11,70.07792723143672
1000,f15_happy_cat,CMAES,12,66.47279408592902
1000,f15_happy_cat,CMAES,13,62.22354639625605
1000,f15_happy_cat,CMAES,14,65.13385088984722
1000,f15_happy_cat,CMAES,15,70.86328051144162
1000,f15_happy_cat,CMAES,16,66.69271216868358
1000,f15_happy_cat,CMAES,17,61.4689231459211
1000,f15_happy_cat,CMAES,18,68.57062055817218
1000,f15_happy_cat,CMAES,19,66.27341391449104
1000,f16_hgbat,Original PSO,0,3729350.784308996
1000,f16_hgbat,Original PSO,1,3765703.5689803152
1000,f16_hgbat,Original PSO,2,3934041.111304995
1000,f16_hgbat,Original PSO,3,3948837.5698752054
1000,f16_hgbat,Original PSO,4,4081128.391838831
1000,f16_hgbat,Original PSO,5,3895506.810466035
1000,f16_hgbat,Original PSO,6,3750738.9348342507
1000,f16_hgbat,Original PSO,7,3945741.8212235686
1000,f16_hgbat,Original PSO,8,3893746.701472966
1000,f16_hgbat,Original PSO,9,3939813.7598610246
1000,f16_hgbat,Original PSO,10,3969215.9624443636
1000,f16_hgbat,Original PSO,11,4083774.823482995
1000,f16_hgbat,Original PSO,12,3675477.8886093106
1000,f16_hgbat,Original PSO,13,3853977.8439603387
1000,f16_hgbat,Original PSO,14,3874365.278343003
1000,f16_hgbat,Original PSO,15,3656867.3445781013
1000,f16_hgbat,Original PSO,16,3752788.6412816686
1000,f16_hgbat,Original PSO,17,3501886.808595344
1000,f16_hgbat,Original PSO,18,4135536.753181472
1000,f16_hgbat,Original PSO,19,3788438.7152497224
1000,f16_hgbat,PSO-m,0,2163368.4724669633
1000,f16_hgbat,PSO-m,1,2272984.9412405314
1000,f16_hgbat,PSO-m,2,2062208.3440426367
1000,f16_hgbat,PSO-m,3,2215454.860890446
1000,f16_hgbat,PSO-m,4,2204449.929114549
1000,f16_hgbat,PSO-m,5,2149778.6775647053
1000,f16_hgbat,PSO-m,6,2330450.3136403426
1000,f16_hgbat,PSO-m,7,2135412.3207665896
1000,f16_hgbat,PSO-m,8,2202090.693691277
1000,f16_hgbat,PSO-m,9,2027921.8325703565
1000,f16_hgbat,PSO-m,10,2279575.1801950885
1000,f16_hgbat,PSO-m,11,2209125.021036365
1000,f16_hgbat,PSO-m,12,2013946.5388944624
1000,f16_hgbat,PSO-m,13,2164194.5905645206
1000,f16_hgbat,PSO-m,14,2190251.2842023657
1000,f16_hgbat,PSO-m,15,2060653.2462304183
1000,f16_hgbat,PSO-m,16,2092441.2218460424
1000,f16_hgbat,PSO-m,17,2090156.0732186139
1000,f16_hgbat,PSO-m,18,2034095.2018436575
1000,f16_hgbat,PSO-m,19,2268107.026400475
1000,f16_hgbat,PSO-RIW,0,3563220.60919472
1000,f16_hgbat,PSO-RIW,1,3621602.968018837
1000,f16_hgbat,PSO-RIW,2,3728036.070993825
1000,f16_hgbat,PSO-RIW,3,3496052.0256697764
1000,f16_hgbat,PSO-RIW,4,3664317.0334317195
1000,f16_hgbat,PSO-RIW,5,4005048.3186153173
1000,f16_hgbat,PSO-RIW,6,3584960.1250514463
1000,f16_hgbat,PSO-RIW,7,3767958.1514703506
1000,f16_hgbat,PSO-RIW,8,3481668.1244157855
1000,f16_hgbat,PSO-RIW,9,4069237.0045466977
1000,f16_hgbat,PSO-RIW,10,3766084.7319541257
1000,f16_hgbat,PSO-RIW,11,3912571.4192399005
1000,f16_hgbat,PSO-RIW,12,3891029.7340489165
1000,f16_hgbat,PSO-RIW,13,3662206.5900361994
1000,f16_hgbat,PSO-RIW,14,3686524.654180496
1000,f16_hgbat,PSO-RIW,15,3583430.7700900575
1000,f16_hgbat,PSO-RIW,16,3341930.111733095
1000,f16_hgbat,PSO-RIW,17,3975243.9855063395
1000,f16_hgbat,PSO-RIW,18,3730723.697450714
1000,f16_hgbat,PSO-RIW,19,3460318.3015868007
1000,f16_hgbat,HPPSO_Modified,0,1209206.0644721556
1000,f16_hgbat,HPPSO_Modified,1,1334813.1413138567
1000,f16_hgbat,HPPSO_Modified,2,1352547.5648933984
1000,f16_hgbat,HPPSO_Modified,3,1378061.7155180061
1000,f16_hgbat,HPPSO_Modified,4,1417343.409224607
1000,f16_hgbat,HPPSO_Modified,5,1479489.7481431772
1000,f16_hgbat,HPPSO_Modified,6,1229756.7537041476
1000,f16_hgbat,HPPSO_Modified,7,1262262.292290169
1000,f16_hgbat,HPPSO_Modified,8,1267913.5807261234
1000,f16_hgbat,HPPSO_Modified,9,1154955.6702347675
1000,f16_hgbat,HPPSO_Modified,10,1181331.777275461
1000,f16_hgbat,HPPSO_Modified,11,1355579.8398587278
1000,f16_hgbat,HPPSO_Modified,12,1285296.3776317283
1000,f16_hgbat,HPPSO_Modified,13,1140369.1298647507
1000,f16_hgbat,HPPSO_Modified,14,1167730.8610364057
1000,f16_hgbat,HPPSO_Modified,15,1206975.5050032386
1000,f16_hgbat,HPPSO_Modified,16,1415090.2318400338
1000,f16_hgbat,HPPSO_Modified,17,1316353.0896382919
1000,f16_hgbat,HPPSO_Modified,18,1312765.3582371394
1000,f16_hgbat,HPPSO_Modified,19,1324122.0249435403
1000,f16_hgbat,GA-MPC,0,3056237.742466854
1000,f16_hgbat,GA-MPC,1,2729647.4861418516
1000,f16_hgbat,GA-MPC,2,2889877.2105533364
1000,f16_hgbat,GA-MPC,3,2715532.0421830625
1000,f16_hgbat,GA-MPC,4,2828769.660046433
1000,f16_hgbat,GA-MPC,5,2773070.7020468665
1000,f16_hgbat,GA-MPC,6,2987935.6532136225
1000,f16_hgbat,GA-MPC,7,2869064.671538564
1000,f16_hgbat,GA-MPC,8,2681817.576667708
1000,f16_hgbat,GA-MPC,9,2985336.006991597
1000,f16_hgbat,GA-MPC,10,2814846.6794762616
1000,f16_hgbat,GA-MPC,11,2872131.935584049
1000,f16_hgbat,GA-MPC,12,2710110.6629284294
1000,f16_hgbat,GA-MPC,13,2931219.7144841207
1000,f16_hgbat,GA-MPC,14,2897622.218816087
1000,f16_hgbat,GA-MPC,15,2754071.3494254537
1000,f16_hgbat,GA-MPC,16,2687309.0011127726
1000,f16_hgbat,GA-MPC,17,2858508.311688558
1000,f16_hgbat,GA-MPC,18,2972459.211526014
1000,f16_hgbat,GA-MPC,19,3001495.9370818324
1000,f16_hgbat,GWO,0,2307084.500609432
1000,f16_hgbat,GWO,1,2218209.069750722
1000,f16_hgbat,GWO,2,2308296.008510299
1000,f16_hgbat,GWO,3,2144426.1187158437
1000,f16_hgbat,GWO,4,2305266.1391506586
1000,f16_hgbat,GWO,5,2314374.062517183
1000,f16_hgbat,GWO,6,2261409.150835989
1000,f16_hgbat,GWO,7,2242318.1399035747
1000,f16_hgbat,GWO,8,2241813.5743311173
1000,f16_hgbat,GWO,9,2254578.122347032
1000,f16_hgbat,GWO,10,2186429.013423234
1000,f16_hgbat,GWO,11,2330138.332657988
1000,f16_hgbat,GWO,12,2245484.761256552
1000,f16_hgbat,GWO,13,2176643.387697866
1000,f16_hgbat,GWO,14,2268177.318239025
1000,f16_hgbat,GWO,15,2255022.349551214
1000,f16_hgbat,GWO,16,2293437.372372667
1000,f16_hgbat,GWO,17,2268602.293853889
1000,f16_hgbat,GWO,18,2224990.080685951
1000,f16_hgbat,GWO,19,2227194.498468619
1000,f16_hgbat,SHADE,0,2087470.0237014692
1000,f16_hgbat,SHADE,1,2032634.9252908898
1000,f16_hgbat,SHADE,2,2178240.1576659023
1000,f16_hgbat,SHADE,3,2066364.6176661046
1000,f16_hgbat,SHADE,4,1988133.8913113493
1000,f16_hgbat,SHADE,5,2227942.6777294255
1000,f16_hgbat,SHADE,6,1966635.1481991978
1000,f16_hgbat,SHADE,7,2147137.669042559
1000,f16_hgbat,SHADE,8,2188476.11390734
1000,f16_hgbat,SHADE,9,1935968.3788000455
1000,f16_hgbat,SHADE,10,2238404.690135212
1000,f16_hgbat,SHADE,11,1957037.441541424
1000,f16_hgbat,SHADE,12,2171778.252559833
1000,f16_hgbat,SHADE,13,1899411.1409023064
1000,f16_hgbat,SHADE,14,2027695.0594123483
1000,f16_hgbat,SHADE,15,2048143.0080340866
1000,f16_hgbat,SHADE,16,1894721.65516891
1000,f16_hgbat,SHADE,17,2225258.5988215455
1000,f16_hgbat,SHADE,18,2146375.1170804943
1000,f16_hgbat,SHADE,19,2002200.9785516232
1000,f16_hgbat,CSA,0,4862535.64567406
1000,f16_hgbat,CSA,1,4033141.7896299576
1000,f16_hgbat,CSA,2,3960397.4169610147
1000,f16_hgbat,CSA,3,4557928.138225151
1000,f16_hgbat,CSA,4,4776115.241899054
1000,f16_hgbat,CSA,5,4081711.6332897223
1000,f16_hgbat,CSA,6,3485136.5786057524
1000,f16_hgbat,CSA,7,4639102.788878621
1000,f16_hgbat,CSA,8,4358134.326268978
1000,f16_hgbat,CSA,9,5063566.87538637
1000,f16_hgbat,CSA,10,4338041.882338482
1000,f16_hgbat,CSA,11,4224133.220637916
1000,f16_hgbat,CSA,12,4416033.768066722
1000,f16_hgbat,CSA,13,4226810.843942956
1000,f16_hgbat,CSA,14,4139370.8470120043
1000,f16_hgbat,CSA,15,4055414.918606923
1000,f16_hgbat,CSA,16,3432921.6798010347
1000,f16_hgbat,CSA,17,3586153.005635992
1000,f16_hgbat,CSA,18,4011377.93463476
1000,f16_hgbat,CSA,19,4360073.693957408
1000,f16_hgbat,CMAES,0,91043.98104702093
1000,f16_hgbat,CMAES,1,99658.5159686671
1000,f16_hgbat,CMAES,2,90487.99090447988
1000,f16_hgbat,CMAES,3,97882.24998544999
1000,f16_hgbat,CMAES,4,91134.95022373063
1000,f16_hgbat,CMAES,5,85926.33977193934
1000,f16_hgbat,CMAES,6,98727.76334206994
1000,f16_hgbat,CMAES,7,93206.28224355403
1000,f16_hgbat,CMAES,8,108665.76979361815
1000,f16_hgbat,CMAES,9,104346.87773533529
1000,f16_hgbat,CMAES,10,99726.03188455841
1000,f16_hgbat,CMAES,11,105058.70678305172
1000,f16_hgbat,CMAES,12,90594.37574684434
1000,f16_hgbat,CMAES,13,105209.77867926772
1000,f16_hgbat,CMAES,14,95375.43073700301
1000,f16_hgbat,CMAES,15,89246.42143902714
1000,f16_hgbat,CMAES,16,102993.88930834564
1000,f16_hgbat,CMAES,17,89272.11739892336
1000,f16_hgbat,CMAES,18,100562.24307133479
1000,f16_hgbat,CMAES,19,94105.2244186348
1000,f17_bent_cigar,Original PSO,0,4083686299673.6836
1000,f17_bent_cigar,Original PSO,1,3732238712244.881
1000,f17_bent_cigar,Original PSO,2,3797310539169.7964
1000,f17_bent_cigar,Original PSO,3,3948348488934.189
1000,f17_bent_cigar,Original PSO,4,3864741377936.6
1000,f17_bent_cigar,Original PSO,5,3529527081005.7373
1000,f17_bent_cigar,Original PSO,6,3811536384854.7744
1000,f17_bent_cigar,Original PSO,7,3470750494367.183
1000,f17_bent_cigar,Original PSO,8,3729729651418.0864
1000,f17_bent_cigar,Original PSO,9,3911488503290.642
1000,f17_bent_cigar,Original PSO,10,3814835269016.594
1000,f17_bent_cigar,Original PSO,11,4147205492836.83
1000,f17_bent_cigar,Original PSO,12,4030248626034.875
1000,f17_bent_cigar,Original PSO,13,3916896753830.293
1000,f17_bent_cigar,Original PSO,14,3804875997285.0073
1000,f17_bent_cigar,Original PSO,15,3834517461065.3813
1000,f17_bent_cigar,Original PSO,16,3721773887825.8193
1000,f17_bent_cigar,Original PSO,17,3999516074212.065
1000,f17_bent_cigar,Original PSO,18,3808314186139.6426
1000,f17_bent_cigar,Original PSO,19,4102531431761.085
1000,f17_bent_cigar,PSO-m,0,2019157821288.0142
1000,f17_bent_cigar,PSO-m,1,2060796033480.6028
1000,f17_bent_cigar,PSO-m,2,2057437206735.3435
1000,f17_bent_cigar,PSO-m,3,2013349641419.4006
1000,f17_bent_cigar,PSO-m,4,2292203763459.9014
1000,f17_bent_cigar,PSO-m,5,2143547583702.8442
1000,f17_bent_cigar,PSO-m,6,2085971305928.3452
1000,f17_bent_cigar,PSO-m,7,2150033463529.472
1000,f17_bent_cigar,PSO-m,8,2232326479027.7344
1000,f17_bent_cigar,PSO-m,9,2142391710699.1614
1000,f17_bent_cigar,PSO-m,10,2142616203394.2856
1000,f17_bent_cigar,PSO-m,11,2067769431540.4094
1000,f17_bent_cigar,PSO-m,12,2090988842887.887
1000,f17_bent_cigar,PSO-m,13,2264686718293.306
1000,f17_bent_cigar,PSO-m,14,2338015987583.4375
1000,f17_bent_cigar,PSO-m,15,2082318629104.8274
1000,f17_bent_cigar,PSO-m,16,2182085698596.6504
1000,f17_bent_cigar,PSO-m,17,2167810890629.082
1000,f17_bent_cigar,PSO-m,18,2073553936624.7603
1000,f17_bent_cigar,PSO-m,19,2227841705461.492
1000,f17_bent_cigar,PSO-RIW,0,3489663721379.677
1000,f17_bent_cigar,PSO-RIW,1,3348679209496.5938
1000,f17_bent_cigar,PSO-RIW,2,3863721473802.5957
1000,f17_bent_cigar,PSO-RIW,3,3507421601002.4697
1000,f17_bent_cigar,PSO-RIW,4,3925959495075.987
1000,f17_bent_cigar,PSO-RIW,5,3474392024385.0747
1000,f17_bent_cigar,PSO-RIW,6,3621262876947.63
1000,f17_bent_cigar,PSO-RIW,7,3148003988591.228
1000,f17_bent_cigar,PSO-RIW,8,3673987381871.955
1000,f17_bent_cigar,PSO-RIW,9,3988647109402.649
1000,f17_bent_cigar,PSO-RIW,10,3898027510768.901
1000,f17_bent_cigar,PSO-RIW,11,3786624426569.206
1000,f17_bent_cigar,PSO-RIW,12,3783685037051.9463
1000,f17_bent_cigar,PSO-RIW,13,3509931494570.191
1000,f17_bent_cigar,PSO-RIW,14,3620915869371.971
1000,f17_bent_cigar,PSO-RIW,15,3688784719357.8203
1000,f17_bent_cigar,PSO-RIW,16,3665846055639.861
1000,f17_bent_cigar,PSO-RIW,17,4367022963673.085
1000,f17_bent_cigar,PSO-RIW,18,4414612972318.966
1000,f17_bent_cigar,PSO-RIW,19,3547207278779.742
1000,f17_bent_cigar,HPPSO_Modified,0,1351247577530.714
1000,f17_bent_cigar,HPPSO_Modified,1,1433180803094.664
1000,f17_bent_cigar,HPPSO_Modified,2,1474466149846.5488
1000,f17_bent_cigar,HPPSO_Modified,3,1438412133693.1255
1000,f17_bent_cigar,HPPSO_Modified,4,1569795468461.4316
1000,f17_bent_cigar,HPPSO_Modified,5,1207715448160.2925
1000,f17_bent_cigar,HPPSO_Modified,6,1300755736823.0073
1000,f17_bent_cigar,HPPSO_Modified,7,1296087257295.3853
1000,f17_bent_cigar,HPPSO_Modified,8,1264262920219.185
1000,f17_bent_cigar,HPPSO_Modified,9,1385637574533.3816
1000,f17_bent_cigar,HPPSO_Modified,10,1300398364096.2249
1000,f17_bent_cigar,HPPSO_Modified,11,1399552788546.1643
1000,f17_bent_cigar,HPPSO_Modified,12,1286199159447.9082
1000,f17_bent_cigar,HPPSO_Modified,13,1278950746660.776
1000,f17_bent_cigar,HPPSO_Modified,14,1316212845299.7017
1000,f17_bent_cigar,HPPSO_Modified,15,1326351075632.138
1000,f17_bent_cigar,HPPSO_Modified,16,1205302884848.7185
1000,f17_bent_cigar,HPPSO_Modified,17,1390021403999.3115
1000,f17_bent_cigar,HPPSO_Modified,18,1332932814830.5708
1000,f17_bent_cigar,HPPSO_Modified,19,1382512791481.7158
1000,f17_bent_cigar,GA-MPC,0,2827120610700.4287
1000,f17_bent_cigar,GA-MPC,1,2917473051093.806
1000,f17_bent_cigar,GA-MPC,2,3067069204595.203
1000,f17_bent_cigar,GA-MPC,3,3113724423630.6494
1000,f17_bent_cigar,GA-MPC,4,2790222077554.6475
1000,f17_bent_cigar,GA-MPC,5,2861216726326.479
1000,f17_bent_cigar,GA-MPC,6,3128498527072.0176
1000,f17_bent_cigar,GA-MPC,7,3073699772805.524
1000,f17_bent_cigar,GA-MPC,8,2813789964434.959
1000,f17_bent_cigar,GA-MPC,9,2749281585028.963
1000,f17_bent_cigar,GA-MPC,10,3109643814500.2295
1000,f17_bent_cigar,GA-MPC,11,2919111499149.79
1000,f17_bent_cigar,GA-MPC,12,2885778175057.75
1000,f17_bent_cigar,GA-MPC,13,2707068058956.7544
1000,f17_bent_cigar,GA-MPC,14,2759258495557.629
1000,f17_bent_cigar,GA-MPC,15,2986644098218.1475
1000,f17_bent_cigar,GA-MPC,16,2821005675272.262
1000,f17_bent_cigar,GA-MPC,17,2894710975982.0376
1000,f17_bent_cigar,GA-MPC,18,2954440572712.3354
1000,f17_bent_cigar,GA-MPC,19,2559255437609.1445
1000,f17_bent_cigar,GWO,0,2283621394060.4624
1000,f17_bent_cigar,GWO,1,2325374094612.801
1000,f17_bent_cigar,GWO,2,2291397571654.138
1000,f17_bent_cigar,GWO,3,2293506359827.9077
1000,f17_bent_cigar,GWO,4,2363980885430.3657
1000,f17_bent_cigar,GWO,5,2246672318784.9146
1000,f17_bent_cigar,GWO,6,2259673819832.1255
1000,f17_bent_cigar,GWO,7,2249831139439.7114
1000,f17_bent_cigar,GWO,8,2168580894356.9023
1000,f17_bent_cigar,GWO,9,2226763902204.838
1000,f17_bent_cigar,GWO,10,2173703706195.5
1000,f17_bent_cigar,GWO,11,2304117060968.0
1000,f17_bent_cigar,GWO,12,2310764667057.3667
1000,f17_bent_cigar,GWO,13,2347881463394.33
1000,f17_bent_cigar,GWO,14,2220343436882.724
1000,f17_bent_cigar,GWO,15,2284228420349.712
1000,f17_bent_cigar,GWO,16,2256753526809.468
1000,f17_bent_cigar,GWO,17,2210931920224.7397
1000,f17_bent_cigar,GWO,18,2244134143679.904
1000,f17_bent_cigar,GWO,19,2384986922568.3467
1000,f17_bent_cigar,SHADE,0,2126098257189.5483
1000,f17_bent_cigar,SHADE,1,2220206742901.9272
1000,f17_bent_cigar,SHADE,2,2075088750012.8704
1000,f17_bent_cigar,SHADE,3,2099628574488.4885
1000,f17_bent_cigar,SHADE,4,2250610887480.5034
1000,f17_bent_cigar,SHADE,5,2216784247615.577
1000,f17_bent_cigar,SHADE,6,2034477999017.1375
1000,f17_bent_cigar,SHADE,7,2223009401385.853
1000,f17_bent_cigar,SHADE,8,2134928140770.6592
1000,f17_bent_cigar,SHADE,9,2100825270620.6057
1000,f17_bent_cigar,SHADE,10,2161014260577.8992
1000,f17_bent_cigar,SHADE,11,2260912578822.4634
1000,f17_bent_cigar,SHADE,12,2096922687794.887
1000,f17_bent_cigar,SHADE,13,2012082429656.447
1000,f17_bent_cigar,SHADE,14,2028101645547.3032
1000,f17_bent_cigar,SHADE,15,2211144591203.7397
1000,f17_bent_cigar,SHADE,16,2187964706941.7173
1000,f17_bent_cigar,SHADE,17,2256324467435.6553
1000,f17_bent_cigar,SHADE,18,2119885513853.836
1000,f17_bent_cigar,SHADE,19,2128278915296.649
1000,f17_bent_cigar,CSA,0,3945498187534.939
1000,f17_bent_cigar,CSA,1,4183114206602.56
1000,f17_bent_cigar,CSA,2,4421573587920.725
1000,f17_bent_cigar,CSA,3,3882132101319.1797
1000,f17_bent_cigar,CSA,4,4577387018987.642
1000,f17_bent_cigar,CSA,5,3799848487153.832
1000,f17_bent_cigar,CSA,6,4145525476051.621
1000,f17_bent_cigar,CSA,7,3917123234608.322
1000,f17_bent_cigar,CSA,8,3834304213781.7817
1000,f17_bent_cigar,CSA,9,3769207503366.5596
1000,f17_bent_cigar,CSA,10,3992657099633.931
1000,f17_bent_cigar,CSA,11,4116638562448.6533
1000,f17_bent_cigar,CSA,12,4642152987651.643
1000,f17_bent_cigar,CSA,13,3835019419365.984
1000,f17_bent_cigar,CSA,14,3771595132511.591
1000,f17_bent_cigar,CSA,15,4334368934754.068
1000,f17_bent_cigar,CSA,16,4133013679347.3623
1000,f17_bent_cigar,CSA,17,4536199631810.836
1000,f17_bent_cigar,CSA,18,3851819898700.334
1000,f17_bent_cigar,CSA,19,4117895175728.218
1000,f17_bent_cigar,CMAES,0,97507487840.55528
1000,f17_bent_cigar,CMAES,1,95365646304.81429
1000,f17_bent_cigar,CMAES,2,97823790128.95581
1000,f17_bent_cigar,CMAES,3,91719023629.09416
1000,f17_bent_cigar,CMAES,4,99448379861.37564
1000,f17_bent_cigar,CMAES,5,102751262866.96552
1000,f17_bent_cigar,CMAES,6,100291735525.69293
1000,f17_bent_cigar,CMAES,7,100906270192.478
1000,f17_bent_cigar,CMAES,8,93169769165.83653
1000,f17_bent_cigar,CMAES,9,101508201047.63127
1000,f17_bent_cigar,CMAES,10,99727789266.74345
1000,f17_bent_cigar,CMAES,11,96502361792.08244
1000,f17_bent_cigar,CMAES,12,106439585044.80994
1000,f17_bent_cigar,CMAES,13,97194384009.2119
1000,f17_bent_cigar,CMAES,14,90537139313.3256
1000,f17_bent_cigar,CMAES,15,103837340427.71867
1000,f17_bent_cigar,CMAES,16,101979050549.41463
1000,f17_bent_cigar,CMAES,17,100341767301.95322
1000,f17_bent_cigar,CMAES,18,99579730033.00757
1000,f17_bent_cigar,CMAES,19,92438116601.85448
1000,f18_discus,Original PSO,0,4634294.268932403
1000,f18_discus,Original PSO,1,5013877.273441745
1000,f18_discus,Original PSO,2,4617105.064059938
1000,f18_discus,Original PSO,3,4544655.785612847
1000,f18_discus,Original PSO,4,4722048.248265546
1000,f18_discus,Original PSO,5,4882368.556453186
1000,f18_discus,Original PSO,6,4381465.989931348
1000,f18_discus,Original PSO,7,4601161.493093012
1000,f18_discus,Original PSO,8,4847427.89564303
1000,f18_discus,Original PSO,9,4501979.392099069
1000,f18_discus,Original PSO,10,4368418.8974856315
1000,f18_discus,Original PSO,11,4808903.990650343
1000,f18_discus,Original PSO,12,5592829.286848302
1000,f18_discus,Original PSO,13,4871113.617737616
1000,f18_discus,Original PSO,14,4307352.50584864
1000,f18_discus,Original PSO,15,4828592.165184185
1000,f18_discus,Original PSO,16,4551553.238573727
1000,f18_discus,Original PSO,17,4682290.840290208
1000,f18_discus,Original PSO,18,5009114.332766067
1000,f18_discus,Original PSO,19,5193880.816553999
1000,f18_discus,PSO-m,0,4185745.365794089
1000,f18_discus,PSO-m,1,4151207.6917583533
1000,f18_discus,PSO-m,2,4156493.513640174
1000,f18_discus,PSO-m,3,4206825.282091576
1000,f18_discus,PSO-m,4,4048571.957783456
1000,f18_discus,PSO-m,5,4392207.865787566
1000,f18_discus,PSO-m,6,4380177.178323228
1000,f18_discus,PSO-m,7,4381385.211379291
1000,f18_discus,PSO-m,8,4099001.0443635397
1000,f18_discus,PSO-m,9,4989723.927920355
1000,f18_discus,PSO-m,10,4529911.181373599
1000,f18_discus,PSO-m,11,4188209.060543036
1000,f18_discus,PSO-m,12,4592548.138582304
1000,f18_discus,PSO-m,13,4104682.566426889
1000,f18_discus,PSO-m,14,4731673.453007597
1000,f18_discus,PSO-m,15,4208841.715368136
1000,f18_discus,PSO-m,16,4528374.142036109
1000,f18_discus,PSO-m,17,3984981.4279629607
1000,f18_discus,PSO-m,18,3921367.0428525647
1000,f18_discus,PSO-m,19,4357421.654970499
1000,f18_discus,PSO-RIW,0,4504730.400863459
1000,f18_discus,PSO-RIW,1,4277620.008989843
1000,f18_discus,PSO-RIW,2,5403806.817218683
1000,f18_discus,PSO-RIW,3,4748782.592716915
1000,f18_discus,PSO-RIW,4,4867075.609454813
1000,f18_discus,PSO-RIW,5,5710516.640311705
1000,f18_discus,PSO-RIW,6,4961298.614963468
1000,f18_discus,PSO-RIW,7,5637112.53801092
1000,f18_discus,PSO-RIW,8,4685712.871167
1000,f18_discus,PSO-RIW,9,4787422.92945505
1000,f18_discus,PSO-RIW,10,4379120.078987464
1000,f18_discus,PSO-RIW,11,5063984.681972398
1000,f18_discus,PSO-RIW,12,4178473.909149004
1000,f18_discus,PSO-RIW,13,4729297.663879013
1000,f18_discus,PSO-RIW,14,4725163.332685312
1000,f18_discus,PSO-RIW,15,4796902.494697186
1000,f18_discus,PSO-RIW,16,4364436.607049893
1000,f18_discus,PSO-RIW,17,4848056.092940843
1000,f18_discus,PSO-RIW,18,4986810.306621519
1000,f18_discus,PSO-RIW,19,4861212.084635131
1000,f18_discus,HPPSO_Modified,0,1438734.8894463028
1000,f18_discus,HPPSO_Modified,1,1593159.0201071564
1000,f18_discus,HPPSO_Modified,2,1903214.009796696
1000,f18_discus,HPPSO_Modified,3,1605616.7223661076
1000,f18_discus,HPPSO_Modified,4,1618478.465759313
1000,f18_discus,HPPSO_Modified,5,1520536.3123350458
1000,f18_discus,HPPSO_Modified,6,1657176.7744794185
1000,f18_discus,HPPSO_Modified,7,1578224.7057061307
1000,f18_discus,HPPSO_Modified,8,1545939.5407446814
1000,f18_discus,HPPSO_Modified,9,1699275.7953546655
1000,f18_discus,HPPSO_Modified,10,1700408.11571884
1000,f18_discus,HPPSO_Modified,11,1761554.3382547186
1000,f18_discus,HPPSO_Modified,12,1446143.167006014
1000,f18_discus,HPPSO_Modified,13,1663709.2526309215
1000,f18_discus,HPPSO_Modified,14,1739012.2237765838
1000,f18_discus,HPPSO_Modified,15,1725190.6442586686
1000,f18_discus,HPPSO_Modified,16,1663774.7753330506
1000,f18_discus,HPPSO_Modified,17,1874986.078134667
1000,f18_discus,HPPSO_Modified,18,1703920.2627889921
1000,f18_discus,HPPSO_Modified,19,1668973.0718283495
1000,f18_discus,GA-MPC,0,3176502.489699958
1000,f18_discus,GA-MPC,1,3237569.2886990327
1000,f18_discus,GA-MPC,2,3255653.511385987
1000,f18_discus,GA-MPC,3,3242276.3316276087
1000,f18_discus,GA-MPC,4,3281617.8362744926
1000,f18_discus,GA-MPC,5,3399692.8887574673
1000,f18_discus,GA-MPC,6,3171518.6144612925
1000,f18_discus,GA-MPC,7,3402693.0425907546
1000,f18_discus,GA-MPC,8,3311729.833295685
1000,f18_discus,GA-MPC,9,3551788.4883265905
1000,f18_discus,GA-MPC,10,3789473.4380059047
1000,f18_discus,GA-MPC,11,3104038.43830725
1000,f18_discus,GA-MPC,12,2916545.1459346004
1000,f18_discus,GA-MPC,13,3349539.1288071373
1000,f18_discus,GA-MPC,14,3323286.4047616636
1000,f18_discus,GA-MPC,15,3330775.3811563714
1000,f18_discus,GA-MPC,16,3449149.0515263476
1000,f18_discus,GA-MPC,17,3180418.4175965195
1000,f18_discus,GA-MPC,18,2946095.9666952747
1000,f18_discus,GA-MPC,19,3484823.170037284
1000,f18_discus,GWO,0,3014819.9277292355
1000,f18_discus,GWO,1,3001865.58690543
1000,f18_discus,GWO,2,2948120.9193923436
1000,f18_discus,GWO,3,2997539.545663664
1000,f18_discus,GWO,4,3084329.4917179304
1000,f18_discus,GWO,5,3012798.079487787
1000,f18_discus,GWO,6,2864039.4699231843
1000,f18_discus,GWO,7,3040436.962886633
1000,f18_discus,GWO,8,2998267.767015639
1000,f18_discus,GWO,9,3105347.368701792
1000,f18_discus,GWO,10,3003275.6599311447
1000,f18_discus,GWO,11,3009463.775170257
1000,f18_discus,GWO,12,2960518.160367979
1000,f18_discus,GWO,13,3008220.3737108503
1000,f18_discus,GWO,14,3016753.870757793
1000,f18_discus,GWO,15,2953758.765582049
1000,f18_discus,GWO,16,2996856.5985262427
1000,f18_discus,GWO,17,3006853.270625028
1000,f18_discus,GWO,18,2887924.8888690225
1000,f18_discus,GWO,19,2929237.8245395855
1000,f18_discus,SHADE,0,2284286.787529113
1000,f18_discus,SHADE,1,2556078.3264330477
1000,f18_discus,SHADE,2,2429319.990267618
1000,f18_discus,SHADE,3,2620290.7103397516
1000,f18_discus,SHADE,4,2221604.320020343
1000,f18_discus,SHADE,5,2461258.6781394947
1000,f18_discus,SHADE,6,2438504.761447133
1000,f18_discus,SHADE,7,2550268.7331660823
1000,f18_discus,SHADE,8,2497821.419137202
1000,f18_discus,SHADE,9,2553221.2935782103
1000,f18_discus,SHADE,10,2424334.7721912568
1000,f18_discus,SHADE,11,2382422.630572801
1000,f18_discus,SHADE,12,2676298.6580409626
1000,f18_discus,SHADE,13,2310492.134962463
1000,f18_discus,SHADE,14,2680407.429716721
1000,f18_discus,SHADE,15,2451488.959766441
1000,f18_discus,SHADE,16,2503592.713426587
1000,f18_discus,SHADE,17,2631730.530162331
1000,f18_discus,SHADE,18,2467528.800908158
1000,f18_discus,SHADE,19,2412786.7938229823
1000,f18_discus,CSA,0,7630898.3779585585
1000,f18_discus,CSA,1,10074554.937233036
1000,f18_discus,CSA,2,9400493.86432706
1000,f18_discus,CSA,3,6714289.755564234
1000,f18_discus,CSA,4,4562718.02408558
1000,f18_discus,CSA,5,4759822.308215647
1000,f18_discus,CSA,6,6339476.203891756
1000,f18_discus,CSA,7,6056437.736282379
1000,f18_discus,CSA,8,6307179.651453611
1000,f18_discus,CSA,9,5685885.428870082
1000,f18_discus,CSA,10,4667730.240923686
1000,f18_discus,CSA,11,5658438.704425258
1000,f18_discus,CSA,12,8826369.329844642
1000,f18_discus,CSA,13,8027741.374550331
1000,f18_discus,CSA,14,5842461.214432131
1000,f18_discus,CSA,15,5079921.709984367
1000,f18_discus,CSA,16,7025386.212416989
1000,f18_discus,CSA,17,5072702.717713198
1000,f18_discus,CSA,18,7120874.488742063
1000,f18_discus,CSA,19,11779085.662209345
1000,f18_discus,CMAES,0,5576514.891585528
1000,f18_discus,CMAES,1,5828356.146869932
1000,f18_discus,CMAES,2,5513682.604628636
1000,f18_discus,CMAES,3,5750425.977135022
1000,f18_discus,CMAES,4,5611120.651958077
1000,f18_discus,CMAES,5,5838878.276201528
1000,f18_discus,CMAES,6,5879750.435250511
1000,f18_discus,CMAES,7,5814656.00617204
1000,f18_discus,CMAES,8,5925064.318070158
1000,f18_discus,CMAES,9,5500092.498447721
1000,f18_discus,CMAES,10,5684285.536490183
1000,f18_discus,CMAES,11,5661721.724293208
1000,f18_discus,CMAES,12,5612915.281766363
1000,f18_discus,CMAES,13,5500671.1027999
1000,f18_discus,CMAES,14,5521122.859569263
1000,f18_discus,CMAES,15,5629588.279433451
1000,f18_discus,CMAES,16,5696591.105931832
1000,f18_discus,CMAES,17,5428367.370608114
1000,f18_discus,CMAES,18,5699996.386025783
1000,f18_discus,CMAES,19,5686920.720697818
1000,f19_penalized_1,Original PSO,0,3305508116234.424
1000,f19_penalized_1,Original PSO,1,2673734519361.205
1000,f19_penalized_1,Original PSO,2,3012981031153.616
1000,f19_penalized_1,Original PSO,3,3589315722083.065
1000,f19_penalized_1,Original PSO,4,3336443655561.142
1000,f19_penalized_1,Original PSO,5,2865967961728.543
1000,f19_penalized_1,Original PSO,6,3199857067852.0493
1000,f19_penalized_1,Original PSO,7,2911743479169.4224
1000,f19_penalized_1,Original PSO,8,2641547658916.127
1000,f19_penalized_1,Original PSO,9,2719236712258.523
1000,f19_penalized_1,Original PSO,10,3192504607342.725
1000,f19_penalized_1,Original PSO,11,3734167198380.3564
1000,f19_penalized_1,Original PSO,12,3602744007349.2207
1000,f19_penalized_1,Original PSO,13,2988124548235.389
1000,f19_penalized_1,Original PSO,14,3284973947119.59
1000,f19_penalized_1,Original PSO,15,2855904980706.7007
1000,f19_penalized_1,Original PSO,16,2857367322543.25
1000,f19_penalized_1,Original PSO,17,3315975132067.4146
1000,f19_penalized_1,Original PSO,18,2982835495969.493
1000,f19_penalized_1,Original PSO,19,3343405939702.1055
1000,f19_penalized_1,PSO-m,0,1288724892700.9282
1000,f19_penalized_1,PSO-m,1,1148916358586.8657
1000,f19_penalized_1,PSO-m,2,1688361720706.6252
1000,f19_penalized_1,PSO-m,3,1081762380792.9552
1000,f19_penalized_1,PSO-m,4,1358354487738.3125
1000,f19_penalized_1,PSO-m,5,1431559141240.0613
1000,f19_penalized_1,PSO-m,6,1330543190540.7295
1000,f19_penalized_1,PSO-m,7,1227650354492.0615
1000,f19_penalized_1,PSO-m,8,1209628256751.9998
1000,f19_penalized_1,PSO-m,9,1168708284376.0881
1000,f19_penalized_1,PSO-m,10,1192187960636.8064
1000,f19_penalized_1,PSO-m,11,1440399120423.762
1000,f19_penalized_1,PSO-m,12,1173068527566.2717
1000,f19_penalized_1,PSO-m,13,1202838837001.4604
1000,f19_penalized_1,PSO-m,14,1230858720941.5645
1000,f19_penalized_1,PSO-m,15,1284602626857.6755
1000,f19_penalized_1,PSO-m,16,1405725813853.9023
1000,f19_penalized_1,PSO-m,17,1329917391897.9368
1000,f19_penalized_1,PSO-m,18,1318525260836.561
1000,f19_penalized_1,PSO-m,19,1356011000319.7688
1000,f19_penalized_1,PSO-RIW,0,2314771875337.8867
1000,f19_penalized_1,PSO-RIW,1,3059154223882.602
1000,f19_penalized_1,PSO-RIW,2,2391065891686.643
1000,f19_penalized_1,PSO-RIW,3,2797659459153.4136
1000,f19_penalized_1,PSO-RIW,4,2752392663945.841
1000,f19_penalized_1,PSO-RIW,5,2571426926141.1943
1000,f19_penalized_1,PSO-RIW,6,2742866914121.651
1000,f19_penalized_1,PSO-RIW,7,2798989608340.8716
1000,f19_penalized_1,PSO-RIW,8,3761949685519.3335
1000,f19_penalized_1,PSO-RIW,9,2662529552552.534
1000,f19_penalized_1,PSO-RIW,10,2874419657181.1367
1000,f19_penalized_1,PSO-RIW,11,3306535301317.2305
1000,f19_penalized_1,PSO-RIW,12,2499155824116.7974
1000,f19_penalized_1,PSO-RIW,13,3342468828366.2686
1000,f19_penalized_1,PSO-RIW,14,2754969728860.0767
1000,f19_penalized_1,PSO-RIW,15,3046002741097.3945
1000,f19_penalized_1,PSO-RIW,16,2966361519120.9604
1000,f19_penalized_1,PSO-RIW,17,2915942248510.795
1000,f19_penalized_1,PSO-RIW,18,2828994873511.8677
1000,f19_penalized_1,PSO-RIW,19,3171663442983.932
1000,f19_penalized_1,HPPSO_Modified,0,217490507634.27063
1000,f19_penalized_1,HPPSO_Modified,1,242556289101.61945
1000,f19_penalized_1,HPPSO_Modified,2,278637062322.5932
1000,f19_penalized_1,HPPSO_Modified,3,231854771677.70035
1000,f19_penalized_1,HPPSO_Modified,4,245095111411.76227
1000,f19_penalized_1,HPPSO_Modified,5,226831700566.69995
1000,f19_penalized_1,HPPSO_Modified,6,247488581140.17218
1000,f19_penalized_1,HPPSO_Modified,7,252238070558.4749
1000,f19_penalized_1,HPPSO_Modified,8,288778187724.5025
1000,f19_penalized_1,HPPSO_Modified,9,231646921605.16635
1000,f19_penalized_1,HPPSO_Modified,10,281142820632.2697
1000,f19_penalized_1,HPPSO_Modified,11,287456488197.3017
1000,f19_penalized_1,HPPSO_Modified,12,245777116449.76385
1000,f19_penalized_1,HPPSO_Modified,13,264922702082.24564
1000,f19_penalized_1,HPPSO_Modified,14,287600555949.63245
1000,f19_penalized_1,HPPSO_Modified,15,289187747518.929
1000,f19_penalized_1,HPPSO_Modified,16,220294964246.58838
1000,f19_penalized_1,HPPSO_Modified,17,315920935012.35803
1000,f19_penalized_1,HPPSO_Modified,18,213544237026.98993
1000,f19_penalized_1,HPPSO_Modified,19,287416500711.71844
1000,f19_penalized_1,GA-MPC,0,1529644369638.738
1000,f19_penalized_1,GA-MPC,1,1640594780811.5957
1000,f19_penalized_1,GA-MPC,2,1430935196694.5164
1000,f19_penalized_1,GA-MPC,3,1665160650903.9983
1000,f19_penalized_1,GA-MPC,4,1846949310452.7598
1000,f19_penalized_1,GA-MPC,5,1733281925776.8828
1000,f19_penalized_1,GA-MPC,6,1619004145469.5393
1000,f19_penalized_1,GA-MPC,7,1563173928660.9744
1000,f19_penalized_1,GA-MPC,8,1353807341389.721
1000,f19_penalized_1,GA-MPC,9,1395537627717.9927
1000,f19_penalized_1,GA-MPC,10,1427253775437.9746
1000,f19_penalized_1,GA-MPC,11,1506489510490.0933
1000,f19_penalized_1,GA-MPC,12,1410252150418.6465
1000,f19_penalized_1,GA-MPC,13,1499518604675.6108
1000,f19_penalized_1,GA-MPC,14,1560500307068.9863
1000,f19_penalized_1,GA-MPC,15,1557333580641.5789
1000,f19_penalized_1,GA-MPC,16,1558611154489.5217
1000,f19_penalized_1,GA-MPC,17,1413560568160.6963
1000,f19_penalized_1,GA-MPC,18,1486258866751.056
1000,f19_penalized_1,GA-MPC,19,1584443187986.1902
1000,f19_penalized_1,GWO,0,686387152923.474
1000,f19_penalized_1,GWO,1,752909159164.7621
1000,f19_penalized_1,GWO,2,699441183146.5714
1000,f19_penalized_1,GWO,3,709990683554.3479
1000,f19_penalized_1,GWO,4,759656739346.9415
1000,f19_penalized_1,GWO,5,734157192196.2026
1000,f19_penalized_1,GWO,6,726475959793.5438
1000,f19_penalized_1,GWO,7,733967993228.6218
1000,f19_penalized_1,GWO,8,693278838226.9934
1000,f19_penalized_1,GWO,9,706569565810.581
1000,f19_penalized_1,GWO,10,720054680599.7428
1000,f19_penalized_1,GWO,11,713034511988.4899
1000,f19_penalized_1,GWO,12,735335742358.7177
1000,f19_penalized_1,GWO,13,692536119357.8933
1000,f19_penalized_1,GWO,14,712953365113.938
1000,f19_penalized_1,GWO,15,731438558504.6147
1000,f19_penalized_1,GWO,16,691737595684.2535
1000,f19_penalized_1,GWO,17,701589212270.6963
1000,f19_penalized_1,GWO,18,754569492721.7076
1000,f19_penalized_1,GWO,19,722509959904.1108
1000,f19_penalized_1,SHADE,0,722728062940.7561
1000,f19_penalized_1,SHADE,1,838628297692.9797
1000,f19_penalized_1,SHADE,2,771007871436.2065
1000,f19_penalized_1,SHADE,3,768848361516.7976
1000,f19_penalized_1,SHADE,4,729261609538.5508
1000,f19_penalized_1,SHADE,5,843044545742.8983
1000,f19_penalized_1,SHADE,6,709171317803.6217
1000,f19_penalized_1,SHADE,7,823252505552.362
1000,f19_penalized_1,SHADE,8,804096662176.6394
1000,f19_penalized_1,SHADE,9,718078624782.6936
1000,f19_penalized_1,SHADE,10,810570148703.8376
1000,f19_penalized_1,SHADE,11,875406254876.0511
1000,f19_penalized_1,SHADE,12,788219934104.6268
1000,f19_penalized_1,SHADE,13,748119877594.1786
1000,f19_penalized_1,SHADE,14,803320967278.6107
1000,f19_penalized_1,SHADE,15,741707685022.1569
1000,f19_penalized_1,SHADE,16,716564649512.6414
1000,f19_penalized_1,SHADE,17,829730513717.7319
1000,f19_penalized_1,SHADE,18,800328053991.314
1000,f19_penalized_1,SHADE,19,757369550497.5034
1000,f19_penalized_1,CSA,0,2500299309826.4585
1000,f19_penalized_1,CSA,1,1453593799954.6963
1000,f19_penalized_1,CSA,2,3998931378879.355
1000,f19_penalized_1,CSA,3,2142875581678.0334
1000,f19_penalized_1,CSA,4,1884261260466.385
1000,f19_penalized_1,CSA,5,3337962671164.8364
1000,f19_penalized_1,CSA,6,3243442746001.994
1000,f19_penalized_1,CSA,7,1449396416942.9434
1000,f19_penalized_1,CSA,8,3798085903497.284
1000,f19_penalized_1,CSA,9,3772666971217.314
1000,f19_penalized_1,CSA,10,6015118067619.424
1000,f19_penalized_1,CSA,11,3578117116411.0337
1000,f19_penalized_1,CSA,12,3423926039830.6416
1000,f19_penalized_1,CSA,13,3382132878200.1333
1000,f19_penalized_1,CSA,14,2886156676719.931
1000,f19_penalized_1,CSA,15,2911356688648.3125
1000,f19_penalized_1,CSA,16,1832363210539.7869
1000,f19_penalized_1,CSA,17,3001714178286.625
1000,f19_penalized_1,CSA,18,3598210586345.292
1000,f19_penalized_1,CSA,19,3343505346466.679
1000,f19_penalized_1,CMAES,0,2338119556.865765
1000,f19_penalized_1,CMAES,1,2493410276.534787
1000,f19_penalized_1,CMAES,2,2651054634.8380413
1000,f19_penalized_1,CMAES,3,1910053297.5422766
1000,f19_penalized_1,CMAES,4,2001310783.1636214
1000,f19_penalized_1,CMAES,5,2112124577.1867092
1000,f19_penalized_1,CMAES,6,2411431969.371434
1000,f19_penalized_1,CMAES,7,1772852591.6960666
1000,f19_penalized_1,CMAES,8,2398406538.433625
1000,f19_penalized_1,CMAES,9,1936808263.008405
1000,f19_penalized_1,CMAES,10,2273095244.034834
1000,f19_penalized_1,CMAES,11,2445390298.6363125
1000,f19_penalized_1,CMAES,12,1934194001.5224004
1000,f19_penalized_1,CMAES,13,2825977890.4226193
1000,f19_penalized_1,CMAES,14,2397477274.860488
1000,f19_penalized_1,CMAES,15,1831238146.773666
1000,f19_penalized_1,CMAES,16,2018085439.9791937
1000,f19_penalized_1,CMAES,17,2489230400.6492076
1000,f19_penalized_1,CMAES,18,2571730587.114841
1000,f19_penalized_1,CMAES,19,1890625907.7546005
1000,f20_zakharov_2,Original PSO,0,1.6354554275326834e-47
1000,f20_zakharov_2,Original PSO,1,3.5421948201759525e-89
1000,f20_zakharov_2,Original PSO,2,2.071342836110399e-45
1000,f20_zakharov_2,Original PSO,3,1.4163774182296418e-37
1000,f20_zakharov_2,Original PSO,4,3.0854379129950603e-58
1000,f20_zakharov_2,Original PSO,5,4.4999847782551806e-61
1000,f20_zakharov_2,Original PSO,6,1.4030294512836176e-111
1000,f20_zakharov_2,Original PSO,7,5.113359128946825e-117
1000,f20_zakharov_2,Original PSO,8,1.101383933671817e-54
1000,f20_zakharov_2,Original PSO,9,8.496662851567283e-54
1000,f20_zakharov_2,Original PSO,10,2.899950404541196e-45
1000,f20_zakharov_2,Original PSO,11,1.6040182069780301e-43
1000,f20_zakharov_2,Original PSO,12,1.2036462292055162e-59
1000,f20_zakharov_2,Original PSO,13,2.1510766730186578e-88
1000,f20_zakharov_2,Original PSO,14,8.511362084609108e-39
1000,f20_zakharov_2,Original PSO,15,6.583684426464181e-54
1000,f20_zakharov_2,Original PSO,16,4.712681732304241e-45
1000,f20_zakharov_2,Original PSO,17,2.0095594516842378e-71
1000,f20_zakharov_2,Original PSO,18,2.1543118505846207e-42
1000,f20_zakharov_2,Original PSO,19,5.908021179929819e-47
1000,f20_zakharov_2,PSO-m,0,1.2015051680482575e-34
1000,f20_zakharov_2,PSO-m,1,4.2844652931732346e-45
1000,f20_zakharov_2,PSO-m,2,9.677364824151718e-40
1000,f20_zakharov_2,PSO-m,3,1.77314852860122e-30
1000,f20_zakharov_2,PSO-m,4,6.942257837060493e-30
1000,f20_zakharov_2,PSO-m,5,1.375551693147959e-36
1000,f20_zakharov_2,PSO-m,6,2.5484008154795372e-45
1000,f20_zakharov_2,PSO-m,7,2.7136396232102217e-39
1000,f20_zakharov_2,PSO-m,8,3.1257206169668877e-38
1000,f20_zakharov_2,PSO-m,9,2.7495493560762414e-36
1000,f20_zakharov_2,PSO-m,10,1.2523702043636015e-39
1000,f20_zakharov_2,PSO-m,11,1.0906851080900132e-53
1000,f20_zakharov_2,PSO-m,12,6.054659797734553e-56
1000,f20_zakharov_2,PSO-m,13,4.140601043939736e-38
1000,f20_zakharov_2,PSO-m,14,2.8258881193178668e-28
1000,f20_zakharov_2,PSO-m,15,2.0338481974814985e-32
1000,f20_zakharov_2,PSO-m,16,3.057032122461289e-31
1000,f20_zakharov_2,PSO-m,17,6.045751187301349e-35
1000,f20_zakharov_2,PSO-m,18,3.812285721725466e-40
1000,f20_zakharov_2,PSO-m,19,2.1704029657044964e-30
1000,f20_zakharov_2,PSO-RIW,0,1.1438681631035799e-66
1000,f20_zakharov_2,PSO-RIW,1,6.439556757847961e-65
1000,f20_zakharov_2,PSO-RIW,2,3.829389359487971e-66
1000,f20_zakharov_2,PSO-RIW,3,2.929417723280474e-71
1000,f20_zakharov_2,PSO-RIW,4,2.9365929748683554e-33
1000,f20_zakharov_2,PSO-RIW,5,6.4819186379946496e-55
1000,f20_zakharov_2,PSO-RIW,6,4.200478013355856e-55
1000,f20_zakharov_2,PSO-RIW,7,1.5658738216829722e-43
1000,f20_zakharov_2,PSO-RIW,8,7.964206057135785e-102
1000,f20_zakharov_2,PSO-RIW,9,4.932149740239571e-82
1000,f20_zakharov_2,PSO-RIW,10,1.0924506780483504e-62
1000,f20_zakharov_2,PSO-RIW,11,1.6289865131570022e-53
1000,f20_zakharov_2,PSO-RIW,12,9.565399572906679e-42
1000,f20_zakharov_2,PSO-RIW,13,5.6616725364615695e-33
1000,f20_zakharov_2,PSO-RIW,14,5.998049329057949e-42
1000,f20_zakharov_2,PSO-RIW,15,1.0885485127975161e-98
1000,f20_zakharov_2,PSO-RIW,16,1.260353128588794e-39
1000,f20_zakharov_2,PSO-RIW,17,5.304647176133553e-64
1000,f20_zakharov_2,PSO-RIW,18,3.4368551491044736e-44
1000,f20_zakharov_2,PSO-RIW,19,1.2934386853784867e-39
1000,f20_zakharov_2,HPPSO_Modified,0,4.81849623138225e-69
1000,f20_zakharov_2,HPPSO_Modified,1,1.9423973393752838e-65
1000,f20_zakharov_2,HPPSO_Modified,2,3.816875611970051e-36
1000,f20_zakharov_2,HPPSO_Modified,3,3.629591914761368e-52
1000,f20_zakharov_2,HPPSO_Modified,4,1.860269471445662e-68
1000,f20_zakharov_2,HPPSO_Modified,5,1.4062222307885834e-63
1000,f20_zakharov_2,HPPSO_Modified,6,2.5314672707434267e-59
1000,f20_zakharov_2,HPPSO_Modified,7,1.0330861481207313e-28
1000,f20_zakharov_2,HPPSO_Modified,8,1.327893854904912e-48
1000,f20_zakharov_2,HPPSO_Modified,9,6.381742330536284e-49
1000,f20_zakharov_2,HPPSO_Modified,10,1.0659081616794323e-50
1000,f20_zakharov_2,HPPSO_Modified,11,1.0003009443635571e-59
1000,f20_zakharov_2,HPPSO_Modified,12,1.2462573725443356e-42
1000,f20_zakharov_2,HPPSO_Modified,13,2.1157430951728481e-35
1000,f20_zakharov_2,HPPSO_Modified,14,1.1024061044657188e-50
1000,f20_zakharov_2,HPPSO_Modified,15,4.1073003367904003e-84
1000,f20_zakharov_2,HPPSO_Modified,16,7.218310627978901e-86
1000,f20_zakharov_2,HPPSO_Modified,17,3.71537275632266e-78
1000,f20_zakharov_2,HPPSO_Modified,18,3.5054576128247697e-53
1000,f20_zakharov_2,HPPSO_Modified,19,1.2513175845302278e-56
1000,f20_zakharov_2,GA-MPC,0,8.201020808455828e-113
1000,f20_zakharov_2,GA-MPC,1,3.970586588704687e-118
1000,f20_zakharov_2,GA-MPC,2,2.412050795791351e-90
1000,f20_zakharov_2,GA-MPC,3,1.6250805398793816e-99
1000,f20_zakharov_2,GA-MPC,4,2.526265459984596e-106
1000,f20_zakharov_2,GA-MPC,5,4.463771601437192e-97
1000,f20_zakharov_2,GA-MPC,6,5.3580141358061306e-99
1000,f20_zakharov_2,GA-MPC,7,1.758264886582549e-107
1000,f20_zakharov_2,GA-MPC,8,2.0742628419437946e-88
1000,f20_zakharov_2,GA-MPC,9,4.134771636780589e-118
1000,f20_zakharov_2,GA-MPC,10,2.5136887215824024e-112
1000,f20_zakharov_2,GA-MPC,11,1.1395596856240753e-84
1000,f20_zakharov_2,GA-MPC,12,7.06339802750484e-101
1000,f20_zakharov_2,GA-MPC,13,6.432573932919692e-102
1000,f20_zakharov_2,GA-MPC,14,2.6386859391586804e-104
1000,f20_zakharov_2,GA-MPC,15,1.1221375973554196e-99
1000,f20_zakharov_2,GA-MPC,16,1.070962327023385e-126
1000,f20_zakharov_2,GA-MPC,17,4.209682501017064e-98
1000,f20_zakharov_2,GA-MPC,18,1.2115311702376098e-96
1000,f20_zakharov_2,GA-MPC,19,2.93640661209636e-101
1000,f20_zakharov_2,GWO,0,1.934802627332167e-33
1000,f20_zakharov_2,GWO,1,7.821424848757347e-36
1000,f20_zakharov_2,GWO,2,2.0332575942057646e-34
1000,f20_zakharov_2,GWO,3,2.903664698730791e-38
1000,f20_zakharov_2,GWO,4,2.2423480612207614e-38
1000,f20_zakharov_2,GWO,5,5.332211440403495e-37
1000,f20_zakharov_2,GWO,6,2.490927225223604e-28
1000,f20_zakharov_2,GWO,7,6.728904432451474e-32
1000,f20_zakharov_2,GWO,8,1.6465662963203343e-31
1000,f20_zakharov_2,GWO,9,1.0156963468827688e-31
1000,f20_zakharov_2,GWO,10,2.3011327027477767e-31
1000,f20_zakharov_2,GWO,11,1.0198554584028e-28
1000,f20_zakharov_2,GWO,12,1.2468064808889174e-29
1000,f20_zakharov_2,GWO,13,3.215284635599232e-30
1000,f20_zakharov_2,GWO,14,2.933883466755034e-31
1000,f20_zakharov_2,GWO,15,4.5742169327697314e-29
1000,f20_zakharov_2,GWO,16,6.3490167023554e-30
1000,f20_zakharov_2,GWO,17,4.951220548443547e-32
1000,f20_zakharov_2,GWO,18,4.932905333968334e-29
1000,f20_zakharov_2,GWO,19,1.7561571497319844e-29
1000,f20_zakharov_2,SHADE,0,3.0809377389828395e-109
1000,f20_zakharov_2,SHADE,1,7.3823163384953615e-103
1000,f20_zakharov_2,SHADE,2,4.55489811693725e-110
1000,f20_zakharov_2,SHADE,3,6.739106543818102e-104
1000,f20_zakharov_2,SHADE,4,1.0528704702243059e-101
1000,f20_zakharov_2,SHADE,5,3.516225687547347e-104
1000,f20_zakharov_2,SHADE,6,4.907406090723996e-99
1000,f20_zakharov_2,SHADE,7,6.493586023501783e-109
1000,f20_zakharov_2,SHADE,8,2.835498219232117e-105
1000,f20_zakharov_2,SHADE,9,2.124213890110928e-106
1000,f20_zakharov_2,SHADE,10,1.0007048771309197e-101
1000,f20_zakharov_2,SHADE,11,3.4884924437241996e-106
1000,f20_zakharov_2,SHADE,12,3.559183103920751e-105
1000,f20_zakharov_2,SHADE,13,1.4000279973970092e-111
1000,f20_zakharov_2,SHADE,14,1.626463104288794e-113
1000,f20_zakharov_2,SHADE,15,4.658935305306996e-106
1000,f20_zakharov_2,SHADE,16,7.239835882400776e-104
1000,f20_zakharov_2,SHADE,17,7.492312022090875e-97
1000,f20_zakharov_2,SHADE,18,1.1043882343838086e-115
1000,f20_zakharov_2,SHADE,19,6.382591913274516e-110
1000,f20_zakharov_2,CSA,0,2.276301846216429e-57
1000,f20_zakharov_2,CSA,1,5.568158611942572e-44
1000,f20_zakharov_2,CSA,2,1.2327270818186758e-44
1000,f20_zakharov_2,CSA,3,4.94909173794647e-55
1000,f20_zakharov_2,CSA,4,1.0260039849460649e-43
1000,f20_zakharov_2,CSA,5,3.873686572838728e-57
1000,f20_zakharov_2,CSA,6,3.555209454283326e-47
1000,f20_zakharov_2,CSA,7,8.128706034626534e-47
1000,f20_zakharov_2,CSA,8,4.905967622094888e-59
1000,f20_zakharov_2,CSA,9,7.038065302972804e-64
1000,f20_zakharov_2,CSA,10,1.21110996178191e-46
1000,f20_zakharov_2,CSA,11,4.31469221379372e-52
1000,f20_zakharov_2,CSA,12,2.1324709994885993e-28
1000,f20_zakharov_2,CSA,13,1.8053603333124463e-37
1000,f20_zakharov_2,CSA,14,3.7463158531312545e-55
1000,f20_zakharov_2,CSA,15,1.9758395605939408e-58
1000,f20_zakharov_2,CSA,16,2.9972224598458857e-68
1000,f20_zakharov_2,CSA,17,9.174589676312515e-53
1000,f20_zakharov_2,CSA,18,1.370519690997486e-65
1000,f20_zakharov_2,CSA,19,1.5906299244540373e-48
1000,f20_zakharov_2,CMAES,0,7.833278469154704e-31
1000,f20_zakharov_2,CMAES,1,4.8197704400287025e-32
1000,f20_zakharov_2,CMAES,2,7.187801736342338e-36
1000,f20_zakharov_2,CMAES,3,3.8879931290130124e-38
1000,f20_zakharov_2,CMAES,4,2.6304144830586024e-33
1000,f20_zakharov_2,CMAES,5,2.773752361323097e-28
1000,f20_zakharov_2,CMAES,6,4.673257914733634e-31
1000,f20_zakharov_2,CMAES,7,8.071592989956801e-30
1000,f20_zakharov_2,CMAES,8,2.7504205875693197e-32
1000,f20_zakharov_2,CMAES,9,9.608757815873114e-30
1000,f20_zakharov_2,CMAES,10,9.284019248636628e-28
1000,f20_zakharov_2,CMAES,11,2.7051268743643537e-34
1000,f20_zakharov_2,CMAES,12,1.786068849642877e-32
1000,f20_zakharov_2,CMAES,13,6.280504336518194e-29
1000,f20_zakharov_2,CMAES,14,2.524153023986677e-32
1000,f20_zakharov_2,CMAES,15,4.360319181926818e-31
1000,f20_zakharov_2,CMAES,16,1.56644807393685e-36
1000,f20_zakharov_2,CMAES,17,3.0053241279313275e-35
1000,f20_zakharov_2,CMAES,18,1.1667680369984289e-35
1000,f20_zakharov_2,CMAES,19,4.117598103346624e-34
