dimension,function,algorithm_internal,run,best_cost
30,f1_sphere,Original PSO,0,9910.296642038356
30,f1_sphere,Original PSO,1,4904.374206279388
30,f1_sphere,Original PSO,2,6087.990568192086
30,f1_sphere,Original PSO,3,8168.142014402519
30,f1_sphere,Original PSO,4,9781.192285980102
30,f1_sphere,Original PSO,5,17615.124696349085
30,f1_sphere,Original PSO,6,15035.958626483849
30,f1_sphere,Original PSO,7,12945.038120286272
30,f1_sphere,Original PSO,8,18183.664612285447
30,f1_sphere,Original PSO,9,8617.022683331714
30,f1_sphere,Original PSO,10,16190.773066623819
30,f1_sphere,Original PSO,11,11460.932524348553
30,f1_sphere,Original PSO,12,17542.093780021776
30,f1_sphere,Original PSO,13,33385.58945553172
30,f1_sphere,Original PSO,14,14534.326629550122
30,f1_sphere,Original PSO,15,3841.501876471578
30,f1_sphere,Original PSO,16,40385.93008104036
30,f1_sphere,Original PSO,17,1878.90405605201
30,f1_sphere,Original PSO,18,5047.225847743386
30,f1_sphere,Original PSO,19,27372.44788453451
30,f1_sphere,PSO-m,0,376.8491042875188
30,f1_sphere,PSO-m,1,1900.2612634308873
30,f1_sphere,PSO-m,2,821.1551676109318
30,f1_sphere,PSO-m,3,351.1722735258888
30,f1_sphere,PSO-m,4,4695.748667543852
30,f1_sphere,PSO-m,5,2865.1032011940147
30,f1_sphere,PSO-m,6,6976.319546494053
30,f1_sphere,PSO-m,7,4680.691234403894
30,f1_sphere,PSO-m,8,2668.7702633201056
30,f1_sphere,PSO-m,9,1502.808510370513
30,f1_sphere,PSO-m,10,1957.3627825567455
30,f1_sphere,PSO-m,11,2898.505069687864
30,f1_sphere,PSO-m,12,3022.698917170936
30,f1_sphere,PSO-m,13,3146.217492146831
30,f1_sphere,PSO-m,14,3316.8440226341295
30,f1_sphere,PSO-m,15,2150.088792846979
30,f1_sphere,PSO-m,16,4897.658369273062
30,f1_sphere,PSO-m,17,3917.774965223845
30,f1_sphere,PSO-m,18,3628.4854051850607
30,f1_sphere,PSO-m,19,4691.828736742506
30,f1_sphere,PSO-RIW,0,6677.812267235953
30,f1_sphere,PSO-RIW,1,12622.920222660006
30,f1_sphere,PSO-RIW,2,8183.094979237204
30,f1_sphere,PSO-RIW,3,10235.466670233767
30,f1_sphere,PSO-RIW,4,7557.649581851039
30,f1_sphere,PSO-RIW,5,4365.196872869378
30,f1_sphere,PSO-RIW,6,7806.357492099197
30,f1_sphere,PSO-RIW,7,5783.378334276444
30,f1_sphere,PSO-RIW,8,14787.737381593175
30,f1_sphere,PSO-RIW,9,2918.336793611912
30,f1_sphere,PSO-RIW,10,5059.308313488119
30,f1_sphere,PSO-RIW,11,15205.426356948257
30,f1_sphere,PSO-RIW,12,44346.30855460385
30,f1_sphere,PSO-RIW,13,6631.17226049382
30,f1_sphere,PSO-RIW,14,2964.8043984779297
30,f1_sphere,PSO-RIW,15,15830.697441531169
30,f1_sphere,PSO-RIW,16,13381.083097083365
30,f1_sphere,PSO-RIW,17,6904.298392403266
30,f1_sphere,PSO-RIW,18,5700.474180241592
30,f1_sphere,PSO-RIW,19,14220.684431575684
30,f1_sphere,HPPSO_Modified,0,0.09374223160272074
30,f1_sphere,HPPSO_Modified,1,0.08451486065874543
30,f1_sphere,HPPSO_Modified,2,0.11579466626663716
30,f1_sphere,HPPSO_Modified,3,0.025652562887926004
30,f1_sphere,HPPSO_Modified,4,0.039742601358144135
30,f1_sphere,HPPSO_Modified,5,0.0230865128389486
30,f1_sphere,HPPSO_Modified,6,0.05440677367502217
30,f1_sphere,HPPSO_Modified,7,0.04008367073673785
30,f1_sphere,HPPSO_Modified,8,0.0577492029398092
30,f1_sphere,HPPSO_Modified,9,0.03160876259198977
30,f1_sphere,HPPSO_Modified,10,0.057632577081052384
30,f1_sphere,HPPSO_Modified,11,0.196243102875573
30,f1_sphere,HPPSO_Modified,12,0.0145212605368734
30,f1_sphere,HPPSO_Modified,13,0.18527912204711358
30,f1_sphere,HPPSO_Modified,14,0.03008792243417173
30,f1_sphere,HPPSO_Modified,15,0.06174779971295603
30,f1_sphere,HPPSO_Modified,16,0.05526522979168654
30,f1_sphere,HPPSO_Modified,17,0.07932505164249233
30,f1_sphere,HPPSO_Modified,18,0.024580449562656977
30,f1_sphere,HPPSO_Modified,19,0.013445487513546378
30,f1_sphere,GA-MPC,0,0.0014175620212129494
30,f1_sphere,GA-MPC,1,1.7660576862660178
30,f1_sphere,GA-MPC,2,0.36373161107191215
30,f1_sphere,GA-MPC,3,5.144791405818775
30,f1_sphere,GA-MPC,4,52.864987128811784
30,f1_sphere,GA-MPC,5,176.01452174388695
30,f1_sphere,GA-MPC,6,1.4655182638020454
30,f1_sphere,GA-MPC,7,0.13408957328564355
30,f1_sphere,GA-MPC,8,0.02237575489623347
30,f1_sphere,GA-MPC,9,1.9146323453456184
30,f1_sphere,GA-MPC,10,0.16477546448008554
30,f1_sphere,GA-MPC,11,1.482965354272234
30,f1_sphere,GA-MPC,12,66.26990134629136
30,f1_sphere,GA-MPC,13,3.515334979825871
30,f1_sphere,GA-MPC,14,0.0953558388815951
30,f1_sphere,GA-MPC,15,6.931111573719361
30,f1_sphere,GA-MPC,16,0.006350945654065197
30,f1_sphere,GA-MPC,17,0.5599507990381278
30,f1_sphere,GA-MPC,18,0.000978730896550365
30,f1_sphere,GA-MPC,19,0.03413969296335886
30,f1_sphere,GWO,0,1317.6868408272937
30,f1_sphere,GWO,1,521.3240399001494
30,f1_sphere,GWO,2,2672.1088958842197
30,f1_sphere,GWO,3,1062.4492102706997
30,f1_sphere,GWO,4,2353.2110629228164
30,f1_sphere,GWO,5,387.6259700472697
30,f1_sphere,GWO,6,1075.0862334390222
30,f1_sphere,GWO,7,1117.3411189577425
30,f1_sphere,GWO,8,3266.594632048768
30,f1_sphere,GWO,9,1849.0145513813477
30,f1_sphere,GWO,10,752.5809362585873
30,f1_sphere,GWO,11,528.4392422006573
30,f1_sphere,GWO,12,200.12896344481004
30,f1_sphere,GWO,13,398.74552338812373
30,f1_sphere,GWO,14,709.4001136107811
30,f1_sphere,GWO,15,375.28963700559484
30,f1_sphere,GWO,16,1999.3236444949948
30,f1_sphere,GWO,17,404.19047376663366
30,f1_sphere,GWO,18,59.434313923010905
30,f1_sphere,GWO,19,131.9702340859399
30,f1_sphere,SHADE,0,7.124124710039561e-10
30,f1_sphere,SHADE,1,3.732738459167902e-10
30,f1_sphere,SHADE,2,7.472922445828895e-09
30,f1_sphere,SHADE,3,2.7153990314497362e-11
30,f1_sphere,SHADE,4,1.9385165649318266e-09
30,f1_sphere,SHADE,5,4.842198780518926e-09
30,f1_sphere,SHADE,6,1.9657655182628316e-09
30,f1_sphere,SHADE,7,3.35659570435646e-09
30,f1_sphere,SHADE,8,6.03278168469369e-08
30,f1_sphere,SHADE,9,2.8676639210541235e-10
30,f1_sphere,SHADE,10,8.525017384619029e-10
30,f1_sphere,SHADE,11,1.0608646075385314e-08
30,f1_sphere,SHADE,12,8.562491737368196e-11
30,f1_sphere,SHADE,13,1.7563882339122528e-10
30,f1_sphere,SHADE,14,4.684764012520935e-10
30,f1_sphere,SHADE,15,7.550704425840405e-09
30,f1_sphere,SHADE,16,3.3878430834384916e-09
30,f1_sphere,SHADE,17,1.3052903825309262e-08
30,f1_sphere,SHADE,18,4.730254317129497e-10
30,f1_sphere,SHADE,19,9.756512136914799e-10
30,f1_sphere,CSA,0,19018.127443889673
30,f1_sphere,CSA,1,37655.88886458939
30,f1_sphere,CSA,2,59110.414707406286
30,f1_sphere,CSA,3,29305.755560295962
30,f1_sphere,CSA,4,40141.252543846495
30,f1_sphere,CSA,5,17026.43285734725
30,f1_sphere,CSA,6,34939.90132325857
30,f1_sphere,CSA,7,40714.771122840044
30,f1_sphere,CSA,8,58643.406390163
30,f1_sphere,CSA,9,50668.36017226046
30,f1_sphere,CSA,10,21419.704082702534
30,f1_sphere,CSA,11,18674.541329832253
30,f1_sphere,CSA,12,53374.25106879347
30,f1_sphere,CSA,13,56063.839933612464
30,f1_sphere,CSA,14,21432.543791816097
30,f1_sphere,CSA,15,20121.761900865862
30,f1_sphere,CSA,16,36893.56663513114
30,f1_sphere,CSA,17,19631.542119274847
30,f1_sphere,CSA,18,52211.912169250114
30,f1_sphere,CSA,19,21270.89115868626
30,f2_schwefel_2_22,Original PSO,0,513.6788412612069
30,f2_schwefel_2_22,Original PSO,1,366.8586562719328
30,f2_schwefel_2_22,Original PSO,2,1276.7214404418603
30,f2_schwefel_2_22,Original PSO,3,676.4989575257176
30,f2_schwefel_2_22,Original PSO,4,1492.171077373812
30,f2_schwefel_2_22,Original PSO,5,826.4056445174155
30,f2_schwefel_2_22,Original PSO,6,787.2788387200428
30,f2_schwefel_2_22,Original PSO,7,1146.5235915746612
30,f2_schwefel_2_22,Original PSO,8,695.3946056181686
30,f2_schwefel_2_22,Original PSO,9,941.567468418347
30,f2_schwefel_2_22,Original PSO,10,566.2111584460071
30,f2_schwefel_2_22,Original PSO,11,812.0503832510063
30,f2_schwefel_2_22,Original PSO,12,1022.0710218379061
30,f2_schwefel_2_22,Original PSO,13,1333.667490594658
30,f2_schwefel_2_22,Original PSO,14,886.5515238955717
30,f2_schwefel_2_22,Original PSO,15,1410.7961243339744
30,f2_schwefel_2_22,Original PSO,16,503.6521034380744
30,f2_schwefel_2_22,Original PSO,17,1127.0768533598584
30,f2_schwefel_2_22,Original PSO,18,1181.7721316548173
30,f2_schwefel_2_22,Original PSO,19,639.7682663427079
30,f2_schwefel_2_22,PSO-m,0,675.9631624402778
30,f2_schwefel_2_22,PSO-m,1,1629.4836676597608
30,f2_schwefel_2_22,PSO-m,2,780.454685217816
30,f2_schwefel_2_22,PSO-m,3,978.6454616949011
30,f2_schwefel_2_22,PSO-m,4,978.3356011318397
30,f2_schwefel_2_22,PSO-m,5,868757834849.2394
30,f2_schwefel_2_22,PSO-m,6,1124.0235413227106
30,f2_schwefel_2_22,PSO-m,7,1281.2711999345327
30,f2_schwefel_2_22,PSO-m,8,253288547.68708462
30,f2_schwefel_2_22,PSO-m,9,976989502743.3839
30,f2_schwefel_2_22,PSO-m,10,1237.832433976893
30,f2_schwefel_2_22,PSO-m,11,463875.98333112046
30,f2_schwefel_2_22,PSO-m,12,14567148.410529837
30,f2_schwefel_2_22,PSO-m,13,12075772668282.467
30,f2_schwefel_2_22,PSO-m,14,957.1386078021901
30,f2_schwefel_2_22,PSO-m,15,1129.2049856540152
30,f2_schwefel_2_22,PSO-m,16,7.187479407751328e+20
30,f2_schwefel_2_22,PSO-m,17,1093.9550434727619
30,f2_schwefel_2_22,PSO-m,18,1351.617316714681
30,f2_schwefel_2_22,PSO-m,19,835.7386546503819
30,f2_schwefel_2_22,PSO-RIW,0,690.39609379578
30,f2_schwefel_2_22,PSO-RIW,1,1231.0468131730172
30,f2_schwefel_2_22,PSO-RIW,2,1017.8251815941998
30,f2_schwefel_2_22,PSO-RIW,3,728.9899936689652
30,f2_schwefel_2_22,PSO-RIW,4,619.5712086334073
30,f2_schwefel_2_22,PSO-RIW,5,1079.238774731184
30,f2_schwefel_2_22,PSO-RIW,6,1144.3648131406767
30,f2_schwefel_2_22,PSO-RIW,7,876.1316390885006
30,f2_schwefel_2_22,PSO-RIW,8,788.5757879985324
30,f2_schwefel_2_22,PSO-RIW,9,872.8557182128346
30,f2_schwefel_2_22,PSO-RIW,10,1316.733686800978
30,f2_schwefel_2_22,PSO-RIW,11,936.0275955640805
30,f2_schwefel_2_22,PSO-RIW,12,798.8270418480125
30,f2_schwefel_2_22,PSO-RIW,13,1228.9924226857693
30,f2_schwefel_2_22,PSO-RIW,14,1471.7980942064794
30,f2_schwefel_2_22,PSO-RIW,15,1262.6604481006261
30,f2_schwefel_2_22,PSO-RIW,16,1080.468491877038
30,f2_schwefel_2_22,PSO-RIW,17,851.22292286633
30,f2_schwefel_2_22,PSO-RIW,18,982.6855524552423
30,f2_schwefel_2_22,PSO-RIW,19,1163.5855022123528
30,f2_schwefel_2_22,HPPSO_Modified,0,958.6764476582659
30,f2_schwefel_2_22,HPPSO_Modified,1,1150.5147682179008
30,f2_schwefel_2_22,HPPSO_Modified,2,697.5379896251504
30,f2_schwefel_2_22,HPPSO_Modified,3,950.7099206430028
30,f2_schwefel_2_22,HPPSO_Modified,4,818.9190570030114
30,f2_schwefel_2_22,HPPSO_Modified,5,1530.9809857937128
30,f2_schwefel_2_22,HPPSO_Modified,6,1186.7047709194267
30,f2_schwefel_2_22,HPPSO_Modified,7,948.6335464707054
30,f2_schwefel_2_22,HPPSO_Modified,8,1173.2937945314086
30,f2_schwefel_2_22,HPPSO_Modified,9,299.08682010833957
30,f2_schwefel_2_22,HPPSO_Modified,10,1304.5480413391106
30,f2_schwefel_2_22,HPPSO_Modified,11,1033.9803350246953
30,f2_schwefel_2_22,HPPSO_Modified,12,1583.96522118249
30,f2_schwefel_2_22,HPPSO_Modified,13,1082.5191593686943
30,f2_schwefel_2_22,HPPSO_Modified,14,713.9076629456288
30,f2_schwefel_2_22,HPPSO_Modified,15,924.7893531745943
30,f2_schwefel_2_22,HPPSO_Modified,16,1336.7320328532453
30,f2_schwefel_2_22,HPPSO_Modified,17,1461.6145878795128
30,f2_schwefel_2_22,HPPSO_Modified,18,1224.810664728613
30,f2_schwefel_2_22,HPPSO_Modified,19,1501.0989758878466
30,f2_schwefel_2_22,GA-MPC,0,3.4118163115395506
30,f2_schwefel_2_22,GA-MPC,1,0.08485271696257835
30,f2_schwefel_2_22,GA-MPC,2,0.272101895714036
30,f2_schwefel_2_22,GA-MPC,3,4.581967669762621
30,f2_schwefel_2_22,GA-MPC,4,11.563635220937448
30,f2_schwefel_2_22,GA-MPC,5,0.29451344664451984
30,f2_schwefel_2_22,GA-MPC,6,0.16820528134668633
30,f2_schwefel_2_22,GA-MPC,7,13.346811212837174
30,f2_schwefel_2_22,GA-MPC,8,0.03746642149090773
30,f2_schwefel_2_22,GA-MPC,9,0.0581609833304193
30,f2_schwefel_2_22,GA-MPC,10,177.55166573330268
30,f2_schwefel_2_22,GA-MPC,11,26.441331836249972
30,f2_schwefel_2_22,GA-MPC,12,0.3390748152592651
30,f2_schwefel_2_22,GA-MPC,13,0.2423037721250667
30,f2_schwefel_2_22,GA-MPC,14,173.753170754464
30,f2_schwefel_2_22,GA-MPC,15,13.301824251221046
30,f2_schwefel_2_22,GA-MPC,16,0.13720628036775118
30,f2_schwefel_2_22,GA-MPC,17,0.09565572181856474
30,f2_schwefel_2_22,GA-MPC,18,0.09443743485320155
30,f2_schwefel_2_22,GA-MPC,19,158.82003129033922
30,f2_schwefel_2_22,GWO,0,1446199173.5125937
30,f2_schwefel_2_22,GWO,1,23581075080.610844
30,f2_schwefel_2_22,GWO,2,1.3273904041464494e+19
30,f2_schwefel_2_22,GWO,3,381275742688.72876
30,f2_schwefel_2_22,GWO,4,5.0706766022646317e+17
30,f2_schwefel_2_22,GWO,5,3.974722297233048e+16
30,f2_schwefel_2_22,GWO,6,607598536130.0168
30,f2_schwefel_2_22,GWO,7,1.3401423177434012e+16
30,f2_schwefel_2_22,GWO,8,13272737936.59535
30,f2_schwefel_2_22,GWO,9,6.399335980002432e+19
30,f2_schwefel_2_22,GWO,10,550.2190900341482
30,f2_schwefel_2_22,GWO,11,21570264.371694785
30,f2_schwefel_2_22,GWO,12,2.044899203631296e+23
30,f2_schwefel_2_22,GWO,13,1670477910.59767
30,f2_schwefel_2_22,GWO,14,13042176180584.932
30,f2_schwefel_2_22,GWO,15,5595102766.798828
30,f2_schwefel_2_22,GWO,16,361859.66657287476
30,f2_schwefel_2_22,GWO,17,426.475051424144
30,f2_schwefel_2_22,GWO,18,392.95761775828174
30,f2_schwefel_2_22,GWO,19,203450515990.44336
30,f2_schwefel_2_22,SHADE,0,0.07716797226418803
30,f2_schwefel_2_22,SHADE,1,0.07855373223581008
30,f2_schwefel_2_22,SHADE,2,0.023987270851311582
30,f2_schwefel_2_22,SHADE,3,0.015120490941401776
30,f2_schwefel_2_22,SHADE,4,0.010812500198772668
30,f2_schwefel_2_22,SHADE,5,0.0006880976147591866
30,f2_schwefel_2_22,SHADE,6,0.0061011005085012116
30,f2_schwefel_2_22,SHADE,7,0.00552811041162693
30,f2_schwefel_2_22,SHADE,8,0.0024898615503361476
30,f2_schwefel_2_22,SHADE,9,0.0028003469015041027
30,f2_schwefel_2_22,SHADE,10,0.022610466661070472
30,f2_schwefel_2_22,SHADE,11,0.05937424723497964
30,f2_schwefel_2_22,SHADE,12,0.0024114454570884902
30,f2_schwefel_2_22,SHADE,13,0.00042649918637360784
30,f2_schwefel_2_22,SHADE,14,0.0021003010767111085
30,f2_schwefel_2_22,SHADE,15,0.01018031083571902
30,f2_schwefel_2_22,SHADE,16,0.003984365162580161
30,f2_schwefel_2_22,SHADE,17,0.04855561275232567
30,f2_schwefel_2_22,SHADE,18,0.21852446659076952
30,f2_schwefel_2_22,SHADE,19,0.005923920683823081
30,f2_schwefel_2_22,CSA,0,1.822862908668801e+24
30,f2_schwefel_2_22,CSA,1,362772645.4092154
30,f2_schwefel_2_22,CSA,2,3185886764996.695
30,f2_schwefel_2_22,CSA,3,112240912288496.62
30,f2_schwefel_2_22,CSA,4,3.735845808393158e+31
30,f2_schwefel_2_22,CSA,5,226914649.72108385
30,f2_schwefel_2_22,CSA,6,4.10957134098712e+39
30,f2_schwefel_2_22,CSA,7,1.3055575823657817e+21
30,f2_schwefel_2_22,CSA,8,7.937204047509433e+24
30,f2_schwefel_2_22,CSA,9,1.4670587559325342e+32
30,f2_schwefel_2_22,CSA,10,5.163634924871646e+24
30,f2_schwefel_2_22,CSA,11,58154181717427.67
30,f2_schwefel_2_22,CSA,12,3029.8147358004553
30,f2_schwefel_2_22,CSA,13,1920787735034821.2
30,f2_schwefel_2_22,CSA,14,4020426499532543.5
30,f2_schwefel_2_22,CSA,15,9.306424796976376e+18
30,f2_schwefel_2_22,CSA,16,143803767160.7657
30,f2_schwefel_2_22,CSA,17,1996797512562.311
30,f2_schwefel_2_22,CSA,18,8.995394942531871e+27
30,f2_schwefel_2_22,CSA,19,11114497121.758284
30,f3_zakharov,Original PSO,0,68925.26631139341
30,f3_zakharov,Original PSO,1,60523.99556377622
30,f3_zakharov,Original PSO,2,118692.84592362543
30,f3_zakharov,Original PSO,3,57829.354935129195
30,f3_zakharov,Original PSO,4,83464.84858394995
30,f3_zakharov,Original PSO,5,132991.69797006072
30,f3_zakharov,Original PSO,6,109434.37647606384
30,f3_zakharov,Original PSO,7,83621.13506070928
30,f3_zakharov,Original PSO,8,87387.19699759418
30,f3_zakharov,Original PSO,9,72065.48832561103
30,f3_zakharov,Original PSO,10,51331.80573510979
30,f3_zakharov,Original PSO,11,74336.22373551577
30,f3_zakharov,Original PSO,12,86083.23231700936
30,f3_zakharov,Original PSO,13,82271.39536698001
30,f3_zakharov,Original PSO,14,82062.7298339334
30,f3_zakharov,Original PSO,15,42234.65003366593
30,f3_zakharov,Original PSO,16,87927.10500902467
30,f3_zakharov,Original PSO,17,114418.50124980652
30,f3_zakharov,Original PSO,18,53093.963799524485
30,f3_zakharov,Original PSO,19,64771.97499850413
30,f3_zakharov,PSO-m,0,73079.35050237483
30,f3_zakharov,PSO-m,1,82577.3560186566
30,f3_zakharov,PSO-m,2,93702.46697581864
30,f3_zakharov,PSO-m,3,69980.48417777932
30,f3_zakharov,PSO-m,4,83228.13488989508
30,f3_zakharov,PSO-m,5,47187.59229140763
30,f3_zakharov,PSO-m,6,69422.37583255589
30,f3_zakharov,PSO-m,7,79073.98281043906
30,f3_zakharov,PSO-m,8,61404.08164322026
30,f3_zakharov,PSO-m,9,98309.21485653882
30,f3_zakharov,PSO-m,10,62969.35417345999
30,f3_zakharov,PSO-m,11,95438.13049300395
30,f3_zakharov,PSO-m,12,41741.767101638456
30,f3_zakharov,PSO-m,13,66725.63767495449
30,f3_zakharov,PSO-m,14,66701.03327330643
30,f3_zakharov,PSO-m,15,82489.7286954393
30,f3_zakharov,PSO-m,16,110399.03747103727
30,f3_zakharov,PSO-m,17,68457.29387964914
30,f3_zakharov,PSO-m,18,73403.33227814788
30,f3_zakharov,PSO-m,19,57525.92684438801
30,f3_zakharov,PSO-RIW,0,27235.787101531318
30,f3_zakharov,PSO-RIW,1,64041.53928930166
30,f3_zakharov,PSO-RIW,2,104220.04860709453
30,f3_zakharov,PSO-RIW,3,88257.7789313665
30,f3_zakharov,PSO-RIW,4,101275.78229614369
30,f3_zakharov,PSO-RIW,5,83115.77538801172
30,f3_zakharov,PSO-RIW,6,66752.42986442962
30,f3_zakharov,PSO-RIW,7,66119.75600849488
30,f3_zakharov,PSO-RIW,8,65603.18659613517
30,f3_zakharov,PSO-RIW,9,93133.84689341123
30,f3_zakharov,PSO-RIW,10,171270.03089278715
30,f3_zakharov,PSO-RIW,11,50210.79945245735
30,f3_zakharov,PSO-RIW,12,92962.50932161398
30,f3_zakharov,PSO-RIW,13,93124.89633189658
30,f3_zakharov,PSO-RIW,14,44174.20244733202
30,f3_zakharov,PSO-RIW,15,55445.8835320954
30,f3_zakharov,PSO-RIW,16,88519.3087521658
30,f3_zakharov,PSO-RIW,17,155692.95309862928
30,f3_zakharov,PSO-RIW,18,93371.35234401064
30,f3_zakharov,PSO-RIW,19,46147.17746113098
30,f3_zakharov,HPPSO_Modified,0,27939.713308371585
30,f3_zakharov,HPPSO_Modified,1,18894.850794267946
30,f3_zakharov,HPPSO_Modified,2,26919.530273089083
30,f3_zakharov,HPPSO_Modified,3,27662.908482624272
30,f3_zakharov,HPPSO_Modified,4,17243.522389636862
30,f3_zakharov,HPPSO_Modified,5,21718.504683322863
30,f3_zakharov,HPPSO_Modified,6,14405.727326191578
30,f3_zakharov,HPPSO_Modified,7,20435.263138551894
30,f3_zakharov,HPPSO_Modified,8,48758.26967169376
30,f3_zakharov,HPPSO_Modified,9,9109.566027285931
30,f3_zakharov,HPPSO_Modified,10,16007.731311210837
30,f3_zakharov,HPPSO_Modified,11,11935.220800440808
30,f3_zakharov,HPPSO_Modified,12,26663.5472796784
30,f3_zakharov,HPPSO_Modified,13,23558.850212246063
30,f3_zakharov,HPPSO_Modified,14,26327.054443030564
30,f3_zakharov,HPPSO_Modified,15,12768.593076876668
30,f3_zakharov,HPPSO_Modified,16,24804.18339591781
30,f3_zakharov,HPPSO_Modified,17,7329.6973619155915
30,f3_zakharov,HPPSO_Modified,18,28439.796982718817
30,f3_zakharov,HPPSO_Modified,19,27339.42289908946
30,f3_zakharov,GA-MPC,0,41822.647152297206
30,f3_zakharov,GA-MPC,1,64077.18930007964
30,f3_zakharov,GA-MPC,2,22341.378004081256
30,f3_zakharov,GA-MPC,3,53535.05058452796
30,f3_zakharov,GA-MPC,4,34334.72897711522
30,f3_zakharov,GA-MPC,5,26997.188120397925
30,f3_zakharov,GA-MPC,6,25898.280392950004
30,f3_zakharov,GA-MPC,7,28109.264860456246
30,f3_zakharov,GA-MPC,8,48319.18254332197
30,f3_zakharov,GA-MPC,9,60784.06408163817
30,f3_zakharov,GA-MPC,10,22213.018438122115
30,f3_zakharov,GA-MPC,11,35024.51666897887
30,f3_zakharov,GA-MPC,12,27228.40588276453
30,f3_zakharov,GA-MPC,13,47924.289291583234
30,f3_zakharov,GA-MPC,14,31535.10900919083
30,f3_zakharov,GA-MPC,15,43277.12116423312
30,f3_zakharov,GA-MPC,16,45846.09286442684
30,f3_zakharov,GA-MPC,17,33583.115509383075
30,f3_zakharov,GA-MPC,18,42720.21919711658
30,f3_zakharov,GA-MPC,19,36890.16285469039
30,f3_zakharov,GWO,0,63382.600512488425
30,f3_zakharov,GWO,1,78749.76830852618
30,f3_zakharov,GWO,2,87859.60360757695
30,f3_zakharov,GWO,3,73690.53204078988
30,f3_zakharov,GWO,4,132030.8826570328
30,f3_zakharov,GWO,5,111049.79016464156
30,f3_zakharov,GWO,6,84344.03423756069
30,f3_zakharov,GWO,7,97981.79272192378
30,f3_zakharov,GWO,8,89326.8400542213
30,f3_zakharov,GWO,9,95302.02487142132
30,f3_zakharov,GWO,10,94072.14273310511
30,f3_zakharov,GWO,11,117703.30875448171
30,f3_zakharov,GWO,12,87440.70309249533
30,f3_zakharov,GWO,13,91746.51569516085
30,f3_zakharov,GWO,14,108926.28662651195
30,f3_zakharov,GWO,15,76177.70019589095
30,f3_zakharov,GWO,16,65614.17700742964
30,f3_zakharov,GWO,17,99829.46586163924
30,f3_zakharov,GWO,18,124835.09423436594
30,f3_zakharov,GWO,19,71076.621084948
30,f3_zakharov,SHADE,0,5311.140227793211
30,f3_zakharov,SHADE,1,43302.45246060349
30,f3_zakharov,SHADE,2,8590.601568147129
30,f3_zakharov,SHADE,3,9113.664189339544
30,f3_zakharov,SHADE,4,8146.560128706593
30,f3_zakharov,SHADE,5,17578.673049753
30,f3_zakharov,SHADE,6,7382.099871933227
30,f3_zakharov,SHADE,7,3970.712295986006
30,f3_zakharov,SHADE,8,5589.776119014736
30,f3_zakharov,SHADE,9,18322.25157174712
30,f3_zakharov,SHADE,10,2000.8691606159375
30,f3_zakharov,SHADE,11,4545.293973956796
30,f3_zakharov,SHADE,12,6324.872277586407
30,f3_zakharov,SHADE,13,8652.892502415538
30,f3_zakharov,SHADE,14,13701.090985723695
30,f3_zakharov,SHADE,15,9606.521395537959
30,f3_zakharov,SHADE,16,6094.077227581051
30,f3_zakharov,SHADE,17,10384.1220869811
30,f3_zakharov,SHADE,18,4739.028237617907
30,f3_zakharov,SHADE,19,18920.86048131474
30,f3_zakharov,CSA,0,208255.80660966353
30,f3_zakharov,CSA,1,6862117.3306983365
30,f3_zakharov,CSA,2,142135.9643031892
30,f3_zakharov,CSA,3,424355.93435983016
30,f3_zakharov,CSA,4,292792.0109027415
30,f3_zakharov,CSA,5,121537.52638751996
30,f3_zakharov,CSA,6,106204.40342792208
30,f3_zakharov,CSA,7,319005.35786963627
30,f3_zakharov,CSA,8,181951.84879761457
30,f3_zakharov,CSA,9,211132.43420868137
30,f3_zakharov,CSA,10,288095.1259278313
30,f3_zakharov,CSA,11,117790.20596773273
30,f3_zakharov,CSA,12,114812.9630680223
30,f3_zakharov,CSA,13,229284.89655861288
30,f3_zakharov,CSA,14,153542.67841089284
30,f3_zakharov,CSA,15,61142.56480546999
30,f3_zakharov,CSA,16,266448.413584805
30,f3_zakharov,CSA,17,105871.68273129425
30,f3_zakharov,CSA,18,138854.65046044192
30,f3_zakharov,CSA,19,192781.37874526888
30,f4_rosenbrock,Original PSO,0,3987329832.6332793
30,f4_rosenbrock,Original PSO,1,656300647.6280645
30,f4_rosenbrock,Original PSO,2,2298912464.31461
30,f4_rosenbrock,Original PSO,3,62993741.95978351
30,f4_rosenbrock,Original PSO,4,1374937310.0765371
30,f4_rosenbrock,Original PSO,5,5726252349.146876
30,f4_rosenbrock,Original PSO,6,14859313030.177643
30,f4_rosenbrock,Original PSO,7,580796906.9283546
30,f4_rosenbrock,Original PSO,8,620715956.445417
30,f4_rosenbrock,Original PSO,9,311973437.91219914
30,f4_rosenbrock,Original PSO,10,1175109614.5325894
30,f4_rosenbrock,Original PSO,11,3683494377.358302
30,f4_rosenbrock,Original PSO,12,333866009.2492737
30,f4_rosenbrock,Original PSO,13,2704128637.443433
30,f4_rosenbrock,Original PSO,14,1170373903.7642438
30,f4_rosenbrock,Original PSO,15,5663609996.373668
30,f4_rosenbrock,Original PSO,16,243540568.99036387
30,f4_rosenbrock,Original PSO,17,9042196796.783525
30,f4_rosenbrock,Original PSO,18,2050166318.085828
30,f4_rosenbrock,Original PSO,19,5973333865.20683
30,f4_rosenbrock,PSO-m,0,3376290.252390761
30,f4_rosenbrock,PSO-m,1,3601390.478518228
30,f4_rosenbrock,PSO-m,2,33794003.03540601
30,f4_rosenbrock,PSO-m,3,274199.854298784
30,f4_rosenbrock,PSO-m,4,24411534.12573561
30,f4_rosenbrock,PSO-m,5,14514696.459346239
30,f4_rosenbrock,PSO-m,6,236513.3877618962
30,f4_rosenbrock,PSO-m,7,286359.7207749022
30,f4_rosenbrock,PSO-m,8,24611835.602439173
30,f4_rosenbrock,PSO-m,9,137469980.95168188
30,f4_rosenbrock,PSO-m,10,644462.446211311
30,f4_rosenbrock,PSO-m,11,3644274.080679713
30,f4_rosenbrock,PSO-m,12,234865.97248093315
30,f4_rosenbrock,PSO-m,13,680214.5074656655
30,f4_rosenbrock,PSO-m,14,22547451.13537714
30,f4_rosenbrock,PSO-m,15,13820786.386589685
30,f4_rosenbrock,PSO-m,16,3357313.6654164526
30,f4_rosenbrock,PSO-m,17,42069153.8842094
30,f4_rosenbrock,PSO-m,18,36180134.03043998
30,f4_rosenbrock,PSO-m,19,62957643.24954937
30,f4_rosenbrock,PSO-RIW,0,5546467147.381799
30,f4_rosenbrock,PSO-RIW,1,1740400232.7839842
30,f4_rosenbrock,PSO-RIW,2,5518389872.521418
30,f4_rosenbrock,PSO-RIW,3,5786295104.907777
30,f4_rosenbrock,PSO-RIW,4,1393984399.1724637
30,f4_rosenbrock,PSO-RIW,5,1124959955.5876045
30,f4_rosenbrock,PSO-RIW,6,7885492233.23116
30,f4_rosenbrock,PSO-RIW,7,33261853.955715515
30,f4_rosenbrock,PSO-RIW,8,296877500.7565372
30,f4_rosenbrock,PSO-RIW,9,1789832402.2397976
30,f4_rosenbrock,PSO-RIW,10,602165716.2470373
30,f4_rosenbrock,PSO-RIW,11,1152941393.7895641
30,f4_rosenbrock,PSO-RIW,12,4564686754.683059
30,f4_rosenbrock,PSO-RIW,13,2230465585.5733275
30,f4_rosenbrock,PSO-RIW,14,5382846127.993313
30,f4_rosenbrock,PSO-RIW,15,21891340.124277756
30,f4_rosenbrock,PSO-RIW,16,171876700.36926064
30,f4_rosenbrock,PSO-RIW,17,9788737768.671804
30,f4_rosenbrock,PSO-RIW,18,894132362.3019583
30,f4_rosenbrock,PSO-RIW,19,7038261153.34652
30,f4_rosenbrock,HPPSO_Modified,0,10261.389942350976
30,f4_rosenbrock,HPPSO_Modified,1,9922.694403997599
30,f4_rosenbrock,HPPSO_Modified,2,1313.4024895171517
30,f4_rosenbrock,HPPSO_Modified,3,799.2452624605
30,f4_rosenbrock,HPPSO_Modified,4,6021.014129493334
30,f4_rosenbrock,HPPSO_Modified,5,10392.9956841973
30,f4_rosenbrock,HPPSO_Modified,6,1107.6600609879354
30,f4_rosenbrock,HPPSO_Modified,7,312.81501807861093
30,f4_rosenbrock,HPPSO_Modified,8,12307.451492159415
30,f4_rosenbrock,HPPSO_Modified,9,16455.149440040754
30,f4_rosenbrock,HPPSO_Modified,10,840.0396175610683
30,f4_rosenbrock,HPPSO_Modified,11,215.1083350809934
30,f4_rosenbrock,HPPSO_Modified,12,237.720381154021
30,f4_rosenbrock,HPPSO_Modified,13,4246.512581043021
30,f4_rosenbrock,HPPSO_Modified,14,1293.856724900407
30,f4_rosenbrock,HPPSO_Modified,15,777.0752303176228
30,f4_rosenbrock,HPPSO_Modified,16,16984.553458266288
30,f4_rosenbrock,HPPSO_Modified,17,10472.459163720541
30,f4_rosenbrock,HPPSO_Modified,18,201.28823992900803
30,f4_rosenbrock,HPPSO_Modified,19,119.72891422680547
30,f4_rosenbrock,GA-MPC,0,21336159.189745616
30,f4_rosenbrock,GA-MPC,1,34544471.13716777
30,f4_rosenbrock,GA-MPC,2,11405525.64974296
30,f4_rosenbrock,GA-MPC,3,1938818.8275663133
30,f4_rosenbrock,GA-MPC,4,423450903.9634098
30,f4_rosenbrock,GA-MPC,5,184031.35674019917
30,f4_rosenbrock,GA-MPC,6,390905.4335157198
30,f4_rosenbrock,GA-MPC,7,3743136.222100378
30,f4_rosenbrock,GA-MPC,8,159538.24408249586
30,f4_rosenbrock,GA-MPC,9,5123.934171334783
30,f4_rosenbrock,GA-MPC,10,51089.42859782478
30,f4_rosenbrock,GA-MPC,11,4870068712.517162
30,f4_rosenbrock,GA-MPC,12,10583032.369822172
30,f4_rosenbrock,GA-MPC,13,222215282.53358686
30,f4_rosenbrock,GA-MPC,14,12549134.292659713
30,f4_rosenbrock,GA-MPC,15,121124619.10076542
30,f4_rosenbrock,GA-MPC,16,53829948.406835936
30,f4_rosenbrock,GA-MPC,17,17407804.05546605
30,f4_rosenbrock,GA-MPC,18,1782876555.5126963
30,f4_rosenbrock,GA-MPC,19,6194.31503494582
30,f4_rosenbrock,GWO,0,126721038.63247779
30,f4_rosenbrock,GWO,1,104153063.84340157
30,f4_rosenbrock,GWO,2,1723702.2391069555
30,f4_rosenbrock,GWO,3,23962687.401084017
30,f4_rosenbrock,GWO,4,40526192.106514975
30,f4_rosenbrock,GWO,5,6975893.784979115
30,f4_rosenbrock,GWO,6,43115788.920096785
30,f4_rosenbrock,GWO,7,36510473.903931946
30,f4_rosenbrock,GWO,8,26917101.558960326
30,f4_rosenbrock,GWO,9,137340011.08650956
30,f4_rosenbrock,GWO,10,6081386.070432876
30,f4_rosenbrock,GWO,11,149527596.80328265
30,f4_rosenbrock,GWO,12,1652229.0744871611
30,f4_rosenbrock,GWO,13,34384894.45244387
30,f4_rosenbrock,GWO,14,337927302.71605104
30,f4_rosenbrock,GWO,15,457005.64155631285
30,f4_rosenbrock,GWO,16,2039050.9138918384
30,f4_rosenbrock,GWO,17,99555816.7145964
30,f4_rosenbrock,GWO,18,12797121.729554277
30,f4_rosenbrock,GWO,19,51888445.715625234
30,f4_rosenbrock,SHADE,0,79.24512923189977
30,f4_rosenbrock,SHADE,1,695.9311244118687
30,f4_rosenbrock,SHADE,2,76.70784917403603
30,f4_rosenbrock,SHADE,3,44.35184243562176
30,f4_rosenbrock,SHADE,4,3.676719103049848
30,f4_rosenbrock,SHADE,5,1436.5928653257283
30,f4_rosenbrock,SHADE,6,83.09593020679318
30,f4_rosenbrock,SHADE,7,276.4021643982881
30,f4_rosenbrock,SHADE,8,314.90819061170225
30,f4_rosenbrock,SHADE,9,23.38198561892262
30,f4_rosenbrock,SHADE,10,26.49297287474904
30,f4_rosenbrock,SHADE,11,301.34433508722776
30,f4_rosenbrock,SHADE,12,82.12111804076156
30,f4_rosenbrock,SHADE,13,37.12882734507149
30,f4_rosenbrock,SHADE,14,90.16877864839594
30,f4_rosenbrock,SHADE,15,1546.3720564956309
30,f4_rosenbrock,SHADE,16,223.87633251012824
30,f4_rosenbrock,SHADE,17,102.92227521827897
30,f4_rosenbrock,SHADE,18,81.36481019776419
30,f4_rosenbrock,SHADE,19,74.9159364539639
30,f4_rosenbrock,CSA,0,1481928428.3149056
30,f4_rosenbrock,CSA,1,51954313622.184944
30,f4_rosenbrock,CSA,2,14852560619.973545
30,f4_rosenbrock,CSA,3,5688486014.754226
30,f4_rosenbrock,CSA,4,1528680866.60516
30,f4_rosenbrock,CSA,5,18821014637.278027
30,f4_rosenbrock,CSA,6,25914567813.384823
30,f4_rosenbrock,CSA,7,3874475740.8298764
30,f4_rosenbrock,CSA,8,2832420678.049984
30,f4_rosenbrock,CSA,9,2474283456.0003247
30,f4_rosenbrock,CSA,10,4063509979.859772
30,f4_rosenbrock,CSA,11,12353255225.129555
30,f4_rosenbrock,CSA,12,12986617861.066763
30,f4_rosenbrock,CSA,13,569292918.5547282
30,f4_rosenbrock,CSA,14,44516249578.91483
30,f4_rosenbrock,CSA,15,7124836548.620163
30,f4_rosenbrock,CSA,16,2577032596.840509
30,f4_rosenbrock,CSA,17,8152112926.530063
30,f4_rosenbrock,CSA,18,12443921585.447788
30,f4_rosenbrock,CSA,19,10334464728.058954
30,f5_powell_sum,Original PSO,0,114.13671883315415
30,f5_powell_sum,Original PSO,1,56.14963104658186
30,f5_powell_sum,Original PSO,2,49.77523047215947
30,f5_powell_sum,Original PSO,3,40.68479769319741
30,f5_powell_sum,Original PSO,4,116.79570424459153
30,f5_powell_sum,Original PSO,5,125.65232166328295
30,f5_powell_sum,Original PSO,6,46.42762160975148
30,f5_powell_sum,Original PSO,7,70.37871667712875
30,f5_powell_sum,Original PSO,8,107.60466029158867
30,f5_powell_sum,Original PSO,9,75.74236504357783
30,f5_powell_sum,Original PSO,10,117.38811861922596
30,f5_powell_sum,Original PSO,11,83.30379739708563
30,f5_powell_sum,Original PSO,12,100.60581658093831
30,f5_powell_sum,Original PSO,13,61.16742084380205
30,f5_powell_sum,Original PSO,14,84.65178893180082
30,f5_powell_sum,Original PSO,15,91.21542517237917
30,f5_powell_sum,Original PSO,16,84.15230065000922
30,f5_powell_sum,Original PSO,17,108.60887961233662
30,f5_powell_sum,Original PSO,18,56.18581880875198
30,f5_powell_sum,Original PSO,19,99.35494953190621
30,f5_powell_sum,PSO-m,0,113.44491609758826
30,f5_powell_sum,PSO-m,1,112.62504660472104
30,f5_powell_sum,PSO-m,2,102.3647587225795
30,f5_powell_sum,PSO-m,3,93.96984874040642
30,f5_powell_sum,PSO-m,4,74.10167688747002
30,f5_powell_sum,PSO-m,5,44.7054375972579
30,f5_powell_sum,PSO-m,6,48.4854193583581
30,f5_powell_sum,PSO-m,7,62.66189730762639
30,f5_powell_sum,PSO-m,8,59.85940793062191
30,f5_powell_sum,PSO-m,9,77.34681472472414
30,f5_powell_sum,PSO-m,10,55.507461706690414
30,f5_powell_sum,PSO-m,11,123.71956571400902
30,f5_powell_sum,PSO-m,12,71.21523157799939
30,f5_powell_sum,PSO-m,13,144.09375770548402
30,f5_powell_sum,PSO-m,14,119.1675517700744
30,f5_powell_sum,PSO-m,15,92.31150750254615
30,f5_powell_sum,PSO-m,16,111.5032801887297
30,f5_powell_sum,PSO-m,17,80.79082488058482
30,f5_powell_sum,PSO-m,18,72.86761852978915
30,f5_powell_sum,PSO-m,19,127.2769441328748
30,f5_powell_sum,PSO-RIW,0,132.6139215091108
30,f5_powell_sum,PSO-RIW,1,129.31373097191283
30,f5_powell_sum,PSO-RIW,2,125.09983091114998
30,f5_powell_sum,PSO-RIW,3,201.46431538790543
30,f5_powell_sum,PSO-RIW,4,84.09903145992314
30,f5_powell_sum,PSO-RIW,5,141.27172514515567
30,f5_powell_sum,PSO-RIW,6,108.79185322775464
30,f5_powell_sum,PSO-RIW,7,71.12934122090834
30,f5_powell_sum,PSO-RIW,8,60.58119897291727
30,f5_powell_sum,PSO-RIW,9,87.83313606645628
30,f5_powell_sum,PSO-RIW,10,65.47041878249462
30,f5_powell_sum,PSO-RIW,11,143.33110195822567
30,f5_powell_sum,PSO-RIW,12,124.56268445935332
30,f5_powell_sum,PSO-RIW,13,93.61721495512042
30,f5_powell_sum,PSO-RIW,14,112.13966381042343
30,f5_powell_sum,PSO-RIW,15,112.3906880662899
30,f5_powell_sum,PSO-RIW,16,109.1357656196629
30,f5_powell_sum,PSO-RIW,17,165.38204617848004
30,f5_powell_sum,PSO-RIW,18,101.05616977650267
30,f5_powell_sum,PSO-RIW,19,112.7905027606151
30,f5_powell_sum,HPPSO_Modified,0,33.27930221231677
30,f5_powell_sum,HPPSO_Modified,1,42.30447513671271
30,f5_powell_sum,HPPSO_Modified,2,27.683218656796537
30,f5_powell_sum,HPPSO_Modified,3,28.45804310966252
30,f5_powell_sum,HPPSO_Modified,4,21.268430410888815
30,f5_powell_sum,HPPSO_Modified,5,29.369726414060995
30,f5_powell_sum,HPPSO_Modified,6,33.87152884774116
30,f5_powell_sum,HPPSO_Modified,7,29.858727843008687
30,f5_powell_sum,HPPSO_Modified,8,25.87037057756732
30,f5_powell_sum,HPPSO_Modified,9,39.061815808883615
30,f5_powell_sum,HPPSO_Modified,10,18.377903767268673
30,f5_powell_sum,HPPSO_Modified,11,26.277929635451603
30,f5_powell_sum,HPPSO_Modified,12,46.87361519962537
30,f5_powell_sum,HPPSO_Modified,13,30.100195805940473
30,f5_powell_sum,HPPSO_Modified,14,32.330344695941974
30,f5_powell_sum,HPPSO_Modified,15,27.703001847070762
30,f5_powell_sum,HPPSO_Modified,16,19.34501428832599
30,f5_powell_sum,HPPSO_Modified,17,28.57770639436795
30,f5_powell_sum,HPPSO_Modified,18,23.54117315360568
30,f5_powell_sum,HPPSO_Modified,19,38.04495489233099
30,f5_powell_sum,GA-MPC,0,4.023457251501455
30,f5_powell_sum,GA-MPC,1,1.322583607299427
30,f5_powell_sum,GA-MPC,2,4.331147785981129
30,f5_powell_sum,GA-MPC,3,0.44863451647840724
30,f5_powell_sum,GA-MPC,4,1.6216594961517312
30,f5_powell_sum,GA-MPC,5,2.509542602967073
30,f5_powell_sum,GA-MPC,6,11.392040465674018
30,f5_powell_sum,GA-MPC,7,11.373212345361617
30,f5_powell_sum,GA-MPC,8,4.03902688939361
30,f5_powell_sum,GA-MPC,9,2.6132470663519096
30,f5_powell_sum,GA-MPC,10,3.2671661448985567
30,f5_powell_sum,GA-MPC,11,29.639003598037156
30,f5_powell_sum,GA-MPC,12,6.163507644534672
30,f5_powell_sum,GA-MPC,13,5.33526273547573
30,f5_powell_sum,GA-MPC,14,9.792678290320719
30,f5_powell_sum,GA-MPC,15,3.776591496683111
30,f5_powell_sum,GA-MPC,16,1.0332081377417535
30,f5_powell_sum,GA-MPC,17,5.133973819390052
30,f5_powell_sum,GA-MPC,18,6.935419023927362
30,f5_powell_sum,GA-MPC,19,6.557626374913827
30,f5_powell_sum,GWO,0,49.667362816101644
30,f5_powell_sum,GWO,1,46.98494763000593
30,f5_powell_sum,GWO,2,44.26009117714905
30,f5_powell_sum,GWO,3,63.95484223538986
30,f5_powell_sum,GWO,4,55.26742355549415
30,f5_powell_sum,GWO,5,55.86336053078667
30,f5_powell_sum,GWO,6,50.2723116228004
30,f5_powell_sum,GWO,7,49.00541557186477
30,f5_powell_sum,GWO,8,46.10850577195946
30,f5_powell_sum,GWO,9,62.88157010502134
30,f5_powell_sum,GWO,10,67.6739172670858
30,f5_powell_sum,GWO,11,56.54781045995437
30,f5_powell_sum,GWO,12,62.65145380714803
30,f5_powell_sum,GWO,13,43.89891374492593
30,f5_powell_sum,GWO,14,62.35313787227537
30,f5_powell_sum,GWO,15,67.88669231344011
30,f5_powell_sum,GWO,16,57.9138417219832
30,f5_powell_sum,GWO,17,86.39196367761728
30,f5_powell_sum,GWO,18,58.47775667801225
30,f5_powell_sum,GWO,19,52.37721735153309
30,f5_powell_sum,SHADE,0,9.239520067474336
30,f5_powell_sum,SHADE,1,12.723545959608844
30,f5_powell_sum,SHADE,2,7.467257791563355
30,f5_powell_sum,SHADE,3,11.777332477596717
30,f5_powell_sum,SHADE,4,6.242462871180288
30,f5_powell_sum,SHADE,5,12.316962760413048
30,f5_powell_sum,SHADE,6,13.150009004470082
30,f5_powell_sum,SHADE,7,8.65096233065669
30,f5_powell_sum,SHADE,8,11.576057799716281
30,f5_powell_sum,SHADE,9,8.357427548875487
30,f5_powell_sum,SHADE,10,13.438816251017677
30,f5_powell_sum,SHADE,11,5.390137682704141
30,f5_powell_sum,SHADE,12,3.929157217927767
30,f5_powell_sum,SHADE,13,14.300278823198862
30,f5_powell_sum,SHADE,14,11.060745054651894
30,f5_powell_sum,SHADE,15,8.380897727403251
30,f5_powell_sum,SHADE,16,9.539563238973965
30,f5_powell_sum,SHADE,17,8.068006872191491
30,f5_powell_sum,SHADE,18,24.93595536129784
30,f5_powell_sum,SHADE,19,19.168211439475332
30,f5_powell_sum,CSA,0,163.2616744769411
30,f5_powell_sum,CSA,1,213.1383657349616
30,f5_powell_sum,CSA,2,196.26796910811413
30,f5_powell_sum,CSA,3,291.6140305979996
30,f5_powell_sum,CSA,4,222.7174117519138
30,f5_powell_sum,CSA,5,347.95884901714476
30,f5_powell_sum,CSA,6,187.26368119625425
30,f5_powell_sum,CSA,7,135.28611371116952
30,f5_powell_sum,CSA,8,215.4558455695642
30,f5_powell_sum,CSA,9,111.19280744380661
30,f5_powell_sum,CSA,10,266.9678694383679
30,f5_powell_sum,CSA,11,104.56883396751739
30,f5_powell_sum,CSA,12,183.32510495792428
30,f5_powell_sum,CSA,13,139.53387324214506
30,f5_powell_sum,CSA,14,144.78060781615235
30,f5_powell_sum,CSA,15,208.46653939786768
30,f5_powell_sum,CSA,16,248.61996493749075
30,f5_powell_sum,CSA,17,164.84843466789744
30,f5_powell_sum,CSA,18,199.99623965027553
30,f5_powell_sum,CSA,19,89.83561768246881
30,f6_rastrigin,Original PSO,0,5644.846623228365
30,f6_rastrigin,Original PSO,1,4238.701103056264
30,f6_rastrigin,Original PSO,2,3127.1539935219653
30,f6_rastrigin,Original PSO,3,2634.305936412364
30,f6_rastrigin,Original PSO,4,4945.001540732877
30,f6_rastrigin,Original PSO,5,5556.83820041367
30,f6_rastrigin,Original PSO,6,11633.068666306004
30,f6_rastrigin,Original PSO,7,8523.8820907124
30,f6_rastrigin,Original PSO,8,14415.851183678695
30,f6_rastrigin,Original PSO,9,17041.92932803987
30,f6_rastrigin,Original PSO,10,7923.9986017585015
30,f6_rastrigin,Original PSO,11,16347.846464704418
30,f6_rastrigin,Original PSO,12,9708.653617140913
30,f6_rastrigin,Original PSO,13,5929.664297579529
30,f6_rastrigin,Original PSO,14,3012.5262215566463
30,f6_rastrigin,Original PSO,15,9889.83998590458
30,f6_rastrigin,Original PSO,16,8764.047826036334
30,f6_rastrigin,Original PSO,17,2042.8017496202276
30,f6_rastrigin,Original PSO,18,10195.3515649912
30,f6_rastrigin,Original PSO,19,2242.3207024186645
30,f6_rastrigin,PSO-m,0,1018.3152437767096
30,f6_rastrigin,PSO-m,1,747.5391216436989
30,f6_rastrigin,PSO-m,2,699.9027206113178
30,f6_rastrigin,PSO-m,3,2866.043600282139
30,f6_rastrigin,PSO-m,4,2867.005300775519
30,f6_rastrigin,PSO-m,5,2382.22158152848
30,f6_rastrigin,PSO-m,6,1666.2083340866218
30,f6_rastrigin,PSO-m,7,2169.774673809783
30,f6_rastrigin,PSO-m,8,1000.257723620504
30,f6_rastrigin,PSO-m,9,4438.59200591551
30,f6_rastrigin,PSO-m,10,3203.4788014458313
30,f6_rastrigin,PSO-m,11,1799.2267324191284
30,f6_rastrigin,PSO-m,12,2211.8671601716806
30,f6_rastrigin,PSO-m,13,1034.036652612476
30,f6_rastrigin,PSO-m,14,6763.872401156916
30,f6_rastrigin,PSO-m,15,5399.133034763741
30,f6_rastrigin,PSO-m,16,2548.678379955448
30,f6_rastrigin,PSO-m,17,1745.571771398198
30,f6_rastrigin,PSO-m,18,1075.2698808748642
30,f6_rastrigin,PSO-m,19,1502.818775058919
30,f6_rastrigin,PSO-RIW,0,10350.018150220742
30,f6_rastrigin,PSO-RIW,1,25101.232467515234
30,f6_rastrigin,PSO-RIW,2,9702.817416918344
30,f6_rastrigin,PSO-RIW,3,6818.465672553359
30,f6_rastrigin,PSO-RIW,4,9129.997931875969
30,f6_rastrigin,PSO-RIW,5,5278.875505383684
30,f6_rastrigin,PSO-RIW,6,1515.023727990693
30,f6_rastrigin,PSO-RIW,7,4418.860532899752
30,f6_rastrigin,PSO-RIW,8,2112.781208320444
30,f6_rastrigin,PSO-RIW,9,22088.130062974877
30,f6_rastrigin,PSO-RIW,10,8825.38574169918
30,f6_rastrigin,PSO-RIW,11,7898.003843547229
30,f6_rastrigin,PSO-RIW,12,2512.140202789498
30,f6_rastrigin,PSO-RIW,13,9092.42941838458
30,f6_rastrigin,PSO-RIW,14,11193.001604537627
30,f6_rastrigin,PSO-RIW,15,6229.859784134309
30,f6_rastrigin,PSO-RIW,16,2558.9696192119077
30,f6_rastrigin,PSO-RIW,17,2398.674968283265
30,f6_rastrigin,PSO-RIW,18,1656.2480797516155
30,f6_rastrigin,PSO-RIW,19,1156.710733942911
30,f6_rastrigin,HPPSO_Modified,0,119.42265853655945
30,f6_rastrigin,HPPSO_Modified,1,115.09852518378142
30,f6_rastrigin,HPPSO_Modified,2,100.1681040992612
30,f6_rastrigin,HPPSO_Modified,3,168.56676698805927
30,f6_rastrigin,HPPSO_Modified,4,197.23304892688554
30,f6_rastrigin,HPPSO_Modified,5,128.52561419015106
30,f6_rastrigin,HPPSO_Modified,6,169.19438805945913
30,f6_rastrigin,HPPSO_Modified,7,76.6872201571689
30,f6_rastrigin,HPPSO_Modified,8,115.71996101470106
30,f6_rastrigin,HPPSO_Modified,9,127.94169217496321
30,f6_rastrigin,HPPSO_Modified,10,91.08850771030566
30,f6_rastrigin,HPPSO_Modified,11,84.35507698292702
30,f6_rastrigin,HPPSO_Modified,12,114.72017813539571
30,f6_rastrigin,HPPSO_Modified,13,119.14807211028437
30,f6_rastrigin,HPPSO_Modified,14,140.34051440440098
30,f6_rastrigin,HPPSO_Modified,15,132.05801966525934
30,f6_rastrigin,HPPSO_Modified,16,131.1378346978051
30,f6_rastrigin,HPPSO_Modified,17,114.89385739334205
30,f6_rastrigin,HPPSO_Modified,18,127.19328646954784
30,f6_rastrigin,HPPSO_Modified,19,152.7474925738417
30,f6_rastrigin,GA-MPC,0,610.5466393928729
30,f6_rastrigin,GA-MPC,1,1333.6335809572863
30,f6_rastrigin,GA-MPC,2,493.6337516375473
30,f6_rastrigin,GA-MPC,3,298.5735029094434
30,f6_rastrigin,GA-MPC,4,266.86996091627884
30,f6_rastrigin,GA-MPC,5,77.33617403513341
30,f6_rastrigin,GA-MPC,6,99.15611233983651
30,f6_rastrigin,GA-MPC,7,102.67418247154879
30,f6_rastrigin,GA-MPC,8,2006.5993101024508
30,f6_rastrigin,GA-MPC,9,600.6487783949923
30,f6_rastrigin,GA-MPC,10,253.76509168888214
30,f6_rastrigin,GA-MPC,11,42.225961983073375
30,f6_rastrigin,GA-MPC,12,201.76766654419697
30,f6_rastrigin,GA-MPC,13,2744.568983208537
30,f6_rastrigin,GA-MPC,14,135.44287256932688
30,f6_rastrigin,GA-MPC,15,777.0375813351473
30,f6_rastrigin,GA-MPC,16,196.06707328585043
30,f6_rastrigin,GA-MPC,17,1660.5980612668375
30,f6_rastrigin,GA-MPC,18,215.5447601100375
30,f6_rastrigin,GA-MPC,19,240.7872204256551
30,f6_rastrigin,GWO,0,1277.431173963581
30,f6_rastrigin,GWO,1,1006.3763478406986
30,f6_rastrigin,GWO,2,1672.260016944985
30,f6_rastrigin,GWO,3,598.5650799909799
30,f6_rastrigin,GWO,4,858.2121184320508
30,f6_rastrigin,GWO,5,611.6191361977632
30,f6_rastrigin,GWO,6,663.8848280435418
30,f6_rastrigin,GWO,7,435.12311785575935
30,f6_rastrigin,GWO,8,1680.2890645095035
30,f6_rastrigin,GWO,9,1086.564631308369
30,f6_rastrigin,GWO,10,2520.838089069259
30,f6_rastrigin,GWO,11,889.7816283136814
30,f6_rastrigin,GWO,12,1292.3735021140624
30,f6_rastrigin,GWO,13,836.1397151937747
30,f6_rastrigin,GWO,14,2496.7722277139765
30,f6_rastrigin,GWO,15,954.1531445133131
30,f6_rastrigin,GWO,16,1890.7904396809026
30,f6_rastrigin,GWO,17,1688.5965257691207
30,f6_rastrigin,GWO,18,1535.3878140065929
30,f6_rastrigin,GWO,19,1242.6813417936555
30,f6_rastrigin,SHADE,0,40.42342327614574
30,f6_rastrigin,SHADE,1,97.9365556740274
30,f6_rastrigin,SHADE,2,26.760303988326996
30,f6_rastrigin,SHADE,3,42.494165276243166
30,f6_rastrigin,SHADE,4,50.5860416142157
30,f6_rastrigin,SHADE,5,63.44964530733776
30,f6_rastrigin,SHADE,6,38.66867786216335
30,f6_rastrigin,SHADE,7,51.4201002813609
30,f6_rastrigin,SHADE,8,61.82623289725021
30,f6_rastrigin,SHADE,9,35.29897716218392
30,f6_rastrigin,SHADE,10,28.79843659929344
30,f6_rastrigin,SHADE,11,43.693668201958076
30,f6_rastrigin,SHADE,12,62.375126153310816
30,f6_rastrigin,SHADE,13,84.20648386694003
30,f6_rastrigin,SHADE,14,64.03603503233151
30,f6_rastrigin,SHADE,15,41.91275315744991
30,f6_rastrigin,SHADE,16,40.941286714470436
30,f6_rastrigin,SHADE,17,40.48407088515012
30,f6_rastrigin,SHADE,18,25.72621309465194
30,f6_rastrigin,SHADE,19,66.93633930582965
30,f6_rastrigin,CSA,0,22611.316749596972
30,f6_rastrigin,CSA,1,15363.754029656711
30,f6_rastrigin,CSA,2,10223.54669244039
30,f6_rastrigin,CSA,3,24631.090151882378
30,f6_rastrigin,CSA,4,32573.77740614578
30,f6_rastrigin,CSA,5,7339.125437619791
30,f6_rastrigin,CSA,6,12153.518429069114
30,f6_rastrigin,CSA,7,17704.813123568518
30,f6_rastrigin,CSA,8,22089.716515942644
30,f6_rastrigin,CSA,9,26755.233696393898
30,f6_rastrigin,CSA,10,19710.526163259092
30,f6_rastrigin,CSA,11,56441.4586734279
30,f6_rastrigin,CSA,12,33088.40627703011
30,f6_rastrigin,CSA,13,65696.19693148037
30,f6_rastrigin,CSA,14,13756.603034667636
30,f6_rastrigin,CSA,15,21120.774761146375
30,f6_rastrigin,CSA,16,9718.503591957056
30,f6_rastrigin,CSA,17,9799.063534654568
30,f6_rastrigin,CSA,18,18032.283417615938
30,f6_rastrigin,CSA,19,27173.079648964605
30,f7_ackley,Original PSO,0,20.00656006783137
30,f7_ackley,Original PSO,1,20.090613493696015
30,f7_ackley,Original PSO,2,20.005969333727005
30,f7_ackley,Original PSO,3,20.009001309885047
30,f7_ackley,Original PSO,4,20.297880217080806
30,f7_ackley,Original PSO,5,20.105711475048206
30,f7_ackley,Original PSO,6,20.060356934358612
30,f7_ackley,Original PSO,7,20.016999699502463
30,f7_ackley,Original PSO,8,20.390757202114703
30,f7_ackley,Original PSO,9,20.21560597837999
30,f7_ackley,Original PSO,10,20.37297945443452
30,f7_ackley,Original PSO,11,20.129640431771396
30,f7_ackley,Original PSO,12,20.009464976818872
30,f7_ackley,Original PSO,13,20.047303156114857
30,f7_ackley,Original PSO,14,20.068658425524706
30,f7_ackley,Original PSO,15,20.02738751840276
30,f7_ackley,Original PSO,16,20.00253062374916
30,f7_ackley,Original PSO,17,20.151538232231648
30,f7_ackley,Original PSO,18,20.00797247407099
30,f7_ackley,Original PSO,19,20.13749444053234
30,f7_ackley,PSO-m,0,20.916525662144174
30,f7_ackley,PSO-m,1,20.96063757431334
30,f7_ackley,PSO-m,2,20.673464585994058
30,f7_ackley,PSO-m,3,20.99111939378718
30,f7_ackley,PSO-m,4,20.88852439669934
30,f7_ackley,PSO-m,5,20.964425350816242
30,f7_ackley,PSO-m,6,20.44412722935263
30,f7_ackley,PSO-m,7,21.04255576495098
30,f7_ackley,PSO-m,8,20.99687126472714
30,f7_ackley,PSO-m,9,20.839415782956003
30,f7_ackley,PSO-m,10,20.851730423392873
30,f7_ackley,PSO-m,11,20.862224548294176
30,f7_ackley,PSO-m,12,20.736346266005064
30,f7_ackley,PSO-m,13,20.62343781944766
30,f7_ackley,PSO-m,14,20.913019176704648
30,f7_ackley,PSO-m,15,20.834796097786423
30,f7_ackley,PSO-m,16,20.954102710626838
30,f7_ackley,PSO-m,17,20.602506084683228
30,f7_ackley,PSO-m,18,20.805922016183086
30,f7_ackley,PSO-m,19,20.85808388963908
30,f7_ackley,PSO-RIW,0,20.814470814457408
30,f7_ackley,PSO-RIW,1,20.038769685649566
30,f7_ackley,PSO-RIW,2,20.338058815448573
30,f7_ackley,PSO-RIW,3,20.24487650821599
30,f7_ackley,PSO-RIW,4,20.278355699254615
30,f7_ackley,PSO-RIW,5,20.132471474342346
30,f7_ackley,PSO-RIW,6,20.0003034796283
30,f7_ackley,PSO-RIW,7,20.000516990782113
30,f7_ackley,PSO-RIW,8,20.174861361682545
30,f7_ackley,PSO-RIW,9,20.249991880448956
30,f7_ackley,PSO-RIW,10,20.000059382788198
30,f7_ackley,PSO-RIW,11,20.168197289509973
30,f7_ackley,PSO-RIW,12,20.344772746234057
30,f7_ackley,PSO-RIW,13,20.10937014201317
30,f7_ackley,PSO-RIW,14,20.20838865473326
30,f7_ackley,PSO-RIW,15,20.06678355535749
30,f7_ackley,PSO-RIW,16,20.02251208396297
30,f7_ackley,PSO-RIW,17,20.09942451072412
30,f7_ackley,PSO-RIW,18,20.0087343787589
30,f7_ackley,PSO-RIW,19,20.092139871126808
30,f7_ackley,HPPSO_Modified,0,20.49478368883598
30,f7_ackley,HPPSO_Modified,1,20.492423358924
30,f7_ackley,HPPSO_Modified,2,20.6934681729748
30,f7_ackley,HPPSO_Modified,3,20.792449136330863
30,f7_ackley,HPPSO_Modified,4,20.79230597132943
30,f7_ackley,HPPSO_Modified,5,20.727631211361526
30,f7_ackley,HPPSO_Modified,6,20.841284751595424
30,f7_ackley,HPPSO_Modified,7,20.64680474298286
30,f7_ackley,HPPSO_Modified,8,20.720570350772466
30,f7_ackley,HPPSO_Modified,9,20.962411041197992
30,f7_ackley,HPPSO_Modified,10,20.470166558286778
30,f7_ackley,HPPSO_Modified,11,20.8858880399823
30,f7_ackley,HPPSO_Modified,12,20.453517791342517
30,f7_ackley,HPPSO_Modified,13,20.48839300759955
30,f7_ackley,HPPSO_Modified,14,20.739512671009862
30,f7_ackley,HPPSO_Modified,15,20.56099194440478
30,f7_ackley,HPPSO_Modified,16,20.414795865778512
30,f7_ackley,HPPSO_Modified,17,20.796580741123268
30,f7_ackley,HPPSO_Modified,18,20.82826696240821
30,f7_ackley,HPPSO_Modified,19,20.666403489379885
30,f7_ackley,GA-MPC,0,20.42023220749449
30,f7_ackley,GA-MPC,1,20.247493802786362
30,f7_ackley,GA-MPC,2,20.115976949419824
30,f7_ackley,GA-MPC,3,20.41948708688592
30,f7_ackley,GA-MPC,4,20.145559856320823
30,f7_ackley,GA-MPC,5,20.25222146391086
30,f7_ackley,GA-MPC,6,20.35013875451288
30,f7_ackley,GA-MPC,7,20.12951799621388
30,f7_ackley,GA-MPC,8,20.14112753257735
30,f7_ackley,GA-MPC,9,20.01362205943171
30,f7_ackley,GA-MPC,10,20.48297503039963
30,f7_ackley,GA-MPC,11,20.058779586363915
30,f7_ackley,GA-MPC,12,20.2190186161163
30,f7_ackley,GA-MPC,13,20.297383651263456
30,f7_ackley,GA-MPC,14,20.38460573091663
30,f7_ackley,GA-MPC,15,20.300233746432816
30,f7_ackley,GA-MPC,16,20.332989746114976
30,f7_ackley,GA-MPC,17,20.17158429016362
30,f7_ackley,GA-MPC,18,20.07445625737656
30,f7_ackley,GA-MPC,19,20.259283658479486
30,f7_ackley,GWO,0,21.114037496882656
30,f7_ackley,GWO,1,21.16846149307609
30,f7_ackley,GWO,2,21.144049843593095
30,f7_ackley,GWO,3,21.09135189107954
30,f7_ackley,GWO,4,21.088738055739196
30,f7_ackley,GWO,5,21.0567087799857
30,f7_ackley,GWO,6,21.143591220696038
30,f7_ackley,GWO,7,21.09522351906488
30,f7_ackley,GWO,8,20.991359175088398
30,f7_ackley,GWO,9,20.84731634345345
30,f7_ackley,GWO,10,21.09510323362397
30,f7_ackley,GWO,11,21.097031692686382
30,f7_ackley,GWO,12,21.06224330885322
30,f7_ackley,GWO,13,21.026794523340893
30,f7_ackley,GWO,14,21.07597244573696
30,f7_ackley,GWO,15,21.093622609755975
30,f7_ackley,GWO,16,21.111830649131534
30,f7_ackley,GWO,17,20.929250198700622
30,f7_ackley,GWO,18,21.166038470363876
30,f7_ackley,GWO,19,21.05834330921171
30,f7_ackley,SHADE,0,20.035589916539816
30,f7_ackley,SHADE,1,20.06136514107993
30,f7_ackley,SHADE,2,20.04889109713971
30,f7_ackley,SHADE,3,20.054409148935814
30,f7_ackley,SHADE,4,20.034214451265886
30,f7_ackley,SHADE,5,20.062216247099578
30,f7_ackley,SHADE,6,20.035335931268023
30,f7_ackley,SHADE,7,20.050642558412235
30,f7_ackley,SHADE,8,20.071336871764597
30,f7_ackley,SHADE,9,20.0757587516816
30,f7_ackley,SHADE,10,20.033726981404545
30,f7_ackley,SHADE,11,20.056343007404468
30,f7_ackley,SHADE,12,20.062675208159654
30,f7_ackley,SHADE,13,20.05027231427401
30,f7_ackley,SHADE,14,20.05092748090754
30,f7_ackley,SHADE,15,20.06343492652839
30,f7_ackley,SHADE,16,20.0445584142819
30,f7_ackley,SHADE,17,20.061457969637107
30,f7_ackley,SHADE,18,20.056681937043976
30,f7_ackley,SHADE,19,20.048494694393018
30,f7_ackley,CSA,0,20.791836157101365
30,f7_ackley,CSA,1,20.673872789009355
30,f7_ackley,CSA,2,20.69701424001362
30,f7_ackley,CSA,3,20.76202388559768
30,f7_ackley,CSA,4,20.724369344330285
30,f7_ackley,CSA,5,20.61329283754426
30,f7_ackley,CSA,6,20.53927745988671
30,f7_ackley,CSA,7,20.452035663305914
30,f7_ackley,CSA,8,20.35425226746246
30,f7_ackley,CSA,9,20.93640904820769
30,f7_ackley,CSA,10,20.786160657242153
30,f7_ackley,CSA,11,20.558602075994195
30,f7_ackley,CSA,12,20.637843223685707
30,f7_ackley,CSA,13,20.953164536624477
30,f7_ackley,CSA,14,20.65272232250199
30,f7_ackley,CSA,15,20.457895844091116
30,f7_ackley,CSA,16,20.982499875032904
30,f7_ackley,CSA,17,20.322344690557014
30,f7_ackley,CSA,18,20.50651886976499
30,f7_ackley,CSA,19,20.645267010325835
30,f8_griewank,Original PSO,0,0.7579025881831467
30,f8_griewank,Original PSO,1,1.9740044936750447
30,f8_griewank,Original PSO,2,2.8035769364221403
30,f8_griewank,Original PSO,3,3.578110660272966
30,f8_griewank,Original PSO,4,5.579718225589487
30,f8_griewank,Original PSO,5,1.3043507648314425
30,f8_griewank,Original PSO,6,3.1920856185841937
30,f8_griewank,Original PSO,7,2.7709677068158083
30,f8_griewank,Original PSO,8,4.655287705242149
30,f8_griewank,Original PSO,9,2.6301358427472663
30,f8_griewank,Original PSO,10,2.266247023915702
30,f8_griewank,Original PSO,11,3.2211458388627565
30,f8_griewank,Original PSO,12,2.5027425266044547
30,f8_griewank,Original PSO,13,3.301879275306696
30,f8_griewank,Original PSO,14,2.8459540160282555
30,f8_griewank,Original PSO,15,2.409894266791472
30,f8_griewank,Original PSO,16,2.9716811829011154
30,f8_griewank,Original PSO,17,2.3948270229155737
30,f8_griewank,Original PSO,18,2.7101771909580106
30,f8_griewank,Original PSO,19,2.787037675204937
30,f8_griewank,PSO-m,0,0.2393238560836365
30,f8_griewank,PSO-m,1,0.8347081057028269
30,f8_griewank,PSO-m,2,0.9384597567177937
30,f8_griewank,PSO-m,3,0.2637187344398021
30,f8_griewank,PSO-m,4,1.387223604789485
30,f8_griewank,PSO-m,5,1.3068860630682932
30,f8_griewank,PSO-m,6,0.8235070169565215
30,f8_griewank,PSO-m,7,1.6454655643745917
30,f8_griewank,PSO-m,8,1.7147851575826674
30,f8_griewank,PSO-m,9,1.0034972406685
30,f8_griewank,PSO-m,10,1.812781754815693
30,f8_griewank,PSO-m,11,1.98334812810395
30,f8_griewank,PSO-m,12,1.572070094858884
30,f8_griewank,PSO-m,13,0.9547802820668425
30,f8_griewank,PSO-m,14,0.9589741275053021
30,f8_griewank,PSO-m,15,2.360431655810216
30,f8_griewank,PSO-m,16,0.21234142023174984
30,f8_griewank,PSO-m,17,0.88770613582625
30,f8_griewank,PSO-m,18,0.09716178800788056
30,f8_griewank,PSO-m,19,2.466096729076103
30,f8_griewank,PSO-RIW,0,4.683234534850195
30,f8_griewank,PSO-RIW,1,1.6058729905390545
30,f8_griewank,PSO-RIW,2,1.6445424753066908
30,f8_griewank,PSO-RIW,3,3.6379755362165342
30,f8_griewank,PSO-RIW,4,2.3479114885496246
30,f8_griewank,PSO-RIW,5,0.5624948726054576
30,f8_griewank,PSO-RIW,6,2.8119935535001144
30,f8_griewank,PSO-RIW,7,1.6834169908937449
30,f8_griewank,PSO-RIW,8,1.5033455884154472
30,f8_griewank,PSO-RIW,9,0.8042328247033794
30,f8_griewank,PSO-RIW,10,3.1188823166888313
30,f8_griewank,PSO-RIW,11,2.6955396019838673
30,f8_griewank,PSO-RIW,12,2.2938644722707915
30,f8_griewank,PSO-RIW,13,4.991597723630861
30,f8_griewank,PSO-RIW,14,2.8031338209770653
30,f8_griewank,PSO-RIW,15,0.8559260219650084
30,f8_griewank,PSO-RIW,16,0.58020188546461
30,f8_griewank,PSO-RIW,17,1.223011971098142
30,f8_griewank,PSO-RIW,18,2.9072268013447102
30,f8_griewank,PSO-RIW,19,1.521714168800806
30,f8_griewank,HPPSO_Modified,0,0.032135459169119085
30,f8_griewank,HPPSO_Modified,1,0.028453030260755074
30,f8_griewank,HPPSO_Modified,2,0.005428874370093872
30,f8_griewank,HPPSO_Modified,3,0.036428023418619726
30,f8_griewank,HPPSO_Modified,4,0.05005458511490213
30,f8_griewank,HPPSO_Modified,5,0.0034701928522903325
30,f8_griewank,HPPSO_Modified,6,0.016851301648373895
30,f8_griewank,HPPSO_Modified,7,0.0108117119319312
30,f8_griewank,HPPSO_Modified,8,0.002123147158537675
30,f8_griewank,HPPSO_Modified,9,0.005431431456633273
30,f8_griewank,HPPSO_Modified,10,0.028552830820719688
30,f8_griewank,HPPSO_Modified,11,0.006561871125864038
30,f8_griewank,HPPSO_Modified,12,0.02268114467312421
30,f8_griewank,HPPSO_Modified,13,0.0180784122469968
30,f8_griewank,HPPSO_Modified,14,0.014302099808241264
30,f8_griewank,HPPSO_Modified,15,0.0093312156016917
30,f8_griewank,HPPSO_Modified,16,0.0011292038997183784
30,f8_griewank,HPPSO_Modified,17,0.003391502514413114
30,f8_griewank,HPPSO_Modified,18,0.0019162440758018207
30,f8_griewank,HPPSO_Modified,19,0.003152447849075979
30,f8_griewank,GA-MPC,0,0.07034092734500985
30,f8_griewank,GA-MPC,1,0.012611586346661596
30,f8_griewank,GA-MPC,2,0.02564243779541886
30,f8_griewank,GA-MPC,3,0.001268401215931081
30,f8_griewank,GA-MPC,4,0.2182428107321246
30,f8_griewank,GA-MPC,5,0.012532126585041659
30,f8_griewank,GA-MPC,6,0.0075840016169701485
30,f8_griewank,GA-MPC,7,0.05425767340703935
30,f8_griewank,GA-MPC,8,0.07655024628323581
30,f8_griewank,GA-MPC,9,0.02594801321129392
30,f8_griewank,GA-MPC,10,0.12203225776955973
30,f8_griewank,GA-MPC,11,0.3185306530858252
30,f8_griewank,GA-MPC,12,1.9557200308624254
30,f8_griewank,GA-MPC,13,0.009718765363147419
30,f8_griewank,GA-MPC,14,0.21318137911453383
30,f8_griewank,GA-MPC,15,0.04036247497524503
30,f8_griewank,GA-MPC,16,0.08918447913216954
30,f8_griewank,GA-MPC,17,0.030143977255452592
30,f8_griewank,GA-MPC,18,0.0530229568045576
30,f8_griewank,GA-MPC,19,0.24040281408849162
30,f8_griewank,GWO,0,0.8932871556433354
30,f8_griewank,GWO,1,1.4757359711385365
30,f8_griewank,GWO,2,1.1941722172553806
30,f8_griewank,GWO,3,1.1869872572190885
30,f8_griewank,GWO,4,1.4316944955744837
30,f8_griewank,GWO,5,1.0056507474395688
30,f8_griewank,GWO,6,1.0293590984279386
30,f8_griewank,GWO,7,1.116781630358603
30,f8_griewank,GWO,8,1.2404613718174469
30,f8_griewank,GWO,9,1.4432707397155218
30,f8_griewank,GWO,10,1.2749006153903073
30,f8_griewank,GWO,11,2.3155450039997487
30,f8_griewank,GWO,12,1.141628139013289
30,f8_griewank,GWO,13,1.9064510787608286
30,f8_griewank,GWO,14,1.1792144750769955
30,f8_griewank,GWO,15,1.1092288244538908
30,f8_griewank,GWO,16,1.2164620070398997
30,f8_griewank,GWO,17,1.4913486165215015
30,f8_griewank,GWO,18,1.3362458043384196
30,f8_griewank,GWO,19,1.5074054515607593
30,f8_griewank,SHADE,0,0.027125384556680454
30,f8_griewank,SHADE,1,0.03926017264588555
30,f8_griewank,SHADE,2,0.05132555614626022
30,f8_griewank,SHADE,3,0.031942367639359315
30,f8_griewank,SHADE,4,0.014772408689245564
30,f8_griewank,SHADE,5,2.5009661008823514e-11
30,f8_griewank,SHADE,6,0.04405843139689669
30,f8_griewank,SHADE,7,0.01232098888274391
30,f8_griewank,SHADE,8,0.01967773457102906
30,f8_griewank,SHADE,9,0.029481124017302962
30,f8_griewank,SHADE,10,0.034384063995446135
30,f8_griewank,SHADE,11,2.3585911002044213e-10
30,f8_griewank,SHADE,12,0.01477240835331961
30,f8_griewank,SHADE,13,3.450939534133113e-11
30,f8_griewank,SHADE,14,0.007396040338858545
30,f8_griewank,SHADE,15,1.837869856302632e-10
30,f8_griewank,SHADE,16,0.031966803301960445
30,f8_griewank,SHADE,17,0.0073960403970543265
30,f8_griewank,SHADE,18,0.014772407728397052
30,f8_griewank,SHADE,19,2.332101178836865e-11
30,f8_griewank,CSA,0,8.751616714671101
30,f8_griewank,CSA,1,5.371124176875655
30,f8_griewank,CSA,2,11.793087989896554
30,f8_griewank,CSA,3,7.356696116008083
30,f8_griewank,CSA,4,10.667853320867255
30,f8_griewank,CSA,5,18.689202608009467
30,f8_griewank,CSA,6,8.200989994136858
30,f8_griewank,CSA,7,3.241863768617391
30,f8_griewank,CSA,8,15.361901677498892
30,f8_griewank,CSA,9,10.317364591323425
30,f8_griewank,CSA,10,17.506499852559866
30,f8_griewank,CSA,11,12.276716818569703
30,f8_griewank,CSA,12,7.414987694243822
30,f8_griewank,CSA,13,19.380603793981084
30,f8_griewank,CSA,14,3.408839362434585
30,f8_griewank,CSA,15,9.668874688685655
30,f8_griewank,CSA,16,8.986734574441822
30,f8_griewank,CSA,17,9.536661713217244
30,f8_griewank,CSA,18,6.129449360073376
30,f8_griewank,CSA,19,12.85946087209845
30,f9_weierstrass,Original PSO,0,20.398003430846842
30,f9_weierstrass,Original PSO,1,16.86711289927959
30,f9_weierstrass,Original PSO,2,15.710338615002527
30,f9_weierstrass,Original PSO,3,15.891300855109932
30,f9_weierstrass,Original PSO,4,15.699839493626463
30,f9_weierstrass,Original PSO,5,21.87655261857431
30,f9_weierstrass,Original PSO,6,19.658009360145208
30,f9_weierstrass,Original PSO,7,11.052644908654862
30,f9_weierstrass,Original PSO,8,39.397077879456845
30,f9_weierstrass,Original PSO,9,32.592810855250875
30,f9_weierstrass,Original PSO,10,12.310253097874522
30,f9_weierstrass,Original PSO,11,14.443266629221775
30,f9_weierstrass,Original PSO,12,20.372233026468678
30,f9_weierstrass,Original PSO,13,16.962919897932757
30,f9_weierstrass,Original PSO,14,17.5896814105202
30,f9_weierstrass,Original PSO,15,18.515645927184515
30,f9_weierstrass,Original PSO,16,16.29059798340954
30,f9_weierstrass,Original PSO,17,33.823024667898224
30,f9_weierstrass,Original PSO,18,16.630535290086904
30,f9_weierstrass,Original PSO,19,20.409827581239817
30,f9_weierstrass,PSO-m,0,36.60253694066262
30,f9_weierstrass,PSO-m,1,40.70457094616643
30,f9_weierstrass,PSO-m,2,34.81835580148081
30,f9_weierstrass,PSO-m,3,39.973075089381126
30,f9_weierstrass,PSO-m,4,35.31306087203576
30,f9_weierstrass,PSO-m,5,41.40892684361086
30,f9_weierstrass,PSO-m,6,40.83821271028174
30,f9_weierstrass,PSO-m,7,39.646686318632945
30,f9_weierstrass,PSO-m,8,37.66842763523906
30,f9_weierstrass,PSO-m,9,39.02164282832371
30,f9_weierstrass,PSO-m,10,40.06540700820582
30,f9_weierstrass,PSO-m,11,40.43085398334901
30,f9_weierstrass,PSO-m,12,36.10875748985956
30,f9_weierstrass,PSO-m,13,37.12400322703738
30,f9_weierstrass,PSO-m,14,37.93894137423092
30,f9_weierstrass,PSO-m,15,36.56061683004522
30,f9_weierstrass,PSO-m,16,40.166967171798305
30,f9_weierstrass,PSO-m,17,39.701746337331954
30,f9_weierstrass,PSO-m,18,38.66306598343661
30,f9_weierstrass,PSO-m,19,36.58169024810612
30,f9_weierstrass,PSO-RIW,0,18.174209513042257
30,f9_weierstrass,PSO-RIW,1,16.249636409464024
30,f9_weierstrass,PSO-RIW,2,9.429823974388334
30,f9_weierstrass,PSO-RIW,3,12.976485222000129
30,f9_weierstrass,PSO-RIW,4,22.75442541100812
30,f9_weierstrass,PSO-RIW,5,10.939872273572824
30,f9_weierstrass,PSO-RIW,6,15.26963227620783
30,f9_weierstrass,PSO-RIW,7,33.154617581965
30,f9_weierstrass,PSO-RIW,8,13.935507918804603
30,f9_weierstrass,PSO-RIW,9,21.324307775530784
30,f9_weierstrass,PSO-RIW,10,13.367485886085163
30,f9_weierstrass,PSO-RIW,11,21.62703790225767
30,f9_weierstrass,PSO-RIW,12,21.30680129615937
30,f9_weierstrass,PSO-RIW,13,12.848939019862712
30,f9_weierstrass,PSO-RIW,14,11.764293527365155
30,f9_weierstrass,PSO-RIW,15,18.183445240656177
30,f9_weierstrass,PSO-RIW,16,10.200225109674761
30,f9_weierstrass,PSO-RIW,17,16.489469753354946
30,f9_weierstrass,PSO-RIW,18,23.20500910354219
30,f9_weierstrass,PSO-RIW,19,9.899984090120626
30,f9_weierstrass,HPPSO_Modified,0,32.220557946004014
30,f9_weierstrass,HPPSO_Modified,1,28.61254373250614
30,f9_weierstrass,HPPSO_Modified,2,34.086997947641976
30,f9_weierstrass,HPPSO_Modified,3,26.402810346117526
30,f9_weierstrass,HPPSO_Modified,4,33.13216287284371
30,f9_weierstrass,HPPSO_Modified,5,37.130874180822204
30,f9_weierstrass,HPPSO_Modified,6,34.22701940397718
30,f9_weierstrass,HPPSO_Modified,7,34.23859627988423
30,f9_weierstrass,HPPSO_Modified,8,31.90883789586766
30,f9_weierstrass,HPPSO_Modified,9,35.480739835025474
30,f9_weierstrass,HPPSO_Modified,10,37.60296172174142
30,f9_weierstrass,HPPSO_Modified,11,30.060971557658696
30,f9_weierstrass,HPPSO_Modified,12,35.833618012096565
30,f9_weierstrass,HPPSO_Modified,13,33.784824029961555
30,f9_weierstrass,HPPSO_Modified,14,35.58185767914989
30,f9_weierstrass,HPPSO_Modified,15,28.619241401793815
30,f9_weierstrass,HPPSO_Modified,16,32.16747110769028
30,f9_weierstrass,HPPSO_Modified,17,32.4128107978985
30,f9_weierstrass,HPPSO_Modified,18,35.565862882525906
30,f9_weierstrass,HPPSO_Modified,19,31.244556168781596
30,f9_weierstrass,GA-MPC,0,22.851307833780687
30,f9_weierstrass,GA-MPC,1,23.489447579450776
30,f9_weierstrass,GA-MPC,2,23.14632666235265
30,f9_weierstrass,GA-MPC,3,17.465627028487134
30,f9_weierstrass,GA-MPC,4,16.476068277633317
30,f9_weierstrass,GA-MPC,5,21.835737572597864
30,f9_weierstrass,GA-MPC,6,27.239361858422903
30,f9_weierstrass,GA-MPC,7,14.09072151000251
30,f9_weierstrass,GA-MPC,8,20.607178870153916
30,f9_weierstrass,GA-MPC,9,23.862935930281367
30,f9_weierstrass,GA-MPC,10,16.261169191466685
30,f9_weierstrass,GA-MPC,11,13.161851831833545
30,f9_weierstrass,GA-MPC,12,23.95844586550558
30,f9_weierstrass,GA-MPC,13,20.54092160755296
30,f9_weierstrass,GA-MPC,14,15.805817676037222
30,f9_weierstrass,GA-MPC,15,19.81814233172244
30,f9_weierstrass,GA-MPC,16,22.764015605988796
30,f9_weierstrass,GA-MPC,17,14.395450828135594
30,f9_weierstrass,GA-MPC,18,14.021122101441982
30,f9_weierstrass,GA-MPC,19,18.33231120334097
30,f9_weierstrass,GWO,0,43.65284172791411
30,f9_weierstrass,GWO,1,44.55515476938067
30,f9_weierstrass,GWO,2,44.001136544499886
30,f9_weierstrass,GWO,3,44.276465612698104
30,f9_weierstrass,GWO,4,42.64406325763302
30,f9_weierstrass,GWO,5,44.06066925015763
30,f9_weierstrass,GWO,6,42.95369679775119
30,f9_weierstrass,GWO,7,43.58211577510502
30,f9_weierstrass,GWO,8,40.71591121086546
30,f9_weierstrass,GWO,9,41.361076838624896
30,f9_weierstrass,GWO,10,41.7546045528698
30,f9_weierstrass,GWO,11,42.806148760071
30,f9_weierstrass,GWO,12,41.38749085063223
30,f9_weierstrass,GWO,13,42.513010324784176
30,f9_weierstrass,GWO,14,40.57818648930699
30,f9_weierstrass,GWO,15,41.1861524339553
30,f9_weierstrass,GWO,16,39.04826444634422
30,f9_weierstrass,GWO,17,43.01886077387573
30,f9_weierstrass,GWO,18,43.085059601155024
30,f9_weierstrass,GWO,19,42.660705491654106
30,f9_weierstrass,SHADE,0,12.59056344303287
30,f9_weierstrass,SHADE,1,11.995649159494135
30,f9_weierstrass,SHADE,2,10.068897347529983
30,f9_weierstrass,SHADE,3,12.951422466546582
30,f9_weierstrass,SHADE,4,13.208060381762863
30,f9_weierstrass,SHADE,5,13.038819676707945
30,f9_weierstrass,SHADE,6,11.563146473511438
30,f9_weierstrass,SHADE,7,12.000420854786604
30,f9_weierstrass,SHADE,8,14.15149666814743
30,f9_weierstrass,SHADE,9,13.668390555634787
30,f9_weierstrass,SHADE,10,15.705933412761453
30,f9_weierstrass,SHADE,11,12.857888370283987
30,f9_weierstrass,SHADE,12,13.241280579890606
30,f9_weierstrass,SHADE,13,16.04466188869253
30,f9_weierstrass,SHADE,14,14.700809481878359
30,f9_weierstrass,SHADE,15,14.465550580042382
30,f9_weierstrass,SHADE,16,12.664161881077668
30,f9_weierstrass,SHADE,17,12.834389677046786
30,f9_weierstrass,SHADE,18,14.47383599568957
30,f9_weierstrass,SHADE,19,11.884389568596639
30,f9_weierstrass,CSA,0,32.95581412258592
30,f9_weierstrass,CSA,1,27.87319261424779
30,f9_weierstrass,CSA,2,35.179635773885025
30,f9_weierstrass,CSA,3,28.64935684919813
30,f9_weierstrass,CSA,4,33.78922498373683
30,f9_weierstrass,CSA,5,38.446214171902454
30,f9_weierstrass,CSA,6,32.64170304332049
30,f9_weierstrass,CSA,7,34.82353072197227
30,f9_weierstrass,CSA,8,32.8227415075491
30,f9_weierstrass,CSA,9,29.7201542729128
30,f9_weierstrass,CSA,10,29.888985249719806
30,f9_weierstrass,CSA,11,31.074713498797415
30,f9_weierstrass,CSA,12,36.283875745254605
30,f9_weierstrass,CSA,13,37.56325759157072
30,f9_weierstrass,CSA,14,33.814747633556976
30,f9_weierstrass,CSA,15,26.95060956525935
30,f9_weierstrass,CSA,16,30.107011867372726
30,f9_weierstrass,CSA,17,36.800455009380336
30,f9_weierstrass,CSA,18,36.84512171927932
30,f9_weierstrass,CSA,19,46.259484006316015
30,f10_levy,Original PSO,0,935.6074471739224
30,f10_levy,Original PSO,1,780.4858193377207
30,f10_levy,Original PSO,2,1989.9957508341286
30,f10_levy,Original PSO,3,3005.276195871486
30,f10_levy,Original PSO,4,1512.0540999178108
30,f10_levy,Original PSO,5,4769.700960716634
30,f10_levy,Original PSO,6,1919.657500805511
30,f10_levy,Original PSO,7,2295.492479021871
30,f10_levy,Original PSO,8,2662.0344490487187
30,f10_levy,Original PSO,9,2479.6885441362137
30,f10_levy,Original PSO,10,2761.4612157040206
30,f10_levy,Original PSO,11,726.2344373683022
30,f10_levy,Original PSO,12,3227.087972256161
30,f10_levy,Original PSO,13,2430.5602388686366
30,f10_levy,Original PSO,14,1151.091708332978
30,f10_levy,Original PSO,15,1905.2770202857319
30,f10_levy,Original PSO,16,857.2281960797335
30,f10_levy,Original PSO,17,2407.9613157116532
30,f10_levy,Original PSO,18,3411.4676606506355
30,f10_levy,Original PSO,19,2721.050320058562
30,f10_levy,PSO-m,0,1311.333329870172
30,f10_levy,PSO-m,1,3914.12132546359
30,f10_levy,PSO-m,2,1826.6536803064437
30,f10_levy,PSO-m,3,2789.2025392228084
30,f10_levy,PSO-m,4,2420.5499243424783
30,f10_levy,PSO-m,5,4256.558987980648
30,f10_levy,PSO-m,6,292.3264389784867
30,f10_levy,PSO-m,7,1227.5303124396478
30,f10_levy,PSO-m,8,2656.859226720583
30,f10_levy,PSO-m,9,3728.983376213599
30,f10_levy,PSO-m,10,1921.9127171126852
30,f10_levy,PSO-m,11,1757.705769283812
30,f10_levy,PSO-m,12,1475.5231721788084
30,f10_levy,PSO-m,13,763.6342075572795
30,f10_levy,PSO-m,14,2408.077714827593
30,f10_levy,PSO-m,15,1908.5704271462664
30,f10_levy,PSO-m,16,5712.609701649822
30,f10_levy,PSO-m,17,2559.046058242021
30,f10_levy,PSO-m,18,419.1656503751832
30,f10_levy,PSO-m,19,5061.616095268315
30,f10_levy,PSO-RIW,0,1702.6194068371242
30,f10_levy,PSO-RIW,1,3155.09489512801
30,f10_levy,PSO-RIW,2,5083.000292074643
30,f10_levy,PSO-RIW,3,2494.415054624966
30,f10_levy,PSO-RIW,4,4107.947581163592
30,f10_levy,PSO-RIW,5,1824.7952484669943
30,f10_levy,PSO-RIW,6,3742.880102853105
30,f10_levy,PSO-RIW,7,2737.28830275754
30,f10_levy,PSO-RIW,8,1571.0854475671392
30,f10_levy,PSO-RIW,9,2126.7334052955807
30,f10_levy,PSO-RIW,10,2302.996466359428
30,f10_levy,PSO-RIW,11,5160.236323758572
30,f10_levy,PSO-RIW,12,1938.590812920841
30,f10_levy,PSO-RIW,13,1325.0573053486326
30,f10_levy,PSO-RIW,14,2450.2146624200122
30,f10_levy,PSO-RIW,15,1915.6958780294617
30,f10_levy,PSO-RIW,16,3342.6899514140355
30,f10_levy,PSO-RIW,17,1439.280310789179
30,f10_levy,PSO-RIW,18,1252.2700071669242
30,f10_levy,PSO-RIW,19,3403.8762622528498
30,f10_levy,HPPSO_Modified,0,2528.498001153145
30,f10_levy,HPPSO_Modified,1,2804.1123126019957
30,f10_levy,HPPSO_Modified,2,4737.160827756838
30,f10_levy,HPPSO_Modified,3,6869.253510879277
30,f10_levy,HPPSO_Modified,4,3710.06733777012
30,f10_levy,HPPSO_Modified,5,3577.2413350535485
30,f10_levy,HPPSO_Modified,6,5896.869059472698
30,f10_levy,HPPSO_Modified,7,3596.2857333807997
30,f10_levy,HPPSO_Modified,8,8097.551149021508
30,f10_levy,HPPSO_Modified,9,4661.223042597171
30,f10_levy,HPPSO_Modified,10,4311.362847221608
30,f10_levy,HPPSO_Modified,11,3706.593924232937
30,f10_levy,HPPSO_Modified,12,2024.4663404241737
30,f10_levy,HPPSO_Modified,13,4949.316164005434
30,f10_levy,HPPSO_Modified,14,2249.736737149916
30,f10_levy,HPPSO_Modified,15,3190.435476998123
30,f10_levy,HPPSO_Modified,16,6000.215869400861
30,f10_levy,HPPSO_Modified,17,4288.499753181271
30,f10_levy,HPPSO_Modified,18,4652.887388724132
30,f10_levy,HPPSO_Modified,19,4407.5029418651475
30,f10_levy,GA-MPC,0,1238.9022595017705
30,f10_levy,GA-MPC,1,32.251159044848585
30,f10_levy,GA-MPC,2,752.4634507216365
30,f10_levy,GA-MPC,3,880.6079267871236
30,f10_levy,GA-MPC,4,120.37304685274837
30,f10_levy,GA-MPC,5,153.31711467351383
30,f10_levy,GA-MPC,6,307.09277627900155
30,f10_levy,GA-MPC,7,2550.262431490521
30,f10_levy,GA-MPC,8,147.9072124816527
30,f10_levy,GA-MPC,9,672.3115718834887
30,f10_levy,GA-MPC,10,1682.7224227806614
30,f10_levy,GA-MPC,11,380.4459936869544
30,f10_levy,GA-MPC,12,1591.6804810543817
30,f10_levy,GA-MPC,13,725.599362733421
30,f10_levy,GA-MPC,14,398.51097660541706
30,f10_levy,GA-MPC,15,225.5731761645895
30,f10_levy,GA-MPC,16,1471.9001932243211
30,f10_levy,GA-MPC,17,944.450996888586
30,f10_levy,GA-MPC,18,63.598909293716
30,f10_levy,GA-MPC,19,54.61524320682741
30,f10_levy,GWO,0,1018.1368561412316
30,f10_levy,GWO,1,373.57291659707755
30,f10_levy,GWO,2,657.0124722423652
30,f10_levy,GWO,3,473.6393342212424
30,f10_levy,GWO,4,904.5245600623674
30,f10_levy,GWO,5,159.87392524113605
30,f10_levy,GWO,6,181.7012578196438
30,f10_levy,GWO,7,318.4956577500736
30,f10_levy,GWO,8,279.2524306759666
30,f10_levy,GWO,9,491.67583232230675
30,f10_levy,GWO,10,986.1103884739048
30,f10_levy,GWO,11,85.85146299449363
30,f10_levy,GWO,12,276.4427193950125
30,f10_levy,GWO,13,1110.8700975890952
30,f10_levy,GWO,14,671.5958819754712
30,f10_levy,GWO,15,538.1316042504337
30,f10_levy,GWO,16,924.6005810438598
30,f10_levy,GWO,17,903.0279632768661
30,f10_levy,GWO,18,1015.4054332436777
30,f10_levy,GWO,19,490.4320944677264
30,f10_levy,SHADE,0,3.1735644367509668
30,f10_levy,SHADE,1,0.6333816805410895
30,f10_levy,SHADE,2,0.1790761219096724
30,f10_levy,SHADE,3,0.00033134166293675516
30,f10_levy,SHADE,4,5.5434655125864545
30,f10_levy,SHADE,5,0.4543348656324708
30,f10_levy,SHADE,6,4.359940151221032
30,f10_levy,SHADE,7,2.7259444105302304
30,f10_levy,SHADE,8,0.9086549141427883
30,f10_levy,SHADE,9,4.632726329381073
30,f10_levy,SHADE,10,0.4546312170834615
30,f10_levy,SHADE,11,10.552882609929735
30,f10_levy,SHADE,12,9.177667509117283
30,f10_levy,SHADE,13,2.725944131455098
30,f10_levy,SHADE,14,5.998158599657071
30,f10_levy,SHADE,15,1.5420290868049407
30,f10_levy,SHADE,16,0.08953030350657341
30,f10_levy,SHADE,17,1.6315568648798775
30,f10_levy,SHADE,18,10.178682105377002
30,f10_levy,SHADE,19,5.305060322705664
30,f10_levy,CSA,0,7515.869769375468
30,f10_levy,CSA,1,7898.026389972674
30,f10_levy,CSA,2,10801.9751604881
30,f10_levy,CSA,3,8420.549498995731
30,f10_levy,CSA,4,11441.237893691492
30,f10_levy,CSA,5,12372.236591131677
30,f10_levy,CSA,6,10752.374244990971
30,f10_levy,CSA,7,8371.257610328541
30,f10_levy,CSA,8,18226.70018422603
30,f10_levy,CSA,9,6863.089469929625
30,f10_levy,CSA,10,4212.092090779755
30,f10_levy,CSA,11,6131.335293062342
30,f10_levy,CSA,12,15687.343648959624
30,f10_levy,CSA,13,11998.703845646942
30,f10_levy,CSA,14,5418.722382543674
30,f10_levy,CSA,15,9680.8957519297
30,f10_levy,CSA,16,12734.200008951017
30,f10_levy,CSA,17,10197.292554096724
30,f10_levy,CSA,18,21273.847863777126
30,f10_levy,CSA,19,15878.213054276019
30,f11_schwefel_2_26,Original PSO,0,10773.235689387207
30,f11_schwefel_2_26,Original PSO,1,10424.178718378203
30,f11_schwefel_2_26,Original PSO,2,10458.593700647727
30,f11_schwefel_2_26,Original PSO,3,10467.647073790125
30,f11_schwefel_2_26,Original PSO,4,10561.81224078223
30,f11_schwefel_2_26,Original PSO,5,10671.655810245831
30,f11_schwefel_2_26,Original PSO,6,10781.557305754359
30,f11_schwefel_2_26,Original PSO,7,10682.828292768238
30,f11_schwefel_2_26,Original PSO,8,10657.218416306516
30,f11_schwefel_2_26,Original PSO,9,10729.223481200024
30,f11_schwefel_2_26,Original PSO,10,10708.733665081432
30,f11_schwefel_2_26,Original PSO,11,10524.017006042444
30,f11_schwefel_2_26,Original PSO,12,10541.670586344702
30,f11_schwefel_2_26,Original PSO,13,10672.914238321084
30,f11_schwefel_2_26,Original PSO,14,10616.827882032918
30,f11_schwefel_2_26,Original PSO,15,10475.525344113357
30,f11_schwefel_2_26,Original PSO,16,11027.040617485514
30,f11_schwefel_2_26,Original PSO,17,10830.364340544642
30,f11_schwefel_2_26,Original PSO,18,10567.705449613532
30,f11_schwefel_2_26,Original PSO,19,10592.631523585505
30,f11_schwefel_2_26,PSO-m,0,10286.394923663885
30,f11_schwefel_2_26,PSO-m,1,10155.466581908135
30,f11_schwefel_2_26,PSO-m,2,10390.569536954914
30,f11_schwefel_2_26,PSO-m,3,10284.34981873157
30,f11_schwefel_2_26,PSO-m,4,10144.739575056294
30,f11_schwefel_2_26,PSO-m,5,10701.920353955054
30,f11_schwefel_2_26,PSO-m,6,10512.50894768052
30,f11_schwefel_2_26,PSO-m,7,10420.833525007027
30,f11_schwefel_2_26,PSO-m,8,10322.349593010593
30,f11_schwefel_2_26,PSO-m,9,10295.44244998138
30,f11_schwefel_2_26,PSO-m,10,10268.03058489845
30,f11_schwefel_2_26,PSO-m,11,10740.030064410246
30,f11_schwefel_2_26,PSO-m,12,10278.185770085795
30,f11_schwefel_2_26,PSO-m,13,9921.107432563387
30,f11_schwefel_2_26,PSO-m,14,10414.511941710476
30,f11_schwefel_2_26,PSO-m,15,10564.799504592525
30,f11_schwefel_2_26,PSO-m,16,10170.987001323065
30,f11_schwefel_2_26,PSO-m,17,10425.138599712644
30,f11_schwefel_2_26,PSO-m,18,10542.501236441338
30,f11_schwefel_2_26,PSO-m,19,10276.412189832023
30,f11_schwefel_2_26,PSO-RIW,0,10632.281581276038
30,f11_schwefel_2_26,PSO-RIW,1,10649.780009106245
30,f11_schwefel_2_26,PSO-RIW,2,10322.40928928518
30,f11_schwefel_2_26,PSO-RIW,3,10537.41319673726
30,f11_schwefel_2_26,PSO-RIW,4,10680.936800918156
30,f11_schwefel_2_26,PSO-RIW,5,10779.814283960906
30,f11_schwefel_2_26,PSO-RIW,6,10639.167771887112
30,f11_schwefel_2_26,PSO-RIW,7,10872.068464901206
30,f11_schwefel_2_26,PSO-RIW,8,10779.965036384676
30,f11_schwefel_2_26,PSO-RIW,9,10753.317827019078
30,f11_schwefel_2_26,PSO-RIW,10,10619.664641286548
30,f11_schwefel_2_26,PSO-RIW,11,9968.579103650802
30,f11_schwefel_2_26,PSO-RIW,12,10884.793816322745
30,f11_schwefel_2_26,PSO-RIW,13,10746.668026017656
30,f11_schwefel_2_26,PSO-RIW,14,10775.545354107919
30,f11_schwefel_2_26,PSO-RIW,15,10881.452501296702
30,f11_schwefel_2_26,PSO-RIW,16,10684.436255539122
30,f11_schwefel_2_26,PSO-RIW,17,10382.267824389728
30,f11_schwefel_2_26,PSO-RIW,18,10383.440864960576
30,f11_schwefel_2_26,PSO-RIW,19,10652.31930913765
30,f11_schwefel_2_26,HPPSO_Modified,0,10799.775010539819
30,f11_schwefel_2_26,HPPSO_Modified,1,10273.05286010732
30,f11_schwefel_2_26,HPPSO_Modified,2,10793.403554702832
30,f11_schwefel_2_26,HPPSO_Modified,3,10755.066028215031
30,f11_schwefel_2_26,HPPSO_Modified,4,10703.517013177108
30,f11_schwefel_2_26,HPPSO_Modified,5,10612.127055771287
30,f11_schwefel_2_26,HPPSO_Modified,6,11018.207955511782
30,f11_schwefel_2_26,HPPSO_Modified,7,10887.550170201168
30,f11_schwefel_2_26,HPPSO_Modified,8,10629.080977222107
30,f11_schwefel_2_26,HPPSO_Modified,9,10389.049151156594
30,f11_schwefel_2_26,HPPSO_Modified,10,10975.418395041224
30,f11_schwefel_2_26,HPPSO_Modified,11,10707.459128324967
30,f11_schwefel_2_26,HPPSO_Modified,12,10312.452307030808
30,f11_schwefel_2_26,HPPSO_Modified,13,10930.928485356988
30,f11_schwefel_2_26,HPPSO_Modified,14,11092.450883028176
30,f11_schwefel_2_26,HPPSO_Modified,15,10794.679157021801
30,f11_schwefel_2_26,HPPSO_Modified,16,10483.510883752919
30,f11_schwefel_2_26,HPPSO_Modified,17,10418.38930830566
30,f11_schwefel_2_26,HPPSO_Modified,18,11115.137855503632
30,f11_schwefel_2_26,HPPSO_Modified,19,11050.581985499568
30,f11_schwefel_2_26,GA-MPC,0,10082.167857282097
30,f11_schwefel_2_26,GA-MPC,1,9986.58434303827
30,f11_schwefel_2_26,GA-MPC,2,10279.529142261184
30,f11_schwefel_2_26,GA-MPC,3,9887.619756045102
30,f11_schwefel_2_26,GA-MPC,4,9972.62584088064
30,f11_schwefel_2_26,GA-MPC,5,9944.965531245127
30,f11_schwefel_2_26,GA-MPC,6,10097.12840653369
30,f11_schwefel_2_26,GA-MPC,7,9949.358740273961
30,f11_schwefel_2_26,GA-MPC,8,10085.144358874993
30,f11_schwefel_2_26,GA-MPC,9,10197.696049666583
30,f11_schwefel_2_26,GA-MPC,10,9923.339171689442
30,f11_schwefel_2_26,GA-MPC,11,9960.09088399725
30,f11_schwefel_2_26,GA-MPC,12,9826.989289855286
30,f11_schwefel_2_26,GA-MPC,13,9967.901607480842
30,f11_schwefel_2_26,GA-MPC,14,10010.141293697834
30,f11_schwefel_2_26,GA-MPC,15,10158.477268083974
30,f11_schwefel_2_26,GA-MPC,16,9880.445934170151
30,f11_schwefel_2_26,GA-MPC,17,10009.779657128734
30,f11_schwefel_2_26,GA-MPC,18,9862.2735397799
30,f11_schwefel_2_26,GA-MPC,19,10185.658602613688
30,f11_schwefel_2_26,GWO,0,10409.497345586353
30,f11_schwefel_2_26,GWO,1,10518.446893267337
30,f11_schwefel_2_26,GWO,2,10155.595227624386
30,f11_schwefel_2_26,GWO,3,10180.316098124242
30,f11_schwefel_2_26,GWO,4,10431.084629124189
30,f11_schwefel_2_26,GWO,5,10284.009496669383
30,f11_schwefel_2_26,GWO,6,10511.702695698626
30,f11_schwefel_2_26,GWO,7,10230.445189591675
30,f11_schwefel_2_26,GWO,8,10256.655787214728
30,f11_schwefel_2_26,GWO,9,10578.846015074778
30,f11_schwefel_2_26,GWO,10,10281.987795591249
30,f11_schwefel_2_26,GWO,11,10213.742116105781
30,f11_schwefel_2_26,GWO,12,10329.540705098849
30,f11_schwefel_2_26,GWO,13,10453.417832206098
30,f11_schwefel_2_26,GWO,14,10067.20307512729
30,f11_schwefel_2_26,GWO,15,10484.194199485955
30,f11_schwefel_2_26,GWO,16,10291.977927468435
30,f11_schwefel_2_26,GWO,17,10051.67837087642
30,f11_schwefel_2_26,GWO,18,10475.882207650968
30,f11_schwefel_2_26,GWO,19,10193.32889385867
30,f11_schwefel_2_26,SHADE,0,9931.268719566413
30,f11_schwefel_2_26,SHADE,1,10190.078244036107
30,f11_schwefel_2_26,SHADE,2,9926.655838572733
30,f11_schwefel_2_26,SHADE,3,9656.069867326996
30,f11_schwefel_2_26,SHADE,4,9771.51881043459
30,f11_schwefel_2_26,SHADE,5,9875.873699763928
30,f11_schwefel_2_26,SHADE,6,9726.232593718567
30,f11_schwefel_2_26,SHADE,7,9860.537822789773
30,f11_schwefel_2_26,SHADE,8,10018.613537738107
30,f11_schwefel_2_26,SHADE,9,9752.164204877798
30,f11_schwefel_2_26,SHADE,10,10111.189969813
30,f11_schwefel_2_26,SHADE,11,9945.637714636716
30,f11_schwefel_2_26,SHADE,12,10027.013095990984
30,f11_schwefel_2_26,SHADE,13,9958.464639959724
30,f11_schwefel_2_26,SHADE,14,10236.384828899789
30,f11_schwefel_2_26,SHADE,15,9914.74431519525
30,f11_schwefel_2_26,SHADE,16,10110.016634659281
30,f11_schwefel_2_26,SHADE,17,9922.687858496869
30,f11_schwefel_2_26,SHADE,18,9806.892759943423
30,f11_schwefel_2_26,SHADE,19,9984.454121744937
30,f11_schwefel_2_26,CSA,0,11405.631319486562
30,f11_schwefel_2_26,CSA,1,11049.145056674432
30,f11_schwefel_2_26,CSA,2,11307.354119419142
30,f11_schwefel_2_26,CSA,3,11486.648522889494
30,f11_schwefel_2_26,CSA,4,11051.660904346867
30,f11_schwefel_2_26,CSA,5,10955.745271918138
30,f11_schwefel_2_26,CSA,6,11610.854487945497
30,f11_schwefel_2_26,CSA,7,11742.970529607031
30,f11_schwefel_2_26,CSA,8,11018.19897386618
30,f11_schwefel_2_26,CSA,9,10994.699121714537
30,f11_schwefel_2_26,CSA,10,11519.123427468254
30,f11_schwefel_2_26,CSA,11,10850.94871641469
30,f11_schwefel_2_26,CSA,12,11180.391547451618
30,f11_schwefel_2_26,CSA,13,11451.452240253258
30,f11_schwefel_2_26,CSA,14,11873.6663157063
30,f11_schwefel_2_26,CSA,15,11406.7987967894
30,f11_schwefel_2_26,CSA,16,11071.214288704323
30,f11_schwefel_2_26,CSA,17,10834.56356667189
30,f11_schwefel_2_26,CSA,18,11037.79880709478
30,f11_schwefel_2_26,CSA,19,10976.217682421375
30,f12_styblinski_tang,Original PSO,0,11926338.656092783
30,f12_styblinski_tang,Original PSO,1,92144.51223996517
30,f12_styblinski_tang,Original PSO,2,31533339.17086819
30,f12_styblinski_tang,Original PSO,3,79379600.52656028
30,f12_styblinski_tang,Original PSO,4,2167304.635699933
30,f12_styblinski_tang,Original PSO,5,12425178.00618465
30,f12_styblinski_tang,Original PSO,6,1594417.543455903
30,f12_styblinski_tang,Original PSO,7,36733117.026147
30,f12_styblinski_tang,Original PSO,8,29182519.896934018
30,f12_styblinski_tang,Original PSO,9,25059938.06249672
30,f12_styblinski_tang,Original PSO,10,719029.198293645
30,f12_styblinski_tang,Original PSO,11,52788973.86438027
30,f12_styblinski_tang,Original PSO,12,5040394.051608489
30,f12_styblinski_tang,Original PSO,13,18877839.824842405
30,f12_styblinski_tang,Original PSO,14,2082595.1840738563
30,f12_styblinski_tang,Original PSO,15,25606702.23965405
30,f12_styblinski_tang,Original PSO,16,9964763.372492408
30,f12_styblinski_tang,Original PSO,17,9629650.585570857
30,f12_styblinski_tang,Original PSO,18,3882112.3661518465
30,f12_styblinski_tang,Original PSO,19,5944149.327764805
30,f12_styblinski_tang,PSO-m,0,50507.14976594861
30,f12_styblinski_tang,PSO-m,1,206487.02671059928
30,f12_styblinski_tang,PSO-m,2,346781.40913729713
30,f12_styblinski_tang,PSO-m,3,84125.50510770835
30,f12_styblinski_tang,PSO-m,4,-1029.1076346740338
30,f12_styblinski_tang,PSO-m,5,206515.19171744894
30,f12_styblinski_tang,PSO-m,6,92297.53174102146
30,f12_styblinski_tang,PSO-m,7,-973.603715440324
30,f12_styblinski_tang,PSO-m,8,155167.1445023791
30,f12_styblinski_tang,PSO-m,9,614699.6655191825
30,f12_styblinski_tang,PSO-m,10,803994.6914436108
30,f12_styblinski_tang,PSO-m,11,347301.6085622133
30,f12_styblinski_tang,PSO-m,12,206629.38457466214
30,f12_styblinski_tang,PSO-m,13,83982.93091498336
30,f12_styblinski_tang,PSO-m,14,563120.931781533
30,f12_styblinski_tang,PSO-m,15,719005.2280892923
30,f12_styblinski_tang,PSO-m,16,40799.05866462924
30,f12_styblinski_tang,PSO-m,17,135650.26229414556
30,f12_styblinski_tang,PSO-m,18,196731.7335787139
30,f12_styblinski_tang,PSO-m,19,155197.8780923931
30,f12_styblinski_tang,PSO-RIW,0,2053105.6728220754
30,f12_styblinski_tang,PSO-RIW,1,10395828.89175219
30,f12_styblinski_tang,PSO-RIW,2,18488414.42954784
30,f12_styblinski_tang,PSO-RIW,3,5971375.174142778
30,f12_styblinski_tang,PSO-RIW,4,19954688.055181414
30,f12_styblinski_tang,PSO-RIW,5,3403761.1196328695
30,f12_styblinski_tang,PSO-RIW,6,469980.490162917
30,f12_styblinski_tang,PSO-RIW,7,11476578.335036792
30,f12_styblinski_tang,PSO-RIW,8,4032933.2892437656
30,f12_styblinski_tang,PSO-RIW,9,767669.6459180983
30,f12_styblinski_tang,PSO-RIW,10,9065942.175873151
30,f12_styblinski_tang,PSO-RIW,11,8207907.752723487
30,f12_styblinski_tang,PSO-RIW,12,15507219.611229697
30,f12_styblinski_tang,PSO-RIW,13,20965152.289135482
30,f12_styblinski_tang,PSO-RIW,14,2695313.2132227747
30,f12_styblinski_tang,PSO-RIW,15,25336870.755607195
30,f12_styblinski_tang,PSO-RIW,16,3304592.5605396526
30,f12_styblinski_tang,PSO-RIW,17,18529186.820775162
30,f12_styblinski_tang,PSO-RIW,18,34456379.17069599
30,f12_styblinski_tang,PSO-RIW,19,614668.9206711253
30,f12_styblinski_tang,HPPSO_Modified,0,-1084.207589646633
30,f12_styblinski_tang,HPPSO_Modified,1,-1000.6334939840146
30,f12_styblinski_tang,HPPSO_Modified,2,-1059.6730776954457
30,f12_styblinski_tang,HPPSO_Modified,3,-1001.74381365537
30,f12_styblinski_tang,HPPSO_Modified,4,-1041.5128869274954
30,f12_styblinski_tang,HPPSO_Modified,5,-1101.331843522384
30,f12_styblinski_tang,HPPSO_Modified,6,-1043.0323077213864
30,f12_styblinski_tang,HPPSO_Modified,7,-1014.3838907517629
30,f12_styblinski_tang,HPPSO_Modified,8,-1028.8637714539561
30,f12_styblinski_tang,HPPSO_Modified,9,-989.8932190902863
30,f12_styblinski_tang,HPPSO_Modified,10,-1013.4390631639449
30,f12_styblinski_tang,HPPSO_Modified,11,-1063.8855300832126
30,f12_styblinski_tang,HPPSO_Modified,12,-1017.2015799659816
30,f12_styblinski_tang,HPPSO_Modified,13,-1041.8870337369792
30,f12_styblinski_tang,HPPSO_Modified,14,-1058.5118338108382
30,f12_styblinski_tang,HPPSO_Modified,15,-1031.0845966687898
30,f12_styblinski_tang,HPPSO_Modified,16,-1146.3015870857869
30,f12_styblinski_tang,HPPSO_Modified,17,-994.5429649320566
30,f12_styblinski_tang,HPPSO_Modified,18,-1003.6510185253978
30,f12_styblinski_tang,HPPSO_Modified,19,-1040.9848519606603
30,f12_styblinski_tang,GA-MPC,0,809368.1996922467
30,f12_styblinski_tang,GA-MPC,1,1100258.7445127543
30,f12_styblinski_tang,GA-MPC,2,113589.51507421731
30,f12_styblinski_tang,GA-MPC,3,203767.89277114123
30,f12_styblinski_tang,GA-MPC,4,-164.45061909127094
30,f12_styblinski_tang,GA-MPC,5,193042.6699464901
30,f12_styblinski_tang,GA-MPC,6,169310.95117077092
30,f12_styblinski_tang,GA-MPC,7,1801640.2014323783
30,f12_styblinski_tang,GA-MPC,8,82694.57626878654
30,f12_styblinski_tang,GA-MPC,9,2935939.8301394763
30,f12_styblinski_tang,GA-MPC,10,1211.6546005223959
30,f12_styblinski_tang,GA-MPC,11,39214.64177537133
30,f12_styblinski_tang,GA-MPC,12,1917376.053071461
30,f12_styblinski_tang,GA-MPC,13,448724.00747373054
30,f12_styblinski_tang,GA-MPC,14,-547.0712576255079
30,f12_styblinski_tang,GA-MPC,15,149512.25091744735
30,f12_styblinski_tang,GA-MPC,16,4006.688087632623
30,f12_styblinski_tang,GA-MPC,17,109513.07721330818
30,f12_styblinski_tang,GA-MPC,18,237795.26961522023
30,f12_styblinski_tang,GA-MPC,19,2055152.196105729
30,f12_styblinski_tang,GWO,0,43035.5933996204
30,f12_styblinski_tang,GWO,1,143803.73049510934
30,f12_styblinski_tang,GWO,2,280404.6363540091
30,f12_styblinski_tang,GWO,3,224400.46062756717
30,f12_styblinski_tang,GWO,4,144544.95301122993
30,f12_styblinski_tang,GWO,5,589733.6042631736
30,f12_styblinski_tang,GWO,6,209323.09318570892
30,f12_styblinski_tang,GWO,7,334614.02095995104
30,f12_styblinski_tang,GWO,8,553230.2837763386
30,f12_styblinski_tang,GWO,9,157522.79521432208
30,f12_styblinski_tang,GWO,10,177303.39414078844
30,f12_styblinski_tang,GWO,11,243670.99081632402
30,f12_styblinski_tang,GWO,12,82277.74760303985
30,f12_styblinski_tang,GWO,13,184997.79625233894
30,f12_styblinski_tang,GWO,14,26535.491719326714
30,f12_styblinski_tang,GWO,15,27212.405895969525
30,f12_styblinski_tang,GWO,16,133429.4556489709
30,f12_styblinski_tang,GWO,17,170842.89526920297
30,f12_styblinski_tang,GWO,18,47071.709388291005
30,f12_styblinski_tang,GWO,19,1009327.3455820086
30,f12_styblinski_tang,SHADE,0,-934.6607468305474
30,f12_styblinski_tang,SHADE,1,-1005.3443411197512
30,f12_styblinski_tang,SHADE,2,-991.2076233613994
30,f12_styblinski_tang,SHADE,3,-962.934185366309
30,f12_styblinski_tang,SHADE,4,-1019.4810613104834
30,f12_styblinski_tang,SHADE,5,-991.2076233680174
30,f12_styblinski_tang,SHADE,6,-1019.4810577985301
30,f12_styblinski_tang,SHADE,7,-948.7974662363321
30,f12_styblinski_tang,SHADE,8,-991.2076198544751
30,f12_styblinski_tang,SHADE,9,-1061.8912182927888
30,f12_styblinski_tang,SHADE,10,-977.0709008918687
30,f12_styblinski_tang,SHADE,11,-977.0709030930209
30,f12_styblinski_tang,SHADE,12,-962.9341833947188
30,f12_styblinski_tang,SHADE,13,-962.9341696935936
30,f12_styblinski_tang,SHADE,14,-962.9341849251018
30,f12_styblinski_tang,SHADE,15,-1005.344341544209
30,f12_styblinski_tang,SHADE,16,-948.7974662368547
30,f12_styblinski_tang,SHADE,17,-1033.6177794988437
30,f12_styblinski_tang,SHADE,18,-991.2076229165799
30,f12_styblinski_tang,SHADE,19,-1019.4810612313067
30,f12_styblinski_tang,CSA,0,11933459.751718242
30,f12_styblinski_tang,CSA,1,6516895.4375106115
30,f12_styblinski_tang,CSA,2,66646193.42608174
30,f12_styblinski_tang,CSA,3,30016500.74719785
30,f12_styblinski_tang,CSA,4,258055432.4649978
30,f12_styblinski_tang,CSA,5,135180447.5310482
30,f12_styblinski_tang,CSA,6,48830291.34001663
30,f12_styblinski_tang,CSA,7,173664329.3790466
30,f12_styblinski_tang,CSA,8,10453246.40797636
30,f12_styblinski_tang,CSA,9,3733216.3322713873
30,f12_styblinski_tang,CSA,10,9714063.157036992
30,f12_styblinski_tang,CSA,11,71194219.99499846
30,f12_styblinski_tang,CSA,12,89032340.21690787
30,f12_styblinski_tang,CSA,13,4570059.378929559
30,f12_styblinski_tang,CSA,14,13087309.639782669
30,f12_styblinski_tang,CSA,15,6489347.894077088
30,f12_styblinski_tang,CSA,16,66856704.13887491
30,f12_styblinski_tang,CSA,17,46791405.38070065
30,f12_styblinski_tang,CSA,18,33885389.67283803
30,f12_styblinski_tang,CSA,19,1785165.1512868626
30,f13_michalewicz,Original PSO,0,-8.142670078654664
30,f13_michalewicz,Original PSO,1,-6.534975770095033
30,f13_michalewicz,Original PSO,2,-8.7587099911733
30,f13_michalewicz,Original PSO,3,-13.068418142918805
30,f13_michalewicz,Original PSO,4,-14.016787890989008
30,f13_michalewicz,Original PSO,5,-6.375972016799962
30,f13_michalewicz,Original PSO,6,-7.764035858261345
30,f13_michalewicz,Original PSO,7,-6.69030098784957
30,f13_michalewicz,Original PSO,8,-7.802932361567029
30,f13_michalewicz,Original PSO,9,-7.822065135356516
30,f13_michalewicz,Original PSO,10,-7.229964979887185
30,f13_michalewicz,Original PSO,11,-8.075029035063272
30,f13_michalewicz,Original PSO,12,-9.279700826578209
30,f13_michalewicz,Original PSO,13,-8.24847313170655
30,f13_michalewicz,Original PSO,14,-10.171723256480531
30,f13_michalewicz,Original PSO,15,-9.64036988161328
30,f13_michalewicz,Original PSO,16,-8.60103702677569
30,f13_michalewicz,Original PSO,17,-9.813345085773905
30,f13_michalewicz,Original PSO,18,-8.974030788555861
30,f13_michalewicz,Original PSO,19,-9.425373584360116
30,f13_michalewicz,PSO-m,0,-7.218975553125195
30,f13_michalewicz,PSO-m,1,-6.461627992087008
30,f13_michalewicz,PSO-m,2,-6.644367335485094
30,f13_michalewicz,PSO-m,3,-6.27702556517915
30,f13_michalewicz,PSO-m,4,-7.574915313254685
30,f13_michalewicz,PSO-m,5,-9.732345629874061
30,f13_michalewicz,PSO-m,6,-7.080866961440404
30,f13_michalewicz,PSO-m,7,-5.620449056781995
30,f13_michalewicz,PSO-m,8,-6.866226727286601
30,f13_michalewicz,PSO-m,9,-7.51712796611056
30,f13_michalewicz,PSO-m,10,-7.7719447640486985
30,f13_michalewicz,PSO-m,11,-5.860071016216913
30,f13_michalewicz,PSO-m,12,-5.845788079471228
30,f13_michalewicz,PSO-m,13,-6.649858536393068
30,f13_michalewicz,PSO-m,14,-5.967258649742834
30,f13_michalewicz,PSO-m,15,-7.05806645105034
30,f13_michalewicz,PSO-m,16,-6.763060416679672
30,f13_michalewicz,PSO-m,17,-5.700743707538336
30,f13_michalewicz,PSO-m,18,-7.971987772338812
30,f13_michalewicz,PSO-m,19,-6.062142603932636
30,f13_michalewicz,PSO-RIW,0,-8.532596115401653
30,f13_michalewicz,PSO-RIW,1,-11.035142555165057
30,f13_michalewicz,PSO-RIW,2,-10.056695230406707
30,f13_michalewicz,PSO-RIW,3,-10.838237930588482
30,f13_michalewicz,PSO-RIW,4,-7.911368474427734
30,f13_michalewicz,PSO-RIW,5,-7.721660400460448
30,f13_michalewicz,PSO-RIW,6,-8.19840007838757
30,f13_michalewicz,PSO-RIW,7,-7.546578993928735
30,f13_michalewicz,PSO-RIW,8,-9.575257478082866
30,f13_michalewicz,PSO-RIW,9,-5.602482575756703
30,f13_michalewicz,PSO-RIW,10,-8.21425131361151
30,f13_michalewicz,PSO-RIW,11,-11.002728052790046
30,f13_michalewicz,PSO-RIW,12,-9.004713886102255
30,f13_michalewicz,PSO-RIW,13,-9.795562058732632
30,f13_michalewicz,PSO-RIW,14,-10.33197375444593
30,f13_michalewicz,PSO-RIW,15,-10.542346150699816
30,f13_michalewicz,PSO-RIW,16,-6.260205137021228
30,f13_michalewicz,PSO-RIW,17,-8.07053235627956
30,f13_michalewicz,PSO-RIW,18,-8.633731931769205
30,f13_michalewicz,PSO-RIW,19,-8.957603567377435
30,f13_michalewicz,HPPSO_Modified,0,-7.12935978875608
30,f13_michalewicz,HPPSO_Modified,1,-6.138241630178725
30,f13_michalewicz,HPPSO_Modified,2,-8.772944635565151
30,f13_michalewicz,HPPSO_Modified,3,-8.741497263827409
30,f13_michalewicz,HPPSO_Modified,4,-9.713012821245076
30,f13_michalewicz,HPPSO_Modified,5,-7.796348439944177
30,f13_michalewicz,HPPSO_Modified,6,-5.671086175743418
30,f13_michalewicz,HPPSO_Modified,7,-7.703914257025816
30,f13_michalewicz,HPPSO_Modified,8,-8.597206455514444
30,f13_michalewicz,HPPSO_Modified,9,-5.698781002943565
30,f13_michalewicz,HPPSO_Modified,10,-10.916914538244129
30,f13_michalewicz,HPPSO_Modified,11,-7.507280011730527
30,f13_michalewicz,HPPSO_Modified,12,-9.328665527984557
30,f13_michalewicz,HPPSO_Modified,13,-10.943657546156789
30,f13_michalewicz,HPPSO_Modified,14,-8.743777595242534
30,f13_michalewicz,HPPSO_Modified,15,-5.189234117172515
30,f13_michalewicz,HPPSO_Modified,16,-6.438595084777754
30,f13_michalewicz,HPPSO_Modified,17,-7.47537349215134
30,f13_michalewicz,HPPSO_Modified,18,-7.2333582047530545
30,f13_michalewicz,HPPSO_Modified,19,-8.918436412606452
30,f13_michalewicz,GA-MPC,0,-21.031135361560775
30,f13_michalewicz,GA-MPC,1,-17.26637350926658
30,f13_michalewicz,GA-MPC,2,-18.458223720011418
30,f13_michalewicz,GA-MPC,3,-17.42710024324412
30,f13_michalewicz,GA-MPC,4,-17.75542330462946
30,f13_michalewicz,GA-MPC,5,-16.30063009983642
30,f13_michalewicz,GA-MPC,6,-21.162007574077226
30,f13_michalewicz,GA-MPC,7,-21.42355522293595
30,f13_michalewicz,GA-MPC,8,-19.419456207502776
30,f13_michalewicz,GA-MPC,9,-19.089192900520487
30,f13_michalewicz,GA-MPC,10,-18.45847432818565
30,f13_michalewicz,GA-MPC,11,-20.367909348585542
30,f13_michalewicz,GA-MPC,12,-15.856299968646205
30,f13_michalewicz,GA-MPC,13,-20.08029184276329
30,f13_michalewicz,GA-MPC,14,-21.411626306086212
30,f13_michalewicz,GA-MPC,15,-20.767042796398158
30,f13_michalewicz,GA-MPC,16,-15.305949037139598
30,f13_michalewicz,GA-MPC,17,-18.027390690831577
30,f13_michalewicz,GA-MPC,18,-19.380467718683605
30,f13_michalewicz,GA-MPC,19,-20.683448860198997
30,f13_michalewicz,GWO,0,-5.678592769400254
30,f13_michalewicz,GWO,1,-5.436266396407161
30,f13_michalewicz,GWO,2,-5.672935475797281
30,f13_michalewicz,GWO,3,-5.853977746159307
30,f13_michalewicz,GWO,4,-5.596926018897636
30,f13_michalewicz,GWO,5,-5.43225812698818
30,f13_michalewicz,GWO,6,-6.120765076530678
30,f13_michalewicz,GWO,7,-5.955773744621233
30,f13_michalewicz,GWO,8,-5.288023793085003
30,f13_michalewicz,GWO,9,-5.722595826215233
30,f13_michalewicz,GWO,10,-5.0497065866811335
30,f13_michalewicz,GWO,11,-6.336744887862435
30,f13_michalewicz,GWO,12,-6.080367003942823
30,f13_michalewicz,GWO,13,-6.170739658429504
30,f13_michalewicz,GWO,14,-6.062690708879008
30,f13_michalewicz,GWO,15,-6.686377387423511
30,f13_michalewicz,GWO,16,-6.8892701717368245
30,f13_michalewicz,GWO,17,-6.46945374017867
30,f13_michalewicz,GWO,18,-7.694947262397147
30,f13_michalewicz,GWO,19,-6.274768378018796
30,f13_michalewicz,SHADE,0,-19.27349770777212
30,f13_michalewicz,SHADE,1,-18.34067731984062
30,f13_michalewicz,SHADE,2,-18.930702320130226
30,f13_michalewicz,SHADE,3,-18.080638043004004
30,f13_michalewicz,SHADE,4,-20.696743658541216
30,f13_michalewicz,SHADE,5,-21.7190079977006
30,f13_michalewicz,SHADE,6,-19.866057395897293
30,f13_michalewicz,SHADE,7,-20.373378052880085
30,f13_michalewicz,SHADE,8,-20.001997146879354
30,f13_michalewicz,SHADE,9,-19.384914865602386
30,f13_michalewicz,SHADE,10,-20.398708869025416
30,f13_michalewicz,SHADE,11,-19.754552398690105
30,f13_michalewicz,SHADE,12,-18.535007860756803
30,f13_michalewicz,SHADE,13,-18.657604336927335
30,f13_michalewicz,SHADE,14,-20.863716561978265
30,f13_michalewicz,SHADE,15,-19.288676610985583
30,f13_michalewicz,SHADE,16,-18.510880095784774
30,f13_michalewicz,SHADE,17,-20.57366905701635
30,f13_michalewicz,SHADE,18,-19.593613169918605
30,f13_michalewicz,SHADE,19,-17.44534135392385
30,f13_michalewicz,CSA,0,-4.728269535347906
30,f13_michalewicz,CSA,1,-9.033997964444044
30,f13_michalewicz,CSA,2,-8.182657736078815
30,f13_michalewicz,CSA,3,-10.413857289467675
30,f13_michalewicz,CSA,4,-4.899196208251413
30,f13_michalewicz,CSA,5,-8.428786901338642
30,f13_michalewicz,CSA,6,-11.619783267800505
30,f13_michalewicz,CSA,7,-9.701736878760878
30,f13_michalewicz,CSA,8,-8.60971300557646
30,f13_michalewicz,CSA,9,-14.218520311233144
30,f13_michalewicz,CSA,10,-7.523795177778833
30,f13_michalewicz,CSA,11,-10.03100969171357
30,f13_michalewicz,CSA,12,-7.1324024871851375
30,f13_michalewicz,CSA,13,-9.663579542021104
30,f13_michalewicz,CSA,14,-9.474259570973905
30,f13_michalewicz,CSA,15,-8.791224886419224
30,f13_michalewicz,CSA,16,-5.6924225249263865
30,f13_michalewicz,CSA,17,-9.510632782277025
30,f13_michalewicz,CSA,18,-11.219454773542518
30,f13_michalewicz,CSA,19,-7.183888172119838
30,f14_alpine_1,Original PSO,0,17.73963525236441
30,f14_alpine_1,Original PSO,1,65.24763887770489
30,f14_alpine_1,Original PSO,2,27.059812082981388
30,f14_alpine_1,Original PSO,3,12.332637236652078
30,f14_alpine_1,Original PSO,4,100.19831458845442
30,f14_alpine_1,Original PSO,5,16.690916644350366
30,f14_alpine_1,Original PSO,6,67.79984255405209
30,f14_alpine_1,Original PSO,7,73.57003202441419
30,f14_alpine_1,Original PSO,8,53.821802503506646
30,f14_alpine_1,Original PSO,9,37.87920572962101
30,f14_alpine_1,Original PSO,10,176.21478213870202
30,f14_alpine_1,Original PSO,11,72.61542105295472
30,f14_alpine_1,Original PSO,12,138.9896855305178
30,f14_alpine_1,Original PSO,13,29.94461820371095
30,f14_alpine_1,Original PSO,14,85.91085727284388
30,f14_alpine_1,Original PSO,15,71.67280077592045
30,f14_alpine_1,Original PSO,16,53.76584411026689
30,f14_alpine_1,Original PSO,17,89.73449870380861
30,f14_alpine_1,Original PSO,18,108.97386463829093
30,f14_alpine_1,Original PSO,19,42.81419414349291
30,f14_alpine_1,PSO-m,0,307.21277722632715
30,f14_alpine_1,PSO-m,1,80.06842397769334
30,f14_alpine_1,PSO-m,2,72.19741687529715
30,f14_alpine_1,PSO-m,3,111.28626066357671
30,f14_alpine_1,PSO-m,4,216.44684738348494
30,f14_alpine_1,PSO-m,5,149.45369496721497
30,f14_alpine_1,PSO-m,6,329.7104416129209
30,f14_alpine_1,PSO-m,7,146.4965080835407
30,f14_alpine_1,PSO-m,8,124.4307326704989
30,f14_alpine_1,PSO-m,9,82.8221768501928
30,f14_alpine_1,PSO-m,10,179.03352543175154
30,f14_alpine_1,PSO-m,11,188.13119697652598
30,f14_alpine_1,PSO-m,12,121.22463520182853
30,f14_alpine_1,PSO-m,13,118.70272312440487
30,f14_alpine_1,PSO-m,14,107.8235014153993
30,f14_alpine_1,PSO-m,15,318.40288093131124
30,f14_alpine_1,PSO-m,16,128.30990642726084
30,f14_alpine_1,PSO-m,17,135.74572064023627
30,f14_alpine_1,PSO-m,18,90.74818365788212
30,f14_alpine_1,PSO-m,19,130.2861637110711
30,f14_alpine_1,PSO-RIW,0,98.83699579558068
30,f14_alpine_1,PSO-RIW,1,139.79218420530125
30,f14_alpine_1,PSO-RIW,2,18.592974450025697
30,f14_alpine_1,PSO-RIW,3,20.12917505134186
30,f14_alpine_1,PSO-RIW,4,22.976884200403127
30,f14_alpine_1,PSO-RIW,5,15.041691729505995
30,f14_alpine_1,PSO-RIW,6,80.99665634534604
30,f14_alpine_1,PSO-RIW,7,90.73144322794847
30,f14_alpine_1,PSO-RIW,8,2.424988756187015
30,f14_alpine_1,PSO-RIW,9,29.280259118037193
30,f14_alpine_1,PSO-RIW,10,55.56129683211515
30,f14_alpine_1,PSO-RIW,11,48.09049953266099
30,f14_alpine_1,PSO-RIW,12,30.345424005654586
30,f14_alpine_1,PSO-RIW,13,24.300952842652684
30,f14_alpine_1,PSO-RIW,14,26.25551498752097
30,f14_alpine_1,PSO-RIW,15,1.047060428208592
30,f14_alpine_1,PSO-RIW,16,24.740338192374757
30,f14_alpine_1,PSO-RIW,17,41.9570655872286
30,f14_alpine_1,PSO-RIW,18,32.48459266654621
30,f14_alpine_1,PSO-RIW,19,15.094772251255028
30,f14_alpine_1,HPPSO_Modified,0,158.34475972532942
30,f14_alpine_1,HPPSO_Modified,1,80.0571242342406
30,f14_alpine_1,HPPSO_Modified,2,113.20736108542188
30,f14_alpine_1,HPPSO_Modified,3,133.08796886629733
30,f14_alpine_1,HPPSO_Modified,4,41.14352126285643
30,f14_alpine_1,HPPSO_Modified,5,61.61468041028962
30,f14_alpine_1,HPPSO_Modified,6,154.64019404216876
30,f14_alpine_1,HPPSO_Modified,7,145.43110846062686
30,f14_alpine_1,HPPSO_Modified,8,85.68169045906377
30,f14_alpine_1,HPPSO_Modified,9,81.486489025584
30,f14_alpine_1,HPPSO_Modified,10,94.11282257136082
30,f14_alpine_1,HPPSO_Modified,11,74.82225631230112
30,f14_alpine_1,HPPSO_Modified,12,80.32430853736541
30,f14_alpine_1,HPPSO_Modified,13,129.6167065910389
30,f14_alpine_1,HPPSO_Modified,14,95.26034667235355
30,f14_alpine_1,HPPSO_Modified,15,118.3420997229689
30,f14_alpine_1,HPPSO_Modified,16,97.27767087087155
30,f14_alpine_1,HPPSO_Modified,17,67.40077140164695
30,f14_alpine_1,HPPSO_Modified,18,60.93539977468775
30,f14_alpine_1,HPPSO_Modified,19,112.42747521040286
30,f14_alpine_1,GA-MPC,0,4.275622557855834
30,f14_alpine_1,GA-MPC,1,7.628102966729612
30,f14_alpine_1,GA-MPC,2,6.697050587099348
30,f14_alpine_1,GA-MPC,3,1.674873872325474
30,f14_alpine_1,GA-MPC,4,0.33421696229746484
30,f14_alpine_1,GA-MPC,5,0.16857486623335063
30,f14_alpine_1,GA-MPC,6,8.634748663013552
30,f14_alpine_1,GA-MPC,7,13.390800533952786
30,f14_alpine_1,GA-MPC,8,4.186924586415693
30,f14_alpine_1,GA-MPC,9,28.93421468713189
30,f14_alpine_1,GA-MPC,10,9.282496560674272
30,f14_alpine_1,GA-MPC,11,13.462560003672161
30,f14_alpine_1,GA-MPC,12,3.193332051743763
30,f14_alpine_1,GA-MPC,13,12.32581783867253
30,f14_alpine_1,GA-MPC,14,0.05559301393573293
30,f14_alpine_1,GA-MPC,15,1.3943550029624248
30,f14_alpine_1,GA-MPC,16,9.42323335170957
30,f14_alpine_1,GA-MPC,17,11.385701798933496
30,f14_alpine_1,GA-MPC,18,24.135282823190057
30,f14_alpine_1,GA-MPC,19,3.811140535418382
30,f14_alpine_1,GWO,0,45.680468074836305
30,f14_alpine_1,GWO,1,200.25365338153787
30,f14_alpine_1,GWO,2,73.66754695969777
30,f14_alpine_1,GWO,3,43.39948822677463
30,f14_alpine_1,GWO,4,176.88397184890542
30,f14_alpine_1,GWO,5,84.40994967892547
30,f14_alpine_1,GWO,6,131.02313717247833
30,f14_alpine_1,GWO,7,39.01263076028913
30,f14_alpine_1,GWO,8,206.74861674311828
30,f14_alpine_1,GWO,9,226.21313336883102
30,f14_alpine_1,GWO,10,81.83282858860974
30,f14_alpine_1,GWO,11,59.442309057357456
30,f14_alpine_1,GWO,12,191.9892112040883
30,f14_alpine_1,GWO,13,39.84481437275209
30,f14_alpine_1,GWO,14,68.20373925667866
30,f14_alpine_1,GWO,15,138.42881155299781
30,f14_alpine_1,GWO,16,154.33212119872053
30,f14_alpine_1,GWO,17,150.58294414152488
30,f14_alpine_1,GWO,18,168.29132635066438
30,f14_alpine_1,GWO,19,107.56962383300493
30,f14_alpine_1,SHADE,0,11.99582120531166
30,f14_alpine_1,SHADE,1,12.58821747776461
30,f14_alpine_1,SHADE,2,10.654186354782896
30,f14_alpine_1,SHADE,3,13.022537680940125
30,f14_alpine_1,SHADE,4,22.018799757246455
30,f14_alpine_1,SHADE,5,18.121961524920117
30,f14_alpine_1,SHADE,6,8.587359032941634
30,f14_alpine_1,SHADE,7,3.654085734812239
30,f14_alpine_1,SHADE,8,5.217599627005569
30,f14_alpine_1,SHADE,9,9.89965176942311
30,f14_alpine_1,SHADE,10,8.48852760623144
30,f14_alpine_1,SHADE,11,9.468720079694082
30,f14_alpine_1,SHADE,12,11.275490155993838
30,f14_alpine_1,SHADE,13,10.386907577400402
30,f14_alpine_1,SHADE,14,8.868822778362164
30,f14_alpine_1,SHADE,15,11.413197304407966
30,f14_alpine_1,SHADE,16,8.633004663331889
30,f14_alpine_1,SHADE,17,14.28044950147786
30,f14_alpine_1,SHADE,18,14.198784173039334
30,f14_alpine_1,SHADE,19,4.146702999005943
30,f14_alpine_1,CSA,0,439.22427592105635
30,f14_alpine_1,CSA,1,378.87272228808047
30,f14_alpine_1,CSA,2,332.70544297352836
30,f14_alpine_1,CSA,3,307.01755135655793
30,f14_alpine_1,CSA,4,310.2544890170851
30,f14_alpine_1,CSA,5,322.76925842675377
30,f14_alpine_1,CSA,6,268.84410914805244
30,f14_alpine_1,CSA,7,290.93500924194404
30,f14_alpine_1,CSA,8,198.01243544558258
30,f14_alpine_1,CSA,9,320.03456367173567
30,f14_alpine_1,CSA,10,278.44210272877086
30,f14_alpine_1,CSA,11,325.38140317536767
30,f14_alpine_1,CSA,12,479.5779507233346
30,f14_alpine_1,CSA,13,452.13186359330905
30,f14_alpine_1,CSA,14,358.0180298814713
30,f14_alpine_1,CSA,15,277.2879118063248
30,f14_alpine_1,CSA,16,255.41778880950474
30,f14_alpine_1,CSA,17,423.35545054431
30,f14_alpine_1,CSA,18,406.1487816880526
30,f14_alpine_1,CSA,19,196.42960366826887
30,f15_happy_cat,Original PSO,0,152.65956696385408
30,f15_happy_cat,Original PSO,1,159.00528650489989
30,f15_happy_cat,Original PSO,2,192.26189418480234
30,f15_happy_cat,Original PSO,3,200.7177373263441
30,f15_happy_cat,Original PSO,4,406.70771620766175
30,f15_happy_cat,Original PSO,5,234.34237182033598
30,f15_happy_cat,Original PSO,6,233.9975751182884
30,f15_happy_cat,Original PSO,7,92.42077657990413
30,f15_happy_cat,Original PSO,8,539.2080137038943
30,f15_happy_cat,Original PSO,9,21.999015545571787
30,f15_happy_cat,Original PSO,10,300.4964879221762
30,f15_happy_cat,Original PSO,11,422.5180708091464
30,f15_happy_cat,Original PSO,12,316.30347456747717
30,f15_happy_cat,Original PSO,13,189.99914646055393
30,f15_happy_cat,Original PSO,14,402.7160386328107
30,f15_happy_cat,Original PSO,15,280.26234833914083
30,f15_happy_cat,Original PSO,16,271.95216675887144
30,f15_happy_cat,Original PSO,17,62.83517182176955
30,f15_happy_cat,Original PSO,18,59.939023104029204
30,f15_happy_cat,Original PSO,19,314.934136220967
30,f15_happy_cat,PSO-m,0,17.419939517387753
30,f15_happy_cat,PSO-m,1,49.85548565833044
30,f15_happy_cat,PSO-m,2,38.60640104121515
30,f15_happy_cat,PSO-m,3,14.348835004149986
30,f15_happy_cat,PSO-m,4,30.010585551462064
30,f15_happy_cat,PSO-m,5,4.656061244502998
30,f15_happy_cat,PSO-m,6,32.41446673639816
30,f15_happy_cat,PSO-m,7,21.234647870916184
30,f15_happy_cat,PSO-m,8,21.865214273638742
30,f15_happy_cat,PSO-m,9,12.612111645760713
30,f15_happy_cat,PSO-m,10,22.93813926427971
30,f15_happy_cat,PSO-m,11,62.992083541065945
30,f15_happy_cat,PSO-m,12,63.32522440080332
30,f15_happy_cat,PSO-m,13,46.4405410154225
30,f15_happy_cat,PSO-m,14,41.91790037415293
30,f15_happy_cat,PSO-m,15,74.05313666568182
30,f15_happy_cat,PSO-m,16,23.700692501882727
30,f15_happy_cat,PSO-m,17,10.851969001979537
30,f15_happy_cat,PSO-m,18,12.902909762787496
30,f15_happy_cat,PSO-m,19,104.78718127419687
30,f15_happy_cat,PSO-RIW,0,639.0698703602
30,f15_happy_cat,PSO-RIW,1,149.61083050892165
30,f15_happy_cat,PSO-RIW,2,231.2148805325484
30,f15_happy_cat,PSO-RIW,3,298.50110454022956
30,f15_happy_cat,PSO-RIW,4,7.932613195251246
30,f15_happy_cat,PSO-RIW,5,91.83021951649219
30,f15_happy_cat,PSO-RIW,6,188.16937762829383
30,f15_happy_cat,PSO-RIW,7,152.23198703518509
30,f15_happy_cat,PSO-RIW,8,206.04293606239227
30,f15_happy_cat,PSO-RIW,9,574.4742726259002
30,f15_happy_cat,PSO-RIW,10,77.36096933795034
30,f15_happy_cat,PSO-RIW,11,129.75767493658248
30,f15_happy_cat,PSO-RIW,12,222.73520005119386
30,f15_happy_cat,PSO-RIW,13,411.2142857592705
30,f15_happy_cat,PSO-RIW,14,171.98767400905433
30,f15_happy_cat,PSO-RIW,15,251.1848582045425
30,f15_happy_cat,PSO-RIW,16,56.23457255186215
30,f15_happy_cat,PSO-RIW,17,17.494526794818317
30,f15_happy_cat,PSO-RIW,18,289.991985722323
30,f15_happy_cat,PSO-RIW,19,160.38058839440345
30,f15_happy_cat,HPPSO_Modified,0,0.47197763515062435
30,f15_happy_cat,HPPSO_Modified,1,0.6511983428098911
30,f15_happy_cat,HPPSO_Modified,2,0.44346117453191186
30,f15_happy_cat,HPPSO_Modified,3,0.9249694602838545
30,f15_happy_cat,HPPSO_Modified,4,0.5603667878023091
30,f15_happy_cat,HPPSO_Modified,5,0.5826288982684479
30,f15_happy_cat,HPPSO_Modified,6,0.7591127071592838
30,f15_happy_cat,HPPSO_Modified,7,0.7042887146670818
30,f15_happy_cat,HPPSO_Modified,8,0.7642358358116379
30,f15_happy_cat,HPPSO_Modified,9,0.9034834164123409
30,f15_happy_cat,HPPSO_Modified,10,0.7191125702637713
30,f15_happy_cat,HPPSO_Modified,11,0.665017131542288
30,f15_happy_cat,HPPSO_Modified,12,0.6568793054419606
30,f15_happy_cat,HPPSO_Modified,13,0.5152269403902813
30,f15_happy_cat,HPPSO_Modified,14,0.6829505055800099
30,f15_happy_cat,HPPSO_Modified,15,0.44595633161831705
30,f15_happy_cat,HPPSO_Modified,16,0.8974312699189848
30,f15_happy_cat,HPPSO_Modified,17,0.5753171435962642
30,f15_happy_cat,HPPSO_Modified,18,0.6380815876544241
30,f15_happy_cat,HPPSO_Modified,19,0.5884277655108776
30,f15_happy_cat,GA-MPC,0,1.0272966766861085
30,f15_happy_cat,GA-MPC,1,0.6252343381010368
30,f15_happy_cat,GA-MPC,2,4.428628467630672
30,f15_happy_cat,GA-MPC,3,0.6090281119360501
30,f15_happy_cat,GA-MPC,4,0.787176477052008
30,f15_happy_cat,GA-MPC,5,0.5560873932672865
30,f15_happy_cat,GA-MPC,6,0.8788163677078398
30,f15_happy_cat,GA-MPC,7,0.6009299500867631
30,f15_happy_cat,GA-MPC,8,1.103722311828209
30,f15_happy_cat,GA-MPC,9,6.232182399871524
30,f15_happy_cat,GA-MPC,10,0.6258326663950251
30,f15_happy_cat,GA-MPC,11,1.0893211665597171
30,f15_happy_cat,GA-MPC,12,0.7606001604375606
30,f15_happy_cat,GA-MPC,13,0.5382099905026503
30,f15_happy_cat,GA-MPC,14,0.8089491505478019
30,f15_happy_cat,GA-MPC,15,3.5110201112510464
30,f15_happy_cat,GA-MPC,16,0.7628027293920042
30,f15_happy_cat,GA-MPC,17,2.78270473370183
30,f15_happy_cat,GA-MPC,18,0.9437199460047949
30,f15_happy_cat,GA-MPC,19,0.6587173256538301
30,f15_happy_cat,GWO,0,34.7018373201017
30,f15_happy_cat,GWO,1,52.87667249785867
30,f15_happy_cat,GWO,2,24.897510332632077
30,f15_happy_cat,GWO,3,22.3061306094092
30,f15_happy_cat,GWO,4,33.76302013134774
30,f15_happy_cat,GWO,5,27.636243198115693
30,f15_happy_cat,GWO,6,23.603498326804193
30,f15_happy_cat,GWO,7,40.62744099766358
30,f15_happy_cat,GWO,8,19.303552430269242
30,f15_happy_cat,GWO,9,30.053908552672553
30,f15_happy_cat,GWO,10,49.604994305846574
30,f15_happy_cat,GWO,11,24.106851276322327
30,f15_happy_cat,GWO,12,91.62240389989483
30,f15_happy_cat,GWO,13,23.970590103114457
30,f15_happy_cat,GWO,14,22.676589702539843
30,f15_happy_cat,GWO,15,44.32129321121916
30,f15_happy_cat,GWO,16,30.43486478942102
30,f15_happy_cat,GWO,17,30.008687012727783
30,f15_happy_cat,GWO,18,35.705619217750545
30,f15_happy_cat,GWO,19,29.085182267144212
30,f15_happy_cat,SHADE,0,0.3143713976709413
30,f15_happy_cat,SHADE,1,0.49253156123097763
30,f15_happy_cat,SHADE,2,0.2781192908724448
30,f15_happy_cat,SHADE,3,0.4979025628654808
30,f15_happy_cat,SHADE,4,0.34231801490027525
30,f15_happy_cat,SHADE,5,0.49577801989351733
30,f15_happy_cat,SHADE,6,0.6203989972450346
30,f15_happy_cat,SHADE,7,0.42237862829200173
30,f15_happy_cat,SHADE,8,0.7006958164831627
30,f15_happy_cat,SHADE,9,0.5510204777968359
30,f15_happy_cat,SHADE,10,0.5015381603222506
30,f15_happy_cat,SHADE,11,0.7410211655754309
30,f15_happy_cat,SHADE,12,0.48844801387223735
30,f15_happy_cat,SHADE,13,0.33398170532290383
30,f15_happy_cat,SHADE,14,0.5368895812339594
30,f15_happy_cat,SHADE,15,0.3905867043677938
30,f15_happy_cat,SHADE,16,0.3083866851674146
30,f15_happy_cat,SHADE,17,0.5401870141735977
30,f15_happy_cat,SHADE,18,0.4855551975703854
30,f15_happy_cat,SHADE,19,0.3570405899212909
30,f15_happy_cat,CSA,0,688.40087589264
30,f15_happy_cat,CSA,1,266.58908366169027
30,f15_happy_cat,CSA,2,674.8821346456608
30,f15_happy_cat,CSA,3,1183.0007307503136
30,f15_happy_cat,CSA,4,203.48835496042622
30,f15_happy_cat,CSA,5,533.9666622430307
30,f15_happy_cat,CSA,6,227.13681783840576
30,f15_happy_cat,CSA,7,1231.063576835214
30,f15_happy_cat,CSA,8,619.0715439701362
30,f15_happy_cat,CSA,9,536.2441196291702
30,f15_happy_cat,CSA,10,567.7378337264912
30,f15_happy_cat,CSA,11,1019.4201316401478
30,f15_happy_cat,CSA,12,1414.6260658732594
30,f15_happy_cat,CSA,13,2122.4027699535086
30,f15_happy_cat,CSA,14,517.8006761409563
30,f15_happy_cat,CSA,15,684.3946466830915
30,f15_happy_cat,CSA,16,692.3274015481101
30,f15_happy_cat,CSA,17,224.3834308771945
30,f15_happy_cat,CSA,18,570.8497226959843
30,f15_happy_cat,CSA,19,1054.74043337167
30,f16_hgbat,Original PSO,0,10286.20127812919
30,f16_hgbat,Original PSO,1,4265.102524830133
30,f16_hgbat,Original PSO,2,11605.842214532586
30,f16_hgbat,Original PSO,3,2605.6208117726433
30,f16_hgbat,Original PSO,4,12622.212736717198
30,f16_hgbat,Original PSO,5,2417.7654871098257
30,f16_hgbat,Original PSO,6,2943.230470799669
30,f16_hgbat,Original PSO,7,8834.304601389136
30,f16_hgbat,Original PSO,8,12154.917726227803
30,f16_hgbat,Original PSO,9,11468.568240334562
30,f16_hgbat,Original PSO,10,2246.494338141858
30,f16_hgbat,Original PSO,11,9879.345628233266
30,f16_hgbat,Original PSO,12,6976.528442677053
30,f16_hgbat,Original PSO,13,9529.112051898155
30,f16_hgbat,Original PSO,14,18841.98844689956
30,f16_hgbat,Original PSO,15,10612.86503953612
30,f16_hgbat,Original PSO,16,1187.941947704324
30,f16_hgbat,Original PSO,17,4905.605435913057
30,f16_hgbat,Original PSO,18,21685.392029674
30,f16_hgbat,Original PSO,19,20504.375437834813
30,f16_hgbat,PSO-m,0,4163.170996108371
30,f16_hgbat,PSO-m,1,664.330471717608
30,f16_hgbat,PSO-m,2,995.05995867974
30,f16_hgbat,PSO-m,3,456.3594408578188
30,f16_hgbat,PSO-m,4,1259.008364670556
30,f16_hgbat,PSO-m,5,2025.3223874970117
30,f16_hgbat,PSO-m,6,773.8848131432475
30,f16_hgbat,PSO-m,7,835.2972056183941
30,f16_hgbat,PSO-m,8,766.9532156046943
30,f16_hgbat,PSO-m,9,445.9987762693856
30,f16_hgbat,PSO-m,10,3960.1761260637327
30,f16_hgbat,PSO-m,11,642.3632418386367
30,f16_hgbat,PSO-m,12,1153.6048335617486
30,f16_hgbat,PSO-m,13,2587.940054405689
30,f16_hgbat,PSO-m,14,2311.1863483453326
30,f16_hgbat,PSO-m,15,992.8004783953397
30,f16_hgbat,PSO-m,16,2541.7037164194257
30,f16_hgbat,PSO-m,17,3019.5434294994
30,f16_hgbat,PSO-m,18,2038.9514673151975
30,f16_hgbat,PSO-m,19,666.2668714546861
30,f16_hgbat,PSO-RIW,0,1508.504262996831
30,f16_hgbat,PSO-RIW,1,447.57741576289135
30,f16_hgbat,PSO-RIW,2,432.0107162237087
30,f16_hgbat,PSO-RIW,3,2841.263027710647
30,f16_hgbat,PSO-RIW,4,1016.7432208013557
30,f16_hgbat,PSO-RIW,5,2025.9408613199175
30,f16_hgbat,PSO-RIW,6,9042.168768726995
30,f16_hgbat,PSO-RIW,7,3994.1275658032037
30,f16_hgbat,PSO-RIW,8,2563.3117780123216
30,f16_hgbat,PSO-RIW,9,2434.9728019890135
30,f16_hgbat,PSO-RIW,10,16740.91618286244
30,f16_hgbat,PSO-RIW,11,2203.7128689390097
30,f16_hgbat,PSO-RIW,12,2541.674372027086
30,f16_hgbat,PSO-RIW,13,12640.498580403657
30,f16_hgbat,PSO-RIW,14,5740.88629355072
30,f16_hgbat,PSO-RIW,15,11603.706590336691
30,f16_hgbat,PSO-RIW,16,2169.581139573175
30,f16_hgbat,PSO-RIW,17,5739.129182526223
30,f16_hgbat,PSO-RIW,18,18157.859990544002
30,f16_hgbat,PSO-RIW,19,2061.262441920123
30,f16_hgbat,HPPSO_Modified,0,0.4089257304910444
30,f16_hgbat,HPPSO_Modified,1,1.040416300750145
30,f16_hgbat,HPPSO_Modified,2,0.3163263303117918
30,f16_hgbat,HPPSO_Modified,3,0.8335581284005396
30,f16_hgbat,HPPSO_Modified,4,0.8737609395600705
30,f16_hgbat,HPPSO_Modified,5,0.49872046477790327
30,f16_hgbat,HPPSO_Modified,6,0.3998949743732862
30,f16_hgbat,HPPSO_Modified,7,0.9361883294006659
30,f16_hgbat,HPPSO_Modified,8,0.36291858307248487
30,f16_hgbat,HPPSO_Modified,9,0.790127837471979
30,f16_hgbat,HPPSO_Modified,10,0.9994686759788951
30,f16_hgbat,HPPSO_Modified,11,0.41471050303175766
30,f16_hgbat,HPPSO_Modified,12,0.3690069083629202
30,f16_hgbat,HPPSO_Modified,13,0.3845059335549903
30,f16_hgbat,HPPSO_Modified,14,0.707300296588804
30,f16_hgbat,HPPSO_Modified,15,0.47027496568015215
30,f16_hgbat,HPPSO_Modified,16,0.6570633588871619
30,f16_hgbat,HPPSO_Modified,17,0.7631330150669573
30,f16_hgbat,HPPSO_Modified,18,0.9611764122040358
30,f16_hgbat,HPPSO_Modified,19,0.8699895418898388
30,f16_hgbat,GA-MPC,0,20.76980628184838
30,f16_hgbat,GA-MPC,1,88.78574023584284
30,f16_hgbat,GA-MPC,2,0.5791114888318747
30,f16_hgbat,GA-MPC,3,122.88405598501409
30,f16_hgbat,GA-MPC,4,0.39263863735836674
30,f16_hgbat,GA-MPC,5,35.20095744405869
30,f16_hgbat,GA-MPC,6,0.31661118691536616
30,f16_hgbat,GA-MPC,7,0.40605162111395915
30,f16_hgbat,GA-MPC,8,60.92147808234507
30,f16_hgbat,GA-MPC,9,374.8205358776266
30,f16_hgbat,GA-MPC,10,396.4406359414396
30,f16_hgbat,GA-MPC,11,42.64511387753264
30,f16_hgbat,GA-MPC,12,1.1448122209626237
30,f16_hgbat,GA-MPC,13,2371.959037004787
30,f16_hgbat,GA-MPC,14,0.940407820603927
30,f16_hgbat,GA-MPC,15,1.0598838376038957
30,f16_hgbat,GA-MPC,16,1412.2485226440233
30,f16_hgbat,GA-MPC,17,0.351396802735495
30,f16_hgbat,GA-MPC,18,0.41052827929284263
30,f16_hgbat,GA-MPC,19,835.3064985436528
30,f16_hgbat,GWO,0,1061.0302846751717
30,f16_hgbat,GWO,1,1172.552986417713
30,f16_hgbat,GWO,2,946.5751884670791
30,f16_hgbat,GWO,3,616.3320070795895
30,f16_hgbat,GWO,4,817.0292251489128
30,f16_hgbat,GWO,5,1114.784820957199
30,f16_hgbat,GWO,6,3159.1357238425226
30,f16_hgbat,GWO,7,3546.8410061402815
30,f16_hgbat,GWO,8,1470.7463705945215
30,f16_hgbat,GWO,9,951.5322898398283
30,f16_hgbat,GWO,10,2052.2042069556574
30,f16_hgbat,GWO,11,914.5714556031545
30,f16_hgbat,GWO,12,676.9959912288608
30,f16_hgbat,GWO,13,567.2512556235073
30,f16_hgbat,GWO,14,439.3605918355274
30,f16_hgbat,GWO,15,1086.5120132107745
30,f16_hgbat,GWO,16,366.9191477621847
30,f16_hgbat,GWO,17,1795.537796604281
30,f16_hgbat,GWO,18,1692.1060332459544
30,f16_hgbat,GWO,19,2192.803857757776
30,f16_hgbat,SHADE,0,0.7691067818993975
30,f16_hgbat,SHADE,1,0.76795561839894
30,f16_hgbat,SHADE,2,0.6130755717292788
30,f16_hgbat,SHADE,3,0.314676229882361
30,f16_hgbat,SHADE,4,0.7027519693855849
30,f16_hgbat,SHADE,5,0.770617031943989
30,f16_hgbat,SHADE,6,0.7791425938106638
30,f16_hgbat,SHADE,7,0.28225630800477264
30,f16_hgbat,SHADE,8,0.31959732211462466
30,f16_hgbat,SHADE,9,0.28966587729566445
30,f16_hgbat,SHADE,10,0.21432276739119083
30,f16_hgbat,SHADE,11,0.8451503810999867
30,f16_hgbat,SHADE,12,0.3577921813619107
30,f16_hgbat,SHADE,13,1.064991098569907
30,f16_hgbat,SHADE,14,0.3194708125505803
30,f16_hgbat,SHADE,15,0.8840608227959865
30,f16_hgbat,SHADE,16,0.2641202582995602
30,f16_hgbat,SHADE,17,0.22976539133104418
30,f16_hgbat,SHADE,18,1.0230880366682276
30,f16_hgbat,SHADE,19,0.35184020160534557
30,f16_hgbat,CSA,0,10791.45727401042
30,f16_hgbat,CSA,1,22372.065963255885
30,f16_hgbat,CSA,2,35562.73935859272
30,f16_hgbat,CSA,3,18203.622318686976
30,f16_hgbat,CSA,4,57817.946081713846
30,f16_hgbat,CSA,5,22687.53177284419
30,f16_hgbat,CSA,6,40004.8117855539
30,f16_hgbat,CSA,7,35255.640954115384
30,f16_hgbat,CSA,8,19210.091457739003
30,f16_hgbat,CSA,9,23674.338101819016
30,f16_hgbat,CSA,10,16274.798959926298
30,f16_hgbat,CSA,11,24118.187840433995
30,f16_hgbat,CSA,12,35608.976827560226
30,f16_hgbat,CSA,13,30245.959796920997
30,f16_hgbat,CSA,14,50607.25551278933
30,f16_hgbat,CSA,15,36046.9757819996
30,f16_hgbat,CSA,16,10647.8844216748
30,f16_hgbat,CSA,17,42557.822054756914
30,f16_hgbat,CSA,18,13214.025000228536
30,f16_hgbat,CSA,19,11178.978804602151
30,f17_bent_cigar,Original PSO,0,11106258675.487604
30,f17_bent_cigar,Original PSO,1,11158841823.134245
30,f17_bent_cigar,Original PSO,2,1497392766.5209446
30,f17_bent_cigar,Original PSO,3,22988693920.583534
30,f17_bent_cigar,Original PSO,4,21165627108.85897
30,f17_bent_cigar,Original PSO,5,6172463200.240666
30,f17_bent_cigar,Original PSO,6,20082622936.20148
30,f17_bent_cigar,Original PSO,7,15891001319.634987
30,f17_bent_cigar,Original PSO,8,10123257172.434101
30,f17_bent_cigar,Original PSO,9,13542061398.980448
30,f17_bent_cigar,Original PSO,10,10943711620.84579
30,f17_bent_cigar,Original PSO,11,16243157863.634497
30,f17_bent_cigar,Original PSO,12,1084037553.4060633
30,f17_bent_cigar,Original PSO,13,9311426453.024752
30,f17_bent_cigar,Original PSO,14,14343809292.314262
30,f17_bent_cigar,Original PSO,15,3765319162.458377
30,f17_bent_cigar,Original PSO,16,2694012200.9074492
30,f17_bent_cigar,Original PSO,17,4283299856.313416
30,f17_bent_cigar,Original PSO,18,7445285202.547068
30,f17_bent_cigar,Original PSO,19,819326248.1916049
30,f17_bent_cigar,PSO-m,0,2595620849.659236
30,f17_bent_cigar,PSO-m,1,934527644.3456764
30,f17_bent_cigar,PSO-m,2,3974123427.100149
30,f17_bent_cigar,PSO-m,3,813832239.6371949
30,f17_bent_cigar,PSO-m,4,120725326.77263394
30,f17_bent_cigar,PSO-m,5,4203879934.65429
30,f17_bent_cigar,PSO-m,6,819437732.4508325
30,f17_bent_cigar,PSO-m,7,4684516301.404277
30,f17_bent_cigar,PSO-m,8,816883509.4445364
30,f17_bent_cigar,PSO-m,9,2479589867.738895
30,f17_bent_cigar,PSO-m,10,3633938501.332692
30,f17_bent_cigar,PSO-m,11,46114665.02594442
30,f17_bent_cigar,PSO-m,12,1807267659.8687246
30,f17_bent_cigar,PSO-m,13,167307060.6463341
30,f17_bent_cigar,PSO-m,14,1376991579.6464305
30,f17_bent_cigar,PSO-m,15,6785849784.414966
30,f17_bent_cigar,PSO-m,16,1445902055.6898398
30,f17_bent_cigar,PSO-m,17,166758147.5110702
30,f17_bent_cigar,PSO-m,18,166653317.27208233
30,f17_bent_cigar,PSO-m,19,888509572.3403325
30,f17_bent_cigar,PSO-RIW,0,1433695037.5779216
30,f17_bent_cigar,PSO-RIW,1,9842297499.499313
30,f17_bent_cigar,PSO-RIW,2,30122785182.62967
30,f17_bent_cigar,PSO-RIW,3,10908893992.958519
30,f17_bent_cigar,PSO-RIW,4,3437878696.7183323
30,f17_bent_cigar,PSO-RIW,5,801777225.6649189
30,f17_bent_cigar,PSO-RIW,6,4850990677.284514
30,f17_bent_cigar,PSO-RIW,7,5632014378.151978
30,f17_bent_cigar,PSO-RIW,8,10615107230.730726
30,f17_bent_cigar,PSO-RIW,9,3165726719.4383054
30,f17_bent_cigar,PSO-RIW,10,5325699855.9640875
30,f17_bent_cigar,PSO-RIW,11,11783728777.92509
30,f17_bent_cigar,PSO-RIW,12,7073301009.754378
30,f17_bent_cigar,PSO-RIW,13,1479643972.2639773
30,f17_bent_cigar,PSO-RIW,14,3949413668.4330587
30,f17_bent_cigar,PSO-RIW,15,18637869743.94914
30,f17_bent_cigar,PSO-RIW,16,3461355669.881207
30,f17_bent_cigar,PSO-RIW,17,1549595274.5054386
30,f17_bent_cigar,PSO-RIW,18,8081823321.164573
30,f17_bent_cigar,PSO-RIW,19,7634268378.323757
30,f17_bent_cigar,HPPSO_Modified,0,22520.153635184284
30,f17_bent_cigar,HPPSO_Modified,1,12077.850968413855
30,f17_bent_cigar,HPPSO_Modified,2,12610.043666239324
30,f17_bent_cigar,HPPSO_Modified,3,53485.43281088029
30,f17_bent_cigar,HPPSO_Modified,4,18103.887384480327
30,f17_bent_cigar,HPPSO_Modified,5,47484.18876960333
30,f17_bent_cigar,HPPSO_Modified,6,18052.15038607101
30,f17_bent_cigar,HPPSO_Modified,7,38661.295118039074
30,f17_bent_cigar,HPPSO_Modified,8,46725.402528943494
30,f17_bent_cigar,HPPSO_Modified,9,43767.13713252668
30,f17_bent_cigar,HPPSO_Modified,10,74315.41562347212
30,f17_bent_cigar,HPPSO_Modified,11,66735.34216690608
30,f17_bent_cigar,HPPSO_Modified,12,43600.65923709124
30,f17_bent_cigar,HPPSO_Modified,13,70757.80668740164
30,f17_bent_cigar,HPPSO_Modified,14,145939.10851137864
30,f17_bent_cigar,HPPSO_Modified,15,20012.99574739006
30,f17_bent_cigar,HPPSO_Modified,16,74241.08194602087
30,f17_bent_cigar,HPPSO_Modified,17,8380.608752627508
30,f17_bent_cigar,HPPSO_Modified,18,13340.65981625185
30,f17_bent_cigar,HPPSO_Modified,19,64209.299963851365
30,f17_bent_cigar,GA-MPC,0,38861.58296397207
30,f17_bent_cigar,GA-MPC,1,6426.818464489059
30,f17_bent_cigar,GA-MPC,2,38074120.66453193
30,f17_bent_cigar,GA-MPC,3,3954.884719553643
30,f17_bent_cigar,GA-MPC,4,1946047.1080544766
30,f17_bent_cigar,GA-MPC,5,243861.73410153177
30,f17_bent_cigar,GA-MPC,6,95074349.39442635
30,f17_bent_cigar,GA-MPC,7,20865.270027193386
30,f17_bent_cigar,GA-MPC,8,29632.587269150103
30,f17_bent_cigar,GA-MPC,9,379947.67181915056
30,f17_bent_cigar,GA-MPC,10,1261824755.5672863
30,f17_bent_cigar,GA-MPC,11,73077545.54214267
30,f17_bent_cigar,GA-MPC,12,52703.29016080202
30,f17_bent_cigar,GA-MPC,13,11146.27167245092
30,f17_bent_cigar,GA-MPC,14,1351467.547537311
30,f17_bent_cigar,GA-MPC,15,7273.3682046301665
30,f17_bent_cigar,GA-MPC,16,929094.5088685891
30,f17_bent_cigar,GA-MPC,17,594358.2338481423
30,f17_bent_cigar,GA-MPC,18,51652658.77272856
30,f17_bent_cigar,GA-MPC,19,109374447.31809178
30,f17_bent_cigar,GWO,0,1064869280.9450108
30,f17_bent_cigar,GWO,1,415091431.4620968
30,f17_bent_cigar,GWO,2,752623731.4769276
30,f17_bent_cigar,GWO,3,1246783979.4442801
30,f17_bent_cigar,GWO,4,1606623947.5066924
30,f17_bent_cigar,GWO,5,1606169965.1940458
30,f17_bent_cigar,GWO,6,497231316.58756953
30,f17_bent_cigar,GWO,7,598889324.0790864
30,f17_bent_cigar,GWO,8,1955264989.4324625
30,f17_bent_cigar,GWO,9,871397486.4486076
30,f17_bent_cigar,GWO,10,3140687867.735168
30,f17_bent_cigar,GWO,11,64757725.244241185
30,f17_bent_cigar,GWO,12,2020718282.2963219
30,f17_bent_cigar,GWO,13,758941601.7579287
30,f17_bent_cigar,GWO,14,2621740998.0024323
30,f17_bent_cigar,GWO,15,340037737.268366
30,f17_bent_cigar,GWO,16,1059911836.7562166
30,f17_bent_cigar,GWO,17,2726353781.0117955
30,f17_bent_cigar,GWO,18,1630190811.0785532
30,f17_bent_cigar,GWO,19,502539444.07054424
30,f17_bent_cigar,SHADE,0,0.09128591814801132
30,f17_bent_cigar,SHADE,1,0.0002789196192155163
30,f17_bent_cigar,SHADE,2,0.000963590963412624
30,f17_bent_cigar,SHADE,3,0.11894447478712562
30,f17_bent_cigar,SHADE,4,0.001280771707417539
30,f17_bent_cigar,SHADE,5,0.02243930217197917
30,f17_bent_cigar,SHADE,6,0.008597599088772206
30,f17_bent_cigar,SHADE,7,0.007759472035875415
30,f17_bent_cigar,SHADE,8,0.0025663694559599714
30,f17_bent_cigar,SHADE,9,0.05251386250549308
30,f17_bent_cigar,SHADE,10,8.924302992437212e-05
30,f17_bent_cigar,SHADE,11,0.11463543851917343
30,f17_bent_cigar,SHADE,12,0.00026772878265591844
30,f17_bent_cigar,SHADE,13,0.0012603084959162865
30,f17_bent_cigar,SHADE,14,0.025240156561450816
30,f17_bent_cigar,SHADE,15,0.0001380543603158867
30,f17_bent_cigar,SHADE,16,0.00029174901296926954
30,f17_bent_cigar,SHADE,17,0.0012741085889627747
30,f17_bent_cigar,SHADE,18,0.00018689597748189143
30,f17_bent_cigar,SHADE,19,0.0015064777336159596
30,f17_bent_cigar,CSA,0,40094973600.64717
30,f17_bent_cigar,CSA,1,19102029672.984737
30,f17_bent_cigar,CSA,2,6923041699.027342
30,f17_bent_cigar,CSA,3,18420892539.317913
30,f17_bent_cigar,CSA,4,39470815258.06018
30,f17_bent_cigar,CSA,5,9312791279.711878
30,f17_bent_cigar,CSA,6,29499951877.75633
30,f17_bent_cigar,CSA,7,15087163453.062492
30,f17_bent_cigar,CSA,8,17087040011.411795
30,f17_bent_cigar,CSA,9,5258238963.354296
30,f17_bent_cigar,CSA,10,7360281783.211309
30,f17_bent_cigar,CSA,11,12625105479.09009
30,f17_bent_cigar,CSA,12,15966506485.352612
30,f17_bent_cigar,CSA,13,29390004273.142178
30,f17_bent_cigar,CSA,14,56485850770.61096
30,f17_bent_cigar,CSA,15,9588539710.63562
30,f17_bent_cigar,CSA,16,22647542998.130417
30,f17_bent_cigar,CSA,17,10146878800.1246
30,f17_bent_cigar,CSA,18,11239552502.357283
30,f17_bent_cigar,CSA,19,16129419382.591764
30,f18_discus,Original PSO,0,48886.921297028166
30,f18_discus,Original PSO,1,18879.869026475702
30,f18_discus,Original PSO,2,59135.94529265018
30,f18_discus,Original PSO,3,4075.7884976352993
30,f18_discus,Original PSO,4,14503.897704776607
30,f18_discus,Original PSO,5,17647.717934553664
30,f18_discus,Original PSO,6,49086.09262728142
30,f18_discus,Original PSO,7,59731.075242833904
30,f18_discus,Original PSO,8,68993.92243778113
30,f18_discus,Original PSO,9,41950.340536081996
30,f18_discus,Original PSO,10,36556.57374132939
30,f18_discus,Original PSO,11,105276.48699149261
30,f18_discus,Original PSO,12,48466.2710319192
30,f18_discus,Original PSO,13,12176.570266718492
30,f18_discus,Original PSO,14,65184.006096284866
30,f18_discus,Original PSO,15,41235.53771795868
30,f18_discus,Original PSO,16,6179.327030834943
30,f18_discus,Original PSO,17,12790.91545215034
30,f18_discus,Original PSO,18,3961.2726875657804
30,f18_discus,Original PSO,19,9034.364072512506
30,f18_discus,PSO-m,0,10107.867106550628
30,f18_discus,PSO-m,1,36789.7188379975
30,f18_discus,PSO-m,2,6775.713425403317
30,f18_discus,PSO-m,3,67853.33581603928
30,f18_discus,PSO-m,4,1036.7949930257234
30,f18_discus,PSO-m,5,2115.517590229112
30,f18_discus,PSO-m,6,43168.294800549775
30,f18_discus,PSO-m,7,8449.54723492536
30,f18_discus,PSO-m,8,2491.470427297381
30,f18_discus,PSO-m,9,21126.849434152176
30,f18_discus,PSO-m,10,1852.6380166639226
30,f18_discus,PSO-m,11,10215.881478538673
30,f18_discus,PSO-m,12,242.91570124111942
30,f18_discus,PSO-m,13,24651.41605580421
30,f18_discus,PSO-m,14,11007.250451963902
30,f18_discus,PSO-m,15,956.9610362745747
30,f18_discus,PSO-m,16,40239.6426465615
30,f18_discus,PSO-m,17,26824.015914652853
30,f18_discus,PSO-m,18,7258.736538509474
30,f18_discus,PSO-m,19,10195.392798805422
30,f18_discus,PSO-RIW,0,41635.40926311197
30,f18_discus,PSO-RIW,1,16595.343451309906
30,f18_discus,PSO-RIW,2,54553.17537262802
30,f18_discus,PSO-RIW,3,46477.57204501487
30,f18_discus,PSO-RIW,4,46835.5656329894
30,f18_discus,PSO-RIW,5,48305.61389791201
30,f18_discus,PSO-RIW,6,2577.499799421048
30,f18_discus,PSO-RIW,7,3439.4320886672685
30,f18_discus,PSO-RIW,8,63022.21312371349
30,f18_discus,PSO-RIW,9,16043.178555585067
30,f18_discus,PSO-RIW,10,35551.9603269385
30,f18_discus,PSO-RIW,11,44693.93879469165
30,f18_discus,PSO-RIW,12,212.65857625575447
30,f18_discus,PSO-RIW,13,4708.006084341887
30,f18_discus,PSO-RIW,14,56330.11146824575
30,f18_discus,PSO-RIW,15,1162.0234044260578
30,f18_discus,PSO-RIW,16,49166.73930115101
30,f18_discus,PSO-RIW,17,17335.244871839524
30,f18_discus,PSO-RIW,18,15522.392108922659
30,f18_discus,PSO-RIW,19,6578.073865847592
30,f18_discus,HPPSO_Modified,0,0.020328919070899343
30,f18_discus,HPPSO_Modified,1,0.18951021791662045
30,f18_discus,HPPSO_Modified,2,1.2407589427115933
30,f18_discus,HPPSO_Modified,3,2.106499939386094
30,f18_discus,HPPSO_Modified,4,0.41108753736998255
30,f18_discus,HPPSO_Modified,5,0.284443371600121
30,f18_discus,HPPSO_Modified,6,8.822946082652905
30,f18_discus,HPPSO_Modified,7,0.5593380085553543
30,f18_discus,HPPSO_Modified,8,0.049286763068499446
30,f18_discus,HPPSO_Modified,9,0.07284930428954624
30,f18_discus,HPPSO_Modified,10,0.15638079359908072
30,f18_discus,HPPSO_Modified,11,0.09816867490828964
30,f18_discus,HPPSO_Modified,12,9.540965966678181
30,f18_discus,HPPSO_Modified,13,6.653505034126299
30,f18_discus,HPPSO_Modified,14,0.2487206861632469
30,f18_discus,HPPSO_Modified,15,0.15589185392745664
30,f18_discus,HPPSO_Modified,16,0.16112320190776894
30,f18_discus,HPPSO_Modified,17,0.31880590784071633
30,f18_discus,HPPSO_Modified,18,0.10551712092104679
30,f18_discus,HPPSO_Modified,19,0.23689918878617383
30,f18_discus,GA-MPC,0,2859.469099696342
30,f18_discus,GA-MPC,1,336.40611037386503
30,f18_discus,GA-MPC,2,36.750407234189474
30,f18_discus,GA-MPC,3,2495.197442774123
30,f18_discus,GA-MPC,4,0.00708188897915145
30,f18_discus,GA-MPC,5,103.07520372118634
30,f18_discus,GA-MPC,6,0.8016524826285976
30,f18_discus,GA-MPC,7,15.263652712412338
30,f18_discus,GA-MPC,8,20.542308631628057
30,f18_discus,GA-MPC,9,55.593964797563494
30,f18_discus,GA-MPC,10,14.867781459006698
30,f18_discus,GA-MPC,11,161.36865651186318
30,f18_discus,GA-MPC,12,33.17519728312942
30,f18_discus,GA-MPC,13,5063.181510986553
30,f18_discus,GA-MPC,14,318.9187696122488
30,f18_discus,GA-MPC,15,8.373692193786884
30,f18_discus,GA-MPC,16,4449.266732176558
30,f18_discus,GA-MPC,17,0.21187557640364627
30,f18_discus,GA-MPC,18,5.24433849764933
30,f18_discus,GA-MPC,19,13838.460946256339
30,f18_discus,GWO,0,29398.634392810167
30,f18_discus,GWO,1,25146.423533918187
30,f18_discus,GWO,2,22497.36500623171
30,f18_discus,GWO,3,21051.111312611712
30,f18_discus,GWO,4,30896.09589249021
30,f18_discus,GWO,5,44444.36457249655
30,f18_discus,GWO,6,44334.744309252295
30,f18_discus,GWO,7,35860.26447370726
30,f18_discus,GWO,8,19023.37195538105
30,f18_discus,GWO,9,43038.623182551375
30,f18_discus,GWO,10,32389.969860824945
30,f18_discus,GWO,11,29799.06407056559
30,f18_discus,GWO,12,40033.419738735436
30,f18_discus,GWO,13,18273.28353047537
30,f18_discus,GWO,14,23481.58223364397
30,f18_discus,GWO,15,44286.13964128326
30,f18_discus,GWO,16,28546.30929190426
30,f18_discus,GWO,17,57166.988666351004
30,f18_discus,GWO,18,62855.02330998372
30,f18_discus,GWO,19,31631.09765881475
30,f18_discus,SHADE,0,9.828543593396543e-09
30,f18_discus,SHADE,1,8.188741519776042e-10
30,f18_discus,SHADE,2,1.7497076260553716e-09
30,f18_discus,SHADE,3,1.9428002861061148e-07
30,f18_discus,SHADE,4,6.964222133008472e-08
30,f18_discus,SHADE,5,7.163398267475543e-09
30,f18_discus,SHADE,6,5.577186246043377e-08
30,f18_discus,SHADE,7,1.9319293408686532e-10
30,f18_discus,SHADE,8,6.570728589665107e-08
30,f18_discus,SHADE,9,3.6654829290186876e-09
30,f18_discus,SHADE,10,1.416412864135201e-09
30,f18_discus,SHADE,11,1.0086518248743869e-08
30,f18_discus,SHADE,12,7.497742183113725e-08
30,f18_discus,SHADE,13,7.159870455850477e-10
30,f18_discus,SHADE,14,9.319899342519925e-08
30,f18_discus,SHADE,15,5.8961280082334115e-08
30,f18_discus,SHADE,16,1.986549840291527e-09
30,f18_discus,SHADE,17,3.45875322512496e-09
30,f18_discus,SHADE,18,3.3253672467277467e-09
30,f18_discus,SHADE,19,1.751105121160851e-09
30,f18_discus,CSA,0,118104.37461612436
30,f18_discus,CSA,1,86862.26856266921
30,f18_discus,CSA,2,275708.9272517932
30,f18_discus,CSA,3,79706.82212896385
30,f18_discus,CSA,4,269525.1260571693
30,f18_discus,CSA,5,302880.6351240212
30,f18_discus,CSA,6,151871.25651625352
30,f18_discus,CSA,7,71775.09557934279
30,f18_discus,CSA,8,304820.3418968307
30,f18_discus,CSA,9,123955.05513734427
30,f18_discus,CSA,10,95900.17805981956
30,f18_discus,CSA,11,157139.6756109441
30,f18_discus,CSA,12,139169.56840059656
30,f18_discus,CSA,13,150820.65320818455
30,f18_discus,CSA,14,126847.4739965063
30,f18_discus,CSA,15,330182.1762323516
30,f18_discus,CSA,16,138230.4823799531
30,f18_discus,CSA,17,27514.50657002131
30,f18_discus,CSA,18,214018.30295344323
30,f18_discus,CSA,19,45001.25815431649
30,f19_penalized_1,Original PSO,0,4702596.094302982
30,f19_penalized_1,Original PSO,1,2607931845.9121947
30,f19_penalized_1,Original PSO,2,80550532.46960534
30,f19_penalized_1,Original PSO,3,4723967.8480706895
30,f19_penalized_1,Original PSO,4,2288749162.114483
30,f19_penalized_1,Original PSO,5,2688797550.147963
30,f19_penalized_1,Original PSO,6,926438733.4517108
30,f19_penalized_1,Original PSO,7,5574182302.1051445
30,f19_penalized_1,Original PSO,8,173743.49019242745
30,f19_penalized_1,Original PSO,9,1479708322.6746354
30,f19_penalized_1,Original PSO,10,477066913.5956645
30,f19_penalized_1,Original PSO,11,1961941661.5163584
30,f19_penalized_1,Original PSO,12,6191629.865427446
30,f19_penalized_1,Original PSO,13,290731333.0573426
30,f19_penalized_1,Original PSO,14,2501530522.5118184
30,f19_penalized_1,Original PSO,15,3456960580.7201247
30,f19_penalized_1,Original PSO,16,4265702547.2726746
30,f19_penalized_1,Original PSO,17,5415099589.993831
30,f19_penalized_1,Original PSO,18,154181.91456382163
30,f19_penalized_1,Original PSO,19,911.7058135064616
30,f19_penalized_1,PSO-m,0,7.977620654829588
30,f19_penalized_1,PSO-m,1,173744.35617855642
30,f19_penalized_1,PSO-m,2,153277.76483837987
30,f19_penalized_1,PSO-m,3,7877707.421858617
30,f19_penalized_1,PSO-m,4,154185.3473361602
30,f19_penalized_1,PSO-m,5,1489037.0267911719
30,f19_penalized_1,PSO-m,6,153276.1018518358
30,f19_penalized_1,PSO-m,7,1488133.0213452945
30,f19_penalized_1,PSO-m,8,21383.67884344307
30,f19_penalized_1,PSO-m,9,1314389.6294269399
30,f19_penalized_1,PSO-m,10,3002280.697802176
30,f19_penalized_1,PSO-m,11,154185.78125570845
30,f19_penalized_1,PSO-m,12,154182.54371580918
30,f19_penalized_1,PSO-m,13,22.870421128159673
30,f19_penalized_1,PSO-m,14,154188.6414684102
30,f19_penalized_1,PSO-m,15,20474.41202756161
30,f19_penalized_1,PSO-m,16,21379.076922792243
30,f19_penalized_1,PSO-m,17,6389548.874948333
30,f19_penalized_1,PSO-m,18,174650.89863026352
30,f19_penalized_1,PSO-m,19,1489036.445898457
30,f19_penalized_1,PSO-RIW,0,362082614.57660735
30,f19_penalized_1,PSO-RIW,1,3176027.1381406533
30,f19_penalized_1,PSO-RIW,2,3237966642.5210657
30,f19_penalized_1,PSO-RIW,3,557998893.2123346
30,f19_penalized_1,PSO-RIW,4,1468571.3443885192
30,f19_penalized_1,PSO-RIW,5,287322858.1451858
30,f19_penalized_1,PSO-RIW,6,78690703.38509513
30,f19_penalized_1,PSO-RIW,7,286028804.90330446
30,f19_penalized_1,PSO-RIW,8,173750.77701294044
30,f19_penalized_1,PSO-RIW,9,8333714201.089833
30,f19_penalized_1,PSO-RIW,10,1978636206.0546176
30,f19_penalized_1,PSO-RIW,11,2284027013.345135
30,f19_penalized_1,PSO-RIW,12,173745.41580685135
30,f19_penalized_1,PSO-RIW,13,3074314688.5134525
30,f19_penalized_1,PSO-RIW,14,2403315811.8874
30,f19_penalized_1,PSO-RIW,15,151764541.69304997
30,f19_penalized_1,PSO-RIW,16,76095682.59283008
30,f19_penalized_1,PSO-RIW,17,628086580.7711061
30,f19_penalized_1,PSO-RIW,18,3066609852.4317975
30,f19_penalized_1,PSO-RIW,19,7704839.629005042
30,f19_penalized_1,HPPSO_Modified,0,0.06924182080406982
30,f19_penalized_1,HPPSO_Modified,1,0.6476829197082142
30,f19_penalized_1,HPPSO_Modified,2,3.4494651914764995
30,f19_penalized_1,HPPSO_Modified,3,0.01071103192704237
30,f19_penalized_1,HPPSO_Modified,4,0.8360540115508598
30,f19_penalized_1,HPPSO_Modified,5,0.01644757098534472
30,f19_penalized_1,HPPSO_Modified,6,0.36661007346659025
30,f19_penalized_1,HPPSO_Modified,7,0.026561980615685727
30,f19_penalized_1,HPPSO_Modified,8,3.654602937986313
30,f19_penalized_1,HPPSO_Modified,9,1.048669571276488
30,f19_penalized_1,HPPSO_Modified,10,3.577627698099878
30,f19_penalized_1,HPPSO_Modified,11,5.386940506757912
30,f19_penalized_1,HPPSO_Modified,12,2.172849033683984
30,f19_penalized_1,HPPSO_Modified,13,0.0767536939625925
30,f19_penalized_1,HPPSO_Modified,14,0.007147591341975628
30,f19_penalized_1,HPPSO_Modified,15,2.4377651483723857
30,f19_penalized_1,HPPSO_Modified,16,0.2039754328880843
30,f19_penalized_1,HPPSO_Modified,17,0.3915343699718509
30,f19_penalized_1,HPPSO_Modified,18,0.040915530560607066
30,f19_penalized_1,HPPSO_Modified,19,7.717628836785573
30,f19_penalized_1,GA-MPC,0,4097279.6349772764
30,f19_penalized_1,GA-MPC,1,231483349.61226425
30,f19_penalized_1,GA-MPC,2,284867.0978790738
30,f19_penalized_1,GA-MPC,3,410355.62064943684
30,f19_penalized_1,GA-MPC,4,30981818.922254954
30,f19_penalized_1,GA-MPC,5,131834.3461512306
30,f19_penalized_1,GA-MPC,6,78948582.43189862
30,f19_penalized_1,GA-MPC,7,92216986.05529058
30,f19_penalized_1,GA-MPC,8,1249811.622518215
30,f19_penalized_1,GA-MPC,9,651916.8899657027
30,f19_penalized_1,GA-MPC,10,231763824.68195346
30,f19_penalized_1,GA-MPC,11,739536.252887913
30,f19_penalized_1,GA-MPC,12,342923369.795897
30,f19_penalized_1,GA-MPC,13,2401625.7806886705
30,f19_penalized_1,GA-MPC,14,1400556816.5389218
30,f19_penalized_1,GA-MPC,15,5514.708548357651
30,f19_penalized_1,GA-MPC,16,101870.8331582733
30,f19_penalized_1,GA-MPC,17,55627.44371024607
30,f19_penalized_1,GA-MPC,18,7437470.114714789
30,f19_penalized_1,GA-MPC,19,22474510.224952016
30,f19_penalized_1,GWO,0,33.527810486602
30,f19_penalized_1,GWO,1,807454.7343795397
30,f19_penalized_1,GWO,2,39657646.799221516
30,f19_penalized_1,GWO,3,808907.8839749139
30,f19_penalized_1,GWO,4,19458642.39833924
30,f19_penalized_1,GWO,5,808610.7324139306
30,f19_penalized_1,GWO,6,2720690.4521314986
30,f19_penalized_1,GWO,7,4089002.038052047
30,f19_penalized_1,GWO,8,6368501.845073894
30,f19_penalized_1,GWO,9,5101255.730235422
30,f19_penalized_1,GWO,10,1714614.489673165
30,f19_penalized_1,GWO,11,3934468.562231476
30,f19_penalized_1,GWO,12,24767057.203866284
30,f19_penalized_1,GWO,13,1101985.7117977284
30,f19_penalized_1,GWO,14,1100267.1682143973
30,f19_penalized_1,GWO,15,4953843.489091691
30,f19_penalized_1,GWO,16,13.432774397258834
30,f19_penalized_1,GWO,17,19590909.265294153
30,f19_penalized_1,GWO,18,376.8755697485022
30,f19_penalized_1,GWO,19,32.61473943421834
30,f19_penalized_1,SHADE,0,0.855544308276243
30,f19_penalized_1,SHADE,1,13.518994394199735
30,f19_penalized_1,SHADE,2,9.607087335013375
30,f19_penalized_1,SHADE,3,7.934599607967283
30,f19_penalized_1,SHADE,4,9.595092611690506
30,f19_penalized_1,SHADE,5,5.311011798217977
30,f19_penalized_1,SHADE,6,12.117703185650232
30,f19_penalized_1,SHADE,7,9.203187192724897
30,f19_penalized_1,SHADE,8,3.3463137484782335
30,f19_penalized_1,SHADE,9,15.37992604831757
30,f19_penalized_1,SHADE,10,8.157003121633633
30,f19_penalized_1,SHADE,11,0.0001326063112986724
30,f19_penalized_1,SHADE,12,8.053535337755413
30,f19_penalized_1,SHADE,13,15.788572852380517
30,f19_penalized_1,SHADE,14,3.9844527022328857
30,f19_penalized_1,SHADE,15,11.268678742533087
30,f19_penalized_1,SHADE,16,1.214318527673557
30,f19_penalized_1,SHADE,17,11.558356200644193
30,f19_penalized_1,SHADE,18,16.821936624093258
30,f19_penalized_1,SHADE,19,11.522523946751036
30,f19_penalized_1,CSA,0,5622418834.0502825
30,f19_penalized_1,CSA,1,5017941225.320932
30,f19_penalized_1,CSA,2,44536828680.40394
30,f19_penalized_1,CSA,3,4937436686.05208
30,f19_penalized_1,CSA,4,43862148722.79474
30,f19_penalized_1,CSA,5,1890033962.9254012
30,f19_penalized_1,CSA,6,20207118823.918186
30,f19_penalized_1,CSA,7,3546776337.661325
30,f19_penalized_1,CSA,8,2531493706.8841567
30,f19_penalized_1,CSA,9,10577624680.428518
30,f19_penalized_1,CSA,10,33188409620.87005
30,f19_penalized_1,CSA,11,2595071593.8010917
30,f19_penalized_1,CSA,12,8751018782.997293
30,f19_penalized_1,CSA,13,2531091653.869523
30,f19_penalized_1,CSA,14,15863089430.2888
30,f19_penalized_1,CSA,15,79037970042.22496
30,f19_penalized_1,CSA,16,10274772908.549774
30,f19_penalized_1,CSA,17,5854847197.52184
30,f19_penalized_1,CSA,18,15051763916.457535
30,f19_penalized_1,CSA,19,226109811.0573896
30,f20_zakharov_2,Original PSO,0,0.00024845344488736944
30,f20_zakharov_2,Original PSO,1,2.1153372345807487e-06
30,f20_zakharov_2,Original PSO,2,1.3711887232175327e-08
30,f20_zakharov_2,Original PSO,3,6.289277272467624e-05
30,f20_zakharov_2,Original PSO,4,1.2563483637251339e-05
30,f20_zakharov_2,Original PSO,5,9.514933823637578e-06
30,f20_zakharov_2,Original PSO,6,4.42242677418857e-05
30,f20_zakharov_2,Original PSO,7,6.607052530920071e-07
30,f20_zakharov_2,Original PSO,8,2.6640778683690842e-06
30,f20_zakharov_2,Original PSO,9,2.448541070997565e-09
30,f20_zakharov_2,Original PSO,10,4.153112108281269e-06
30,f20_zakharov_2,Original PSO,11,2.532609564240426e-06
30,f20_zakharov_2,Original PSO,12,1.446002942218442e-07
30,f20_zakharov_2,Original PSO,13,3.902276903413695e-09
30,f20_zakharov_2,Original PSO,14,3.433064650955575e-08
30,f20_zakharov_2,Original PSO,15,6.589139835747926e-07
30,f20_zakharov_2,Original PSO,16,3.24076094531789e-08
30,f20_zakharov_2,Original PSO,17,0.00011136816635867764
30,f20_zakharov_2,Original PSO,18,0.0002072542101614432
30,f20_zakharov_2,Original PSO,19,0.0002843558284491497
30,f20_zakharov_2,PSO-m,0,0.0005042922301742993
30,f20_zakharov_2,PSO-m,1,7.130705489145168e-05
30,f20_zakharov_2,PSO-m,2,0.0015728270530428526
30,f20_zakharov_2,PSO-m,3,1.3471671011960111e-05
30,f20_zakharov_2,PSO-m,4,2.2360416838056486e-06
30,f20_zakharov_2,PSO-m,5,0.00012348171655836247
30,f20_zakharov_2,PSO-m,6,0.0008193743701203479
30,f20_zakharov_2,PSO-m,7,6.868720333331644e-05
30,f20_zakharov_2,PSO-m,8,9.492574357091059e-05
30,f20_zakharov_2,PSO-m,9,0.00023988951067533093
30,f20_zakharov_2,PSO-m,10,0.0008030220801543067
30,f20_zakharov_2,PSO-m,11,0.0003244168521769767
30,f20_zakharov_2,PSO-m,12,0.0005115057586036859
30,f20_zakharov_2,PSO-m,13,7.975140965958668e-05
30,f20_zakharov_2,PSO-m,14,0.0003547244020439103
30,f20_zakharov_2,PSO-m,15,8.117165152833137e-05
30,f20_zakharov_2,PSO-m,16,0.00039773959781067784
30,f20_zakharov_2,PSO-m,17,0.0030209709759428716
30,f20_zakharov_2,PSO-m,18,0.00010232886268994131
30,f20_zakharov_2,PSO-m,19,0.0002003499968319814
30,f20_zakharov_2,PSO-RIW,0,6.602948518840077e-05
30,f20_zakharov_2,PSO-RIW,1,1.0972560243448797e-05
30,f20_zakharov_2,PSO-RIW,2,3.707771068781955e-05
30,f20_zakharov_2,PSO-RIW,3,2.4434261299268277e-06
30,f20_zakharov_2,PSO-RIW,4,1.244099522259131e-06
30,f20_zakharov_2,PSO-RIW,5,4.56929089348792e-07
30,f20_zakharov_2,PSO-RIW,6,1.3892926623399722e-08
30,f20_zakharov_2,PSO-RIW,7,5.6913332253306865e-06
30,f20_zakharov_2,PSO-RIW,8,0.0002694465723462039
30,f20_zakharov_2,PSO-RIW,9,2.77929519695693e-06
30,f20_zakharov_2,PSO-RIW,10,3.477596961772045e-06
30,f20_zakharov_2,PSO-RIW,11,7.150980795212105e-08
30,f20_zakharov_2,PSO-RIW,12,0.00014283357006784496
30,f20_zakharov_2,PSO-RIW,13,2.569149488623236e-09
30,f20_zakharov_2,PSO-RIW,14,4.067692996736979e-06
30,f20_zakharov_2,PSO-RIW,15,1.116261103458614e-07
30,f20_zakharov_2,PSO-RIW,16,1.2269830587654739e-07
30,f20_zakharov_2,PSO-RIW,17,9.632689595593848e-05
30,f20_zakharov_2,PSO-RIW,18,9.711999037297138e-06
30,f20_zakharov_2,PSO-RIW,19,7.468679243152648e-05
30,f20_zakharov_2,HPPSO_Modified,0,7.950279133296652e-07
30,f20_zakharov_2,HPPSO_Modified,1,8.076149911464929e-06
30,f20_zakharov_2,HPPSO_Modified,2,0.00011889502771726444
30,f20_zakharov_2,HPPSO_Modified,3,8.438801682485797e-06
30,f20_zakharov_2,HPPSO_Modified,4,0.00030097993379730987
30,f20_zakharov_2,HPPSO_Modified,5,4.30541548888448e-05
30,f20_zakharov_2,HPPSO_Modified,6,1.8677029429862834e-05
30,f20_zakharov_2,HPPSO_Modified,7,2.612769002610574e-05
30,f20_zakharov_2,HPPSO_Modified,8,1.5937140712897016e-06
30,f20_zakharov_2,HPPSO_Modified,9,1.4989683029958104e-05
30,f20_zakharov_2,HPPSO_Modified,10,3.023702468227989e-05
30,f20_zakharov_2,HPPSO_Modified,11,1.7190516139367715e-06
30,f20_zakharov_2,HPPSO_Modified,12,1.969057328196235e-07
30,f20_zakharov_2,HPPSO_Modified,13,4.412529108194945e-06
30,f20_zakharov_2,HPPSO_Modified,14,0.00011743591571962329
30,f20_zakharov_2,HPPSO_Modified,15,5.40142514160797e-07
30,f20_zakharov_2,HPPSO_Modified,16,1.3407368949567863e-06
30,f20_zakharov_2,HPPSO_Modified,17,0.00033418796552925947
30,f20_zakharov_2,HPPSO_Modified,18,4.46335901439037e-06
30,f20_zakharov_2,HPPSO_Modified,19,2.7013307187810857e-05
30,f20_zakharov_2,GA-MPC,0,8.245950252587358e-09
30,f20_zakharov_2,GA-MPC,1,5.86296245730712e-08
30,f20_zakharov_2,GA-MPC,2,6.321582726496846e-08
30,f20_zakharov_2,GA-MPC,3,2.949077532750854e-08
30,f20_zakharov_2,GA-MPC,4,4.338071973396714e-09
30,f20_zakharov_2,GA-MPC,5,5.737345249627075e-09
30,f20_zakharov_2,GA-MPC,6,2.0040182815778597e-08
30,f20_zakharov_2,GA-MPC,7,6.869224642428592e-09
30,f20_zakharov_2,GA-MPC,8,2.0100184599469586e-08
30,f20_zakharov_2,GA-MPC,9,1.0830745699333406e-09
30,f20_zakharov_2,GA-MPC,10,3.937117446143747e-09
30,f20_zakharov_2,GA-MPC,11,1.6571924412662313e-07
30,f20_zakharov_2,GA-MPC,12,5.1151527797612956e-09
30,f20_zakharov_2,GA-MPC,13,1.79432147109705e-09
30,f20_zakharov_2,GA-MPC,14,2.102645054489575e-07
30,f20_zakharov_2,GA-MPC,15,6.641365193886302e-09
30,f20_zakharov_2,GA-MPC,16,2.3146176033069656e-08
30,f20_zakharov_2,GA-MPC,17,1.0373039013346592e-09
30,f20_zakharov_2,GA-MPC,18,1.5331052095912425e-07
30,f20_zakharov_2,GA-MPC,19,1.026433434504117e-08
30,f20_zakharov_2,GWO,0,0.00016343884434956842
30,f20_zakharov_2,GWO,1,0.00014981372555908994
30,f20_zakharov_2,GWO,2,0.0008753012606382651
30,f20_zakharov_2,GWO,3,0.0004690284250057233
30,f20_zakharov_2,GWO,4,0.0008386896860353351
30,f20_zakharov_2,GWO,5,0.0005429306137733797
30,f20_zakharov_2,GWO,6,0.0004944820644674564
30,f20_zakharov_2,GWO,7,0.0004976290542296215
30,f20_zakharov_2,GWO,8,0.0005916312227679594
30,f20_zakharov_2,GWO,9,0.0003173380277969441
30,f20_zakharov_2,GWO,10,0.0001279158774496943
30,f20_zakharov_2,GWO,11,0.0004197678793420864
30,f20_zakharov_2,GWO,12,0.00018750724260007144
30,f20_zakharov_2,GWO,13,0.000708125369883594
30,f20_zakharov_2,GWO,14,0.0005169349979392671
30,f20_zakharov_2,GWO,15,8.401877785161002e-05
30,f20_zakharov_2,GWO,16,0.0002693991065104147
30,f20_zakharov_2,GWO,17,5.525158605406085e-05
30,f20_zakharov_2,GWO,18,0.00038075830969775423
30,f20_zakharov_2,GWO,19,0.0008682487931587475
30,f20_zakharov_2,SHADE,0,5.059928735360384e-10
30,f20_zakharov_2,SHADE,1,5.458118918427974e-10
30,f20_zakharov_2,SHADE,2,5.344741573648167e-10
30,f20_zakharov_2,SHADE,3,5.522725916568618e-10
30,f20_zakharov_2,SHADE,4,4.5728070435655366e-10
30,f20_zakharov_2,SHADE,5,5.287207681032601e-10
30,f20_zakharov_2,SHADE,6,3.0563381776605205e-10
30,f20_zakharov_2,SHADE,7,6.38272023098081e-10
30,f20_zakharov_2,SHADE,8,8.603124949262349e-10
30,f20_zakharov_2,SHADE,9,5.180975597953778e-10
30,f20_zakharov_2,SHADE,10,4.911913777977369e-10
30,f20_zakharov_2,SHADE,11,4.1561099915452374e-10
30,f20_zakharov_2,SHADE,12,6.526191166929607e-10
30,f20_zakharov_2,SHADE,13,4.0785193793703673e-10
30,f20_zakharov_2,SHADE,14,6.690587595703851e-10
30,f20_zakharov_2,SHADE,15,4.882646940156252e-10
30,f20_zakharov_2,SHADE,16,5.208887788883134e-10
30,f20_zakharov_2,SHADE,17,6.165776678476083e-10
30,f20_zakharov_2,SHADE,18,6.102619598161192e-10
30,f20_zakharov_2,SHADE,19,4.92113392340617e-10
30,f20_zakharov_2,CSA,0,1.5360592026558405e-06
30,f20_zakharov_2,CSA,1,5.397815802142955e-08
30,f20_zakharov_2,CSA,2,0.0009250707325799792
30,f20_zakharov_2,CSA,3,0.04643065366543883
30,f20_zakharov_2,CSA,4,1.5603203936113452e-05
30,f20_zakharov_2,CSA,5,3.4300459672034396e-07
30,f20_zakharov_2,CSA,6,9.35183020010514e-08
30,f20_zakharov_2,CSA,7,9.219386673392071e-07
30,f20_zakharov_2,CSA,8,2.5843892803187993e-06
30,f20_zakharov_2,CSA,9,1.1752981756387006e-06
30,f20_zakharov_2,CSA,10,5.233251778084482e-06
30,f20_zakharov_2,CSA,11,0.03812670567950082
30,f20_zakharov_2,CSA,12,0.0008113005379303246
30,f20_zakharov_2,CSA,13,4.681938017204971e-07
30,f20_zakharov_2,CSA,14,1.9193539265421737e-05
30,f20_zakharov_2,CSA,15,0.00010642044488566839
30,f20_zakharov_2,CSA,16,4.17639969247586e-06
30,f20_zakharov_2,CSA,17,4.985222993142645e-05
30,f20_zakharov_2,CSA,18,1.0409235466879591e-05
30,f20_zakharov_2,CSA,19,7.001513383640635e-06
30,f1_sphere,CMAES,0,2.9705451004230064e-20
30,f1_sphere,CMAES,1,1.5935933116291677e-19
30,f1_sphere,CMAES,2,1.5514101458652507e-20
30,f1_sphere,CMAES,3,1.7759499798671513e-19
30,f1_sphere,CMAES,4,1.2187617135486695e-19
30,f1_sphere,CMAES,5,6.9639930402006965e-19
30,f1_sphere,CMAES,6,3.40251701362323e-20
30,f1_sphere,CMAES,7,6.881384508898363e-20
30,f1_sphere,CMAES,8,6.149090403950108e-20
30,f1_sphere,CMAES,9,4.360451367313234e-19
30,f1_sphere,CMAES,10,1.5475700207868193e-19
30,f1_sphere,CMAES,11,2.0870782383015615e-20
30,f1_sphere,CMAES,12,6.451403401145523e-20
30,f1_sphere,CMAES,13,1.8493011250372817e-20
30,f1_sphere,CMAES,14,1.4638843588426188e-20
30,f1_sphere,CMAES,15,1.8444813078503534e-20
30,f1_sphere,CMAES,16,1.4869371310645554e-19
30,f1_sphere,CMAES,17,1.2809796227945364e-19
30,f1_sphere,CMAES,18,1.036690695984014e-19
30,f1_sphere,CMAES,19,7.557722747656259e-20
30,f2_schwefel_2_22,CMAES,0,9.408521854048502e-06
30,f2_schwefel_2_22,CMAES,1,9.174487968888201e-05
30,f2_schwefel_2_22,CMAES,2,7.445394868543787e-05
30,f2_schwefel_2_22,CMAES,3,0.028891952838264068
30,f2_schwefel_2_22,CMAES,4,0.037745734742488324
30,f2_schwefel_2_22,CMAES,5,4.772358091820195e-06
30,f2_schwefel_2_22,CMAES,6,1.6542622285342645e-06
30,f2_schwefel_2_22,CMAES,7,1.5831944644162377e-07
30,f2_schwefel_2_22,CMAES,8,5.62775799295423e-08
30,f2_schwefel_2_22,CMAES,9,2.708291040320887e-06
30,f2_schwefel_2_22,CMAES,10,0.00030281944574372943
30,f2_schwefel_2_22,CMAES,11,5.155726652716908e-06
30,f2_schwefel_2_22,CMAES,12,0.232572522230015
30,f2_schwefel_2_22,CMAES,13,0.20438757601403346
30,f2_schwefel_2_22,CMAES,14,0.00010262561661100733
30,f2_schwefel_2_22,CMAES,15,0.013791299401042956
30,f2_schwefel_2_22,CMAES,16,6.652802000761682e-05
30,f2_schwefel_2_22,CMAES,17,1.2011801242550746e-07
30,f2_schwefel_2_22,CMAES,18,5.409181733639912e-07
30,f2_schwefel_2_22,CMAES,19,0.0005776149476615089
30,f3_zakharov,CMAES,0,5396.657971777144
30,f3_zakharov,CMAES,1,764.0605365109501
30,f3_zakharov,CMAES,2,3572.0224779778896
30,f3_zakharov,CMAES,3,1601.6634791957406
30,f3_zakharov,CMAES,4,7019.400550052859
30,f3_zakharov,CMAES,5,3202.43076720713
30,f3_zakharov,CMAES,6,5428.23012030845
30,f3_zakharov,CMAES,7,969.8309010008358
30,f3_zakharov,CMAES,8,3872.427833047246
30,f3_zakharov,CMAES,9,3893.0206489125126
30,f3_zakharov,CMAES,10,2134.1022561760524
30,f3_zakharov,CMAES,11,2940.293141228388
30,f3_zakharov,CMAES,12,675.7798993509069
30,f3_zakharov,CMAES,13,3427.4537460388847
30,f3_zakharov,CMAES,14,3308.0568776081955
30,f3_zakharov,CMAES,15,15371.698575173517
30,f3_zakharov,CMAES,16,3410.5212662957956
30,f3_zakharov,CMAES,17,2973.3579886434004
30,f3_zakharov,CMAES,18,5528.219347360297
30,f3_zakharov,CMAES,19,1459.713523996324
30,f4_rosenbrock,CMAES,0,410.72546236313326
30,f4_rosenbrock,CMAES,1,22.531232633205953
30,f4_rosenbrock,CMAES,2,57.008387899716745
30,f4_rosenbrock,CMAES,3,21.113658579810185
30,f4_rosenbrock,CMAES,4,27.379490920068164
30,f4_rosenbrock,CMAES,5,26.29594592129117
30,f4_rosenbrock,CMAES,6,23.780624562631626
30,f4_rosenbrock,CMAES,7,20.663418815978794
30,f4_rosenbrock,CMAES,8,26.90790064509932
30,f4_rosenbrock,CMAES,9,22.45588409905232
30,f4_rosenbrock,CMAES,10,20.620654607735652
30,f4_rosenbrock,CMAES,11,22.81762536519931
30,f4_rosenbrock,CMAES,12,85.77536902392372
30,f4_rosenbrock,CMAES,13,25.74917935015253
30,f4_rosenbrock,CMAES,14,23.236350363183142
30,f4_rosenbrock,CMAES,15,22.91802262411013
30,f4_rosenbrock,CMAES,16,188.41546565551408
30,f4_rosenbrock,CMAES,17,24.273799031486963
30,f4_rosenbrock,CMAES,18,211.83738701147337
30,f4_rosenbrock,CMAES,19,151.17264691679154
30,f5_powell_sum,CMAES,0,22.849341485858154
30,f5_powell_sum,CMAES,1,29.360432336638016
30,f5_powell_sum,CMAES,2,32.707656044183366
30,f5_powell_sum,CMAES,3,17.626921440337664
30,f5_powell_sum,CMAES,4,26.107767551233263
30,f5_powell_sum,CMAES,5,16.041134491749773
30,f5_powell_sum,CMAES,6,29.803896224927662
30,f5_powell_sum,CMAES,7,29.423098225261278
30,f5_powell_sum,CMAES,8,20.31246625489606
30,f5_powell_sum,CMAES,9,23.69321418911751
30,f5_powell_sum,CMAES,10,36.85359294372688
30,f5_powell_sum,CMAES,11,18.540733523436465
30,f5_powell_sum,CMAES,12,33.60472460286746
30,f5_powell_sum,CMAES,13,25.571281510392105
30,f5_powell_sum,CMAES,14,18.793455994570383
30,f5_powell_sum,CMAES,15,38.48210775658546
30,f5_powell_sum,CMAES,16,34.66024375227205
30,f5_powell_sum,CMAES,17,40.18468826307644
30,f5_powell_sum,CMAES,18,21.884697771395718
30,f5_powell_sum,CMAES,19,22.793829745987885
30,f6_rastrigin,CMAES,0,20.894130126543985
30,f6_rastrigin,CMAES,1,21.889089234316316
30,f6_rastrigin,CMAES,2,27.858838487003652
30,f6_rastrigin,CMAES,3,41.78823000514933
30,f6_rastrigin,CMAES,4,25.868925408787447
30,f6_rastrigin,CMAES,5,21.889094844907333
30,f6_rastrigin,CMAES,6,22.884043199690097
30,f6_rastrigin,CMAES,7,31.8386648134412
30,f6_rastrigin,CMAES,8,18.90420697152871
30,f6_rastrigin,CMAES,9,19.899176104275625
30,f6_rastrigin,CMAES,10,20.894135161140184
30,f6_rastrigin,CMAES,11,33.82857771530547
30,f6_rastrigin,CMAES,12,11.93950868512826
30,f6_rastrigin,CMAES,13,21.889089180849
30,f6_rastrigin,CMAES,14,23.879002256863714
30,f6_rastrigin,CMAES,15,13.929426799406201
30,f6_rastrigin,CMAES,16,23.87900225678237
30,f6_rastrigin,CMAES,17,29.848746523724117
30,f6_rastrigin,CMAES,18,27.858818289964404
30,f6_rastrigin,CMAES,19,15.919339876112247
30,f7_ackley,CMAES,0,21.034680536084217
30,f7_ackley,CMAES,1,21.053816768238644
30,f7_ackley,CMAES,2,21.064485580806785
30,f7_ackley,CMAES,3,21.09155209575939
30,f7_ackley,CMAES,4,20.997070432773956
30,f7_ackley,CMAES,5,20.87775401427748
30,f7_ackley,CMAES,6,20.93844076712562
30,f7_ackley,CMAES,7,21.043397718844215
30,f7_ackley,CMAES,8,21.12343838327783
30,f7_ackley,CMAES,9,21.041595313462697
30,f7_ackley,CMAES,10,21.131615749064192
30,f7_ackley,CMAES,11,21.112197691321803
30,f7_ackley,CMAES,12,21.023265474180757
30,f7_ackley,CMAES,13,21.073140117254116
30,f7_ackley,CMAES,14,21.130671729417667
30,f7_ackley,CMAES,15,20.9970556545295
30,f7_ackley,CMAES,16,21.09732893889524
30,f7_ackley,CMAES,17,21.072740673346708
30,f7_ackley,CMAES,18,21.00414467562534
30,f7_ackley,CMAES,19,21.044094222620295
30,f8_griewank,CMAES,0,0.0
30,f8_griewank,CMAES,1,0.0
30,f8_griewank,CMAES,2,0.0
30,f8_griewank,CMAES,3,0.0
30,f8_griewank,CMAES,4,0.0
30,f8_griewank,CMAES,5,0.0
30,f8_griewank,CMAES,6,0.0
30,f8_griewank,CMAES,7,0.0
30,f8_griewank,CMAES,8,0.0
30,f8_griewank,CMAES,9,0.0
30,f8_griewank,CMAES,10,0.0
30,f8_griewank,CMAES,11,0.0
30,f8_griewank,CMAES,12,0.0
30,f8_griewank,CMAES,13,0.0
30,f8_griewank,CMAES,14,0.0
30,f8_griewank,CMAES,15,0.0
30,f8_griewank,CMAES,16,0.0
30,f8_griewank,CMAES,17,0.0
30,f8_griewank,CMAES,18,0.0
30,f8_griewank,CMAES,19,0.0
30,f9_weierstrass,CMAES,0,43.26013680877543
30,f9_weierstrass,CMAES,1,42.18087528307533
30,f9_weierstrass,CMAES,2,43.79746647693751
30,f9_weierstrass,CMAES,3,42.80993689827898
30,f9_weierstrass,CMAES,4,42.73553492194583
30,f9_weierstrass,CMAES,5,41.43337814179796
30,f9_weierstrass,CMAES,6,43.28018663730337
30,f9_weierstrass,CMAES,7,40.89376026156812
30,f9_weierstrass,CMAES,8,41.900563619263494
30,f9_weierstrass,CMAES,9,42.11083010254251
30,f9_weierstrass,CMAES,10,42.572630463320365
30,f9_weierstrass,CMAES,11,45.004817607758426
30,f9_weierstrass,CMAES,12,41.218963862216015
30,f9_weierstrass,CMAES,13,42.88392394020288
30,f9_weierstrass,CMAES,14,42.90855822386455
30,f9_weierstrass,CMAES,15,43.16126471266766
30,f9_weierstrass,CMAES,16,42.73818487464289
30,f9_weierstrass,CMAES,17,41.26807820426907
30,f9_weierstrass,CMAES,18,43.08486171455995
30,f9_weierstrass,CMAES,19,42.08321258088476
30,f10_levy,CMAES,0,1.7438265959956482e-17
30,f10_levy,CMAES,1,1.0855438582038206e-16
30,f10_levy,CMAES,2,0.5438522690072146
30,f10_levy,CMAES,3,0.5438522690072147
30,f10_levy,CMAES,4,2.8904442868128893e-17
30,f10_levy,CMAES,5,4.589677411355216e-17
30,f10_levy,CMAES,6,0.17905650083288194
30,f10_levy,CMAES,7,1.260370996128243e-17
30,f10_levy,CMAES,8,1.0103594547106294e-16
30,f10_levy,CMAES,9,7.575663359108593e-17
30,f10_levy,CMAES,10,1.0790429356519762e-17
30,f10_levy,CMAES,11,1.795915344339327e-18
30,f10_levy,CMAES,12,3.81281573625347e-17
30,f10_levy,CMAES,13,1.8071237291629373e-18
30,f10_levy,CMAES,14,8.233250743759976e-17
30,f10_levy,CMAES,15,2.852242607887223e-16
30,f10_levy,CMAES,16,2.7828908978017884e-17
30,f10_levy,CMAES,17,6.749161770186096e-18
30,f10_levy,CMAES,18,3.9647289509247944e-17
30,f10_levy,CMAES,19,7.313007503286994e-17
30,f11_schwefel_2_26,CMAES,0,10066.472575470532
30,f11_schwefel_2_26,CMAES,1,9800.994701012762
30,f11_schwefel_2_26,CMAES,2,10217.777142682113
30,f11_schwefel_2_26,CMAES,3,9767.140454612976
30,f11_schwefel_2_26,CMAES,4,9630.717936761064
30,f11_schwefel_2_26,CMAES,5,10091.277028758162
30,f11_schwefel_2_26,CMAES,6,9855.184912990124
30,f11_schwefel_2_26,CMAES,7,10018.458603096598
30,f11_schwefel_2_26,CMAES,8,9867.183276851354
30,f11_schwefel_2_26,CMAES,9,10005.495060866091
30,f11_schwefel_2_26,CMAES,10,9687.381543835176
30,f11_schwefel_2_26,CMAES,11,9915.745661099536
30,f11_schwefel_2_26,CMAES,12,10338.926634569641
30,f11_schwefel_2_26,CMAES,13,10133.689291651033
30,f11_schwefel_2_26,CMAES,14,10074.998652714514
30,f11_schwefel_2_26,CMAES,15,10217.951166178265
30,f11_schwefel_2_26,CMAES,16,10183.561925802844
30,f11_schwefel_2_26,CMAES,17,10012.266945385036
30,f11_schwefel_2_26,CMAES,18,10295.585272404234
30,f11_schwefel_2_26,CMAES,19,9600.0987556928
30,f12_styblinski_tang,CMAES,0,-1104.301375870705
30,f12_styblinski_tang,CMAES,1,-1104.301375870705
30,f12_styblinski_tang,CMAES,2,-1061.8912187252427
30,f12_styblinski_tang,CMAES,3,-1047.7544996767551
30,f12_styblinski_tang,CMAES,4,-1005.3443425312926
30,f12_styblinski_tang,CMAES,5,-1019.4810615797801
30,f12_styblinski_tang,CMAES,6,-1076.02793777373
30,f12_styblinski_tang,CMAES,7,-1019.4810615797801
30,f12_styblinski_tang,CMAES,8,-1061.8912187252427
30,f12_styblinski_tang,CMAES,9,-1061.8912187252427
30,f12_styblinski_tang,CMAES,10,-1076.0279377737302
30,f12_styblinski_tang,CMAES,11,-1047.7544996767551
30,f12_styblinski_tang,CMAES,12,-1076.02793777373
30,f12_styblinski_tang,CMAES,13,-1019.4810615797801
30,f12_styblinski_tang,CMAES,14,-1019.4810615797801
30,f12_styblinski_tang,CMAES,15,-991.2076234828053
30,f12_styblinski_tang,CMAES,16,-1061.8912187252427
30,f12_styblinski_tang,CMAES,17,-1033.6177806282676
30,f12_styblinski_tang,CMAES,18,-1076.02793777373
30,f12_styblinski_tang,CMAES,19,-1033.6177806282676
30,f13_michalewicz,CMAES,0,-6.676633272374547
30,f13_michalewicz,CMAES,1,-7.013184798809741
30,f13_michalewicz,CMAES,2,-9.293427281601094
30,f13_michalewicz,CMAES,3,-7.059567105504602
30,f13_michalewicz,CMAES,4,-7.33195244723114
30,f13_michalewicz,CMAES,5,-8.159709935059169
30,f13_michalewicz,CMAES,6,-7.462763050014427
30,f13_michalewicz,CMAES,7,-9.31004317181035
30,f13_michalewicz,CMAES,8,-9.091975964949222
30,f13_michalewicz,CMAES,9,-6.196788397012644
30,f13_michalewicz,CMAES,10,-8.868385473753237
30,f13_michalewicz,CMAES,11,-6.920717336855032
30,f13_michalewicz,CMAES,12,-8.75385986969877
30,f13_michalewicz,CMAES,13,-6.985465794107558
30,f13_michalewicz,CMAES,14,-9.504398140524847
30,f13_michalewicz,CMAES,15,-5.8545874533907485
30,f13_michalewicz,CMAES,16,-8.519930391706938
30,f13_michalewicz,CMAES,17,-9.038890672318427
30,f13_michalewicz,CMAES,18,-7.889362772452848
30,f13_michalewicz,CMAES,19,-10.267065311159906
30,f14_alpine_1,CMAES,0,6.402761741824186
30,f14_alpine_1,CMAES,1,0.005803588654229659
30,f14_alpine_1,CMAES,2,4.462251270061598e-05
30,f14_alpine_1,CMAES,3,7.352654590721207e-08
30,f14_alpine_1,CMAES,4,0.0025515818323421833
30,f14_alpine_1,CMAES,5,0.3416921364322897
30,f14_alpine_1,CMAES,6,0.0022578757820457688
30,f14_alpine_1,CMAES,7,4.418303450870824e-08
30,f14_alpine_1,CMAES,8,0.29729760877228123
30,f14_alpine_1,CMAES,9,0.006244283920092281
30,f14_alpine_1,CMAES,10,2.241427778914796e-06
30,f14_alpine_1,CMAES,11,1.6898128865373657e-08
30,f14_alpine_1,CMAES,12,0.44787387355828207
30,f14_alpine_1,CMAES,13,7.421159494133488e-06
30,f14_alpine_1,CMAES,14,3.319909444687146e-08
30,f14_alpine_1,CMAES,15,1.8831037531474922e-08
30,f14_alpine_1,CMAES,16,0.0024950494429783867
30,f14_alpine_1,CMAES,17,3.4051117504259915e-08
30,f14_alpine_1,CMAES,18,2.2080418675884164e-08
30,f14_alpine_1,CMAES,19,1.6517423998630107e-08
30,f15_happy_cat,CMAES,0,0.24871022462633596
30,f15_happy_cat,CMAES,1,0.22304911216882162
30,f15_happy_cat,CMAES,2,0.1678955234426348
30,f15_happy_cat,CMAES,3,0.1929710443222919
30,f15_happy_cat,CMAES,4,0.24951404575433378
30,f15_happy_cat,CMAES,5,0.1787536474462949
30,f15_happy_cat,CMAES,6,0.24171040510397823
30,f15_happy_cat,CMAES,7,0.24934405155179107
30,f15_happy_cat,CMAES,8,0.13903267044647644
30,f15_happy_cat,CMAES,9,0.17221056167613513
30,f15_happy_cat,CMAES,10,0.15687373863113746
30,f15_happy_cat,CMAES,11,0.2651125050111661
30,f15_happy_cat,CMAES,12,0.25395620373271977
30,f15_happy_cat,CMAES,13,0.1986068730509286
30,f15_happy_cat,CMAES,14,0.2416472345807048
30,f15_happy_cat,CMAES,15,0.27431840742803576
30,f15_happy_cat,CMAES,16,0.17899813500821782
30,f15_happy_cat,CMAES,17,0.22013051809609574
30,f15_happy_cat,CMAES,18,0.20173926019871286
30,f15_happy_cat,CMAES,19,0.23928711319969131
30,f16_hgbat,CMAES,0,0.5043631235264673
30,f16_hgbat,CMAES,1,0.499892105763866
30,f16_hgbat,CMAES,2,0.4347984708326086
30,f16_hgbat,CMAES,3,0.4064631172098748
30,f16_hgbat,CMAES,4,0.5414243032550512
30,f16_hgbat,CMAES,5,0.5287625545257305
30,f16_hgbat,CMAES,6,0.4516721601627113
30,f16_hgbat,CMAES,7,0.47467267016122233
30,f16_hgbat,CMAES,8,0.6536140608533627
30,f16_hgbat,CMAES,9,0.45895073052483704
30,f16_hgbat,CMAES,10,0.4073142452367815
30,f16_hgbat,CMAES,11,0.558051969870142
30,f16_hgbat,CMAES,12,0.3918009051947231
30,f16_hgbat,CMAES,13,0.42340376445302763
30,f16_hgbat,CMAES,14,0.3981162889607125
30,f16_hgbat,CMAES,15,0.5146751942316456
30,f16_hgbat,CMAES,16,0.43763189560876736
30,f16_hgbat,CMAES,17,0.5176403143860551
30,f16_hgbat,CMAES,18,0.5754035315016885
30,f16_hgbat,CMAES,19,0.5211495404096074
30,f17_bent_cigar,CMAES,0,2.0665831143011646
30,f17_bent_cigar,CMAES,1,0.6132124185048478
30,f17_bent_cigar,CMAES,2,4.5881746377858095
30,f17_bent_cigar,CMAES,3,3.1308864215291834
30,f17_bent_cigar,CMAES,4,32.13312464401935
30,f17_bent_cigar,CMAES,5,2.7389384749758046
30,f17_bent_cigar,CMAES,6,6.626982216438982
30,f17_bent_cigar,CMAES,7,5.340218747918976
30,f17_bent_cigar,CMAES,8,18.59551795133431
30,f17_bent_cigar,CMAES,9,1.9551306881301562
30,f17_bent_cigar,CMAES,10,2.0206010757900623
30,f17_bent_cigar,CMAES,11,8.948802798429247
30,f17_bent_cigar,CMAES,12,0.4635595741629238
30,f17_bent_cigar,CMAES,13,2.629392871576792
30,f17_bent_cigar,CMAES,14,6.912845002320733
30,f17_bent_cigar,CMAES,15,0.8692540869694836
30,f17_bent_cigar,CMAES,16,2.0998409539655167
30,f17_bent_cigar,CMAES,17,3.0161017632025358
30,f17_bent_cigar,CMAES,18,1.2208348180385893
30,f17_bent_cigar,CMAES,19,0.8443074965475699
30,f18_discus,CMAES,0,25919.848259657232
30,f18_discus,CMAES,1,17429.129393079093
30,f18_discus,CMAES,2,21995.94599918667
30,f18_discus,CMAES,3,10115.868433111993
30,f18_discus,CMAES,4,14830.225964519192
30,f18_discus,CMAES,5,54296.634444335854
30,f18_discus,CMAES,6,18202.42854105586
30,f18_discus,CMAES,7,30863.20812780097
30,f18_discus,CMAES,8,22702.617483918097
30,f18_discus,CMAES,9,24966.95511950573
30,f18_discus,CMAES,10,49360.96297036608
30,f18_discus,CMAES,11,9344.41112110161
30,f18_discus,CMAES,12,13616.550868637418
30,f18_discus,CMAES,13,24186.17181393541
30,f18_discus,CMAES,14,17811.741226939997
30,f18_discus,CMAES,15,13648.32045080417
30,f18_discus,CMAES,16,18222.18327204504
30,f18_discus,CMAES,17,26537.005951733747
30,f18_discus,CMAES,18,19285.650859291745
30,f18_discus,CMAES,19,21639.500615942674
30,f19_penalized_1,CMAES,0,9.229374806553137e-05
30,f19_penalized_1,CMAES,1,9.229301165247895e-05
30,f19_penalized_1,CMAES,2,9.229290178783912e-05
30,f19_penalized_1,CMAES,3,9.229375917390353e-05
30,f19_penalized_1,CMAES,4,9.229333284677028e-05
30,f19_penalized_1,CMAES,5,9.22938664213381e-05
30,f19_penalized_1,CMAES,6,9.229412909720227e-05
30,f19_penalized_1,CMAES,7,9.22930701789159e-05
30,f19_penalized_1,CMAES,8,9.229340514932161e-05
30,f19_penalized_1,CMAES,9,9.229364008305204e-05
30,f19_penalized_1,CMAES,10,9.229378460125807e-05
30,f19_penalized_1,CMAES,11,9.229362369280485e-05
30,f19_penalized_1,CMAES,12,9.229321221709588e-05
30,f19_penalized_1,CMAES,13,9.229332527521217e-05
30,f19_penalized_1,CMAES,14,9.22937972054306e-05
30,f19_penalized_1,CMAES,15,9.229383211158242e-05
30,f19_penalized_1,CMAES,16,9.229391735571067e-05
30,f19_penalized_1,CMAES,17,9.229311547754615e-05
30,f19_penalized_1,CMAES,18,9.229332289338796e-05
30,f19_penalized_1,CMAES,19,9.229328161376588e-05
30,f20_zakharov_2,CMAES,0,0.00018435905746795446
30,f20_zakharov_2,CMAES,1,0.0005037204533831685
30,f20_zakharov_2,CMAES,2,0.0005474812681512445
30,f20_zakharov_2,CMAES,3,0.000284872678136915
30,f20_zakharov_2,CMAES,4,0.0014879145109407054
30,f20_zakharov_2,CMAES,5,0.0007192696891195711
30,f20_zakharov_2,CMAES,6,0.0005930508429586321
30,f20_zakharov_2,CMAES,7,0.0007245266177643592
30,f20_zakharov_2,CMAES,8,0.0008185453699790214
30,f20_zakharov_2,CMAES,9,0.0013191487731170546
30,f20_zakharov_2,CMAES,10,0.0003511719519343024
30,f20_zakharov_2,CMAES,11,0.0001366329603984668
30,f20_zakharov_2,CMAES,12,0.0012151384686611014
30,f20_zakharov_2,CMAES,13,0.0006812171896839571
30,f20_zakharov_2,CMAES,14,0.000651205427976925
30,f20_zakharov_2,CMAES,15,0.000479348806411628
30,f20_zakharov_2,CMAES,16,0.0007356545812167974
30,f20_zakharov_2,CMAES,17,0.0022174887408301907
30,f20_zakharov_2,CMAES,18,0.0007510674816098433
30,f20_zakharov_2,CMAES,19,0.0002055821938173941
